樊晔,PER-A
李军,PER-A
吴健,PER-A
姚长清,PER-A
薛广志,PER-A
曹春昱,PER-A
柯桂苑,PER-A
顾斌,PER-A
夏仲昊,PER-A
李维维,PER-A
葛晓智,PER-A
周桂泉,PER-A
郑培敏,PER-A
曹中,PER-A
吕廷杰,PER-A
李志鹏,PER-A
郭忠,PER-A
李,PER-A
李兵,PER-A
吴慕涛,PER-A
秦庆华,PER-A
郑强,PER-A
张耀明,PER-A
冯宝珊,PER-A
李玉霞,PER-A
曹洪权,PER-A
邵蓉,PER-A
刘煊,PER-A
梁桂秋,PER-A
陈雪凤,PER-A
徐金发,PER-A
杨成森,PER-A
张一巍,PER-A
朱慈蕴,PER-A
陈,PER-A
陈庇昌,PER-A
蒋明刚,PER-A
许倩,PER-A
俞光耀,PER-A
曹海燕,PER-A
谭焕珠,PER-A
张慧,PER-A
李佳铭,PER-A
陆兆奎,PER-A
郭丽,PER-A
肖艳君,PER-A
隋玉民,PER-A
孙华,PER-A
李启盛,PER-A
刘孟林,PER-A
张辉,PER-A
张建平,PER-A
徐旭珠,PER-A
李旦生,PER-A
陈宝杰,PER-A
陈良训,PER-A
赵柏福,PER-A
吴邦明,PER-A
张崇滨,PER-A
吴国芝,PER-A
杨帆,PER-A
卓曦文,PER-A
徐勇,PER-A
郭章鹏,PER-A
刘平春,PER-A
张惠强,PER-A
范鸿贤,PER-A
杨振宇,PER-A
梁明煅,PER-A
陈平,PER-A
周伟兴,PER-A
刘道仁,PER-A
吴贵槐,PER-A
宋永红,PER-A
申小林,PER-A
管振毅,PER-A
刘凯风,PER-A
杨媛媛,PER-A
李滔,PER-A
赵成彦,PER-A
曹海峰,PER-A
孙向浩,PER-A
李礼辉,PER-A
贾志颖,PER-A
李建华,PER-A
陈醒,PER-A
胡立君,PER-A
陈彰清,PER-A
杨超,PER-A
严志荣,PER-A
魏毅军,PER-A
赵文权,PER-A
陈光优,PER-A
沈振云,PER-A
张振东,PER-A
孙大伟,PER-A
陈汉,PER-A
李令红,PER-A
陈华明,PER-A
邱九辉,PER-A
邱永宁,PER-A
张学斌,PER-A
杨黎升,PER-A
陈昆,PER-A
杨旭东,PER-A
吴国政,PER-A
马崇贤,PER-A
袁端淇,PER-A
李政,PER-A
袁中强,PER-A
陈振平,PER-A
李明山,PER-A
沈予方,PER-A
刘方权,PER-A
张逢春,PER-A
袁哲,PER-A
刘东,PER-A
张孟青,PER-A
顾敏,PER-A
朱天培,PER-A
李红旗,PER-A
刘向宁,PER-A
杨育红,PER-A
杨书剑,PER-A
陈信康,PER-A
赵永宏,PER-A
吕宏,PER-A
赵洁,PER-A
刘天倪,PER-A
李斐,PER-A
袁彪,PER-A
刘会生,PER-A
严昌来,PER-A
袁国强,PER-A
廖廷建,PER-A
虞兔良,PER-A
李国明,PER-A
王斌,PER-A
曾谦,PER-A
李跃昌,PER-A
曹润珊,PER-A
赵晋蓉,PER-A
吴安平,PER-A
李跃军,PER-A
魏永新,PER-A
耿佃杰,PER-A
汪群斌,PER-A
徐玉锁,PER-A
李永胜,PER-A
刘近荣,PER-A
刘瑞萍,PER-A
李晓擎,PER-A
李新宇,PER-A
张英惠,PER-A
蒯振宪,PER-A
赵国民,PER-A
袁宏林,PER-A
杨永圣,PER-A
万曾炜,PER-A
张伟夫,PER-A
王兆庆,PER-A
刘意,PER-A
杨越山,PER-A
赵沛,PER-A
王兆君,PER-A
赵瑞航,PER-A
郑长山,PER-A
陈方,PER-A
胡颖,PER-A
吴幼光,PER-A
袁,PER-A
邓一平,PER-A
刘晔,PER-A
李梅,PER-A
李恩明,PER-A
徐益民,PER-A
邓勇,PER-A
张洪发,PER-A
陈中革,PER-A
魏玲丽,PER-A
刘文忠,PER-A
孟颖超,PER-A
李超,PER-A
赵振营,PER-A
张宪华,PER-A
梁卓昭,PER-A
杨志友,PER-A
刘存方,PER-A
赵涛,PER-A
陈俊孟,PER-A
郑泗滨,PER-A
潘兴祥,PER-A
刘志坚,PER-A
梁仕念,PER-A
虞斌,PER-A
郑扬宏,PER-A
陈寿,PER-A
杨铁强,PER-A
蒋吉军,PER-A
林楚彬,PER-A
荆云涛,PER-A
吴建南,PER-A
杨小勇,PER-A
李东友,PER-A
朱小军,PER-A
刘恩孝,PER-A
沈灵佳,PER-A
李风东,PER-A
曾燕云,PER-A
房晓焱,PER-A
张铭杰,PER-A
陈光保,PER-A
刘春凤,PER-A
陈桂霞,PER-A
王宏伟,PER-A
蔡锦波,PER-A
李力,PER-A
吕丙芳,PER-A
姚方,PER-A
刘万赋,PER-A
刘凤山,PER-A
李新春,PER-A
郁武铮,PER-A
苏春轩,PER-A
朱小雄,PER-A
梁中华,PER-A
彭伟哲,PER-A
陈兰芬,PER-A
张德仲,PER-A
陈礼璠,PER-A
杨海江,PER-A
荆林波,PER-A
喻昌平,PER-A
杨春山,PER-A
张立鸿,PER-A
张忠,PER-A
康亚斌,PER-A
李国平,PER-A
王之钧,PER-A
刘强,PER-A
张殷,PER-A
李晓鹏,PER-A
陈栋梁,PER-A
李金明,PER-A
陈国宏,PER-A
郝彭,PER-A
张晓辉,PER-A
曹承鼎,PER-A
张敏康,PER-A
赵黎明,PER-A
孙喜田,PER-A
宋君恩,PER-A
张文斌,PER-A
吴仁铭,PER-A
孙黎明,PER-A
曲晓辉,PER-A
姚木成,PER-A
秦文莉,PER-A
刘志军,PER-A
蔡增正,PER-A
赵春年,PER-A
邓涛,PER-A
李文华,PER-A
陈倩,PER-A
张志宇,PER-A
谭秋斌,PER-A
栾永良,PER-A
胡三忠,PER-A
周兆雪,PER-A
陈斌,PER-A
赵霞,PER-A
张振生,PER-A
陈志华,PER-A
袁会琼,PER-A
龚建平,PER-A
张敷彪,PER-A
刘义传,PER-A
沈健斌,PER-A
杨莉,PER-A
刘丹萍,PER-A
张贻贵,PER-A
郑杏建,PER-A
侯玉清,PER-A
张凌,PER-A
朱军,PER-A
黎晓宏,PER-A
臧伟,PER-A
郭建堂,PER-A
袁怀中,PER-A
吴开贤,PER-A
杨启明,PER-A
朱培禄,PER-A
孙建华,PER-A
张嘉玲,PER-A
李国庆,PER-A
曹巍,PER-A
李江鹏,PER-A
李新胜,PER-A
陈福华,PER-A
曹旭,PER-A
陈淑兰,PER-A
张振武,PER-A
刘才庆,PER-A
蔡景章,PER-A
顾政巍,PER-A
潘玲曼,PER-A
陈力生,PER-A
张雁冰,PER-A
陈继勇,PER-A
蒋涵庭,PER-A
陈辉峰,PER-A
陈建防,PER-A
吴赞,PER-A
陈传贤,PER-A
王洵,PER-A
杨蔚东,PER-A
刘钊,PER-A
胡晓辉,PER-A
姚桂清,PER-A
徐凤江,PER-A
杨慧,PER-A
张叔良,PER-A
李钟民,PER-A
王玉田,PER-A
吴桥,PER-A
陈伟强,PER-A
周耀良,PER-A
王昌东,PER-A
吴明辉,PER-A
朱子君,PER-A
吴,PER-A
郝立华,PER-A
郑,PER-A
徐壮城,PER-A
刘治海,PER-A
李雅生,PER-A
谭力文,PER-A
吴光,PER-A
刘军,PER-A
刘马克,PER-A
杨奇逊,PER-A
赵伟,PER-A
曹国其,PER-A
李凤伟,PER-A
陈天立,PER-A
薛瑞勇,PER-A
凌伯辉,PER-A
李苏龙,PER-A
孙茜,PER-A
李华夏,PER-A
高靖桓,PER-A
李从容,PER-A
陈荣秋,PER-A
赵学,PER-A
蒋兴灿,PER-A
李仁虎,PER-A
姚越灿,PER-A
陈盟飞,PER-A
吴友富,PER-A
刘诚,PER-A
吴国森,PER-A
张大钰,PER-A
孙传尧,PER-A
吴解萍,PER-A
蔡景川,PER-A
刘昊维,PER-A
郑亿华,PER-A
马斌武,PER-A
朱舫,PER-A
严文俊,PER-A
刘蔚,PER-A
张磊乐,PER-A
吴胜军,PER-A
黄旭晖,PER-A
张泾生,PER-A
李峰,PER-A
陈江良,PER-A
冯淑华,PER-A
李世壮,PER-A
王焕然,PER-A
赵燕红,PER-A
黎燕红,PER-A
杨俊,PER-A
彭珏,PER-A
张广智,PER-A
赵勇敏,PER-A
李宏,PER-A
陈永愉,PER-A
邵毅平,PER-A
徐炳祥,PER-A
翟凤银,PER-A
孙喆浩,PER-A
张建民,PER-A
李耀基,PER-A
王笃祥,PER-A
王素玲,PER-A
何祥兴,PER-A
赵景华,PER-A
杨建萍,PER-A
谢永林,PER-A
蔡炬怡,PER-A
顾建国,PER-A
冯莉莉,PER-A
吴重阳,PER-A
张晓荣,PER-A
孙新虎,PER-A
孙永法,PER-A
徐兵,PER-A
戴杨,PER-A
徐智麟,PER-A
曾嵘,PER-A
刘河,PER-A
邵淑婉,PER-A
李祥玉,PER-A
朱兆麒,PER-A
邵瑞庆,PER-A
蒋敏玲,PER-A
张启銮,PER-A
李英杰,PER-A
杨,PER-A
杨稔年,PER-A
刘时祯,PER-A
杨掌怀,PER-A
杨丽云,PER-A
郑世伟,PER-A
杨明才,PER-A
刘韵洁,PER-A
吴伟钢,PER-A
李祥凌,PER-A
蔡辉益,PER-A
徐聆,PER-A
陈云峰,PER-A
胡曙光,PER-A
覃清元,PER-A
田承明,PER-A
徐焕俊,PER-A
龙肇辉,PER-A
赵斌,PER-A
梁锦棋,PER-A
覃丽芳,PER-A
秦宏武,PER-A
樊燕,PER-A
徐志翰,PER-A
徐尚林,PER-A
唐泓,PER-A
张彬贤,PER-A
丁凌烨,PER-A
刘志敏,PER-A
袁志刚,PER-A
杨芳,PER-A
王毅刚,PER-A
沈国泉,PER-A
赵小青,PER-A
陈启卫,PER-A
吴赞平,PER-A
蒋毅,PER-A
张焱,PER-A
徐开先,PER-A
刘华蓉,PER-A
蒋艺,PER-A
俞立,PER-A
孙伟强,PER-A
刘振宇,PER-A
孙忠义,PER-A
李长俊,PER-A
傅祖平,PER-A
张兆善,PER-A
李波,PER-A
李俊峰,PER-A
邱惠清,PER-A
李罗生,PER-A
傅伟,PER-A
刘绪芳,PER-A
陈学军,PER-A
龚少晖,PER-A
董焱,PER-A
杨红帆,PER-A
刘军凯,PER-A
李健,PER-A
梁桂添,PER-A
赵智文,PER-A
吴建敏,PER-A
陈步林,PER-A
陈海明,PER-A
王文霞,PER-A
李中,PER-A
杨艳萍,PER-A
郑志华,PER-A
马俊霞,PER-A
刘岚,PER-A
彭毅,PER-A
杨兴全,PER-A
杨春枝,PER-A
刘曙光,PER-A
李秦生,PER-A
曹国华,PER-A
赵,PER-A
熊澄宇,PER-A
朱国章,PER-A
邓荔遐,PER-A
李文兴,PER-A
刘国平,PER-A
开晓彬,PER-A
韩文武,PER-A
赵志锠,PER-A
李水荣,PER-A
袁湛,PER-A
李云章,PER-A
林万祥,PER-A
陈艳,PER-A
陈爽,PER-A
张天宇,PER-A
李宾,PER-A
李建伟,PER-A
张文春,PER-A
刘斌,PER-A
邱政,PER-A
胡北忠,PER-A
吕晓明,PER-A
张莹升,PER-A
张新泽,PER-A
刘,PER-A
罗利成,PER-B
阎前,PER-B
祖国,PER-B
叶明星,PER-B
兰国政,PER-B
马忠礼,PER-B
潘峰,PER-B
周润南,PER-B
林生策,PER-B
唐宁,PER-B
张同松,PER-B
张赤雷,PER-B
龚高,PER-B
许红超,PER-B
舒涛,PER-B
徐菲,PER-B
兰庆民,PER-B
吕先锫,PER-B
赖国华,PER-B
奎伟,PER-B
华伟,PER-B
戴青,PER-B
黄树喜,PER-B
杨威,PER-B
孙利明,PER-B
白有忠,PER-B
张美文,PER-B
肖壮勇,PER-B
米海祥,PER-B
占磊,PER-B
敖治平,PER-B
沈明,PER-B
何梅芬,PER-B
陆建峰,PER-B
唐福生,PER-B
佘志莉,PER-B
张跃,PER-B
雷声洪,PER-B
程家安,PER-B
王凤仙,PER-B
曲云虹,PER-B
孟杰,PER-B
任随安,PER-B
王铁明,PER-B
任兴洲,PER-B
于建全,PER-B
常晓波,PER-B
陆江,PER-B
丁爱兵,PER-B
中山太郎,PER-B
石红艳,PER-B
王时中,PER-B
杜少先,PER-B
王阿明,PER-B
史晋京,PER-B
张亚平,PER-B
谢名优,PER-B
熊必琳,PER-B
周程爱,PER-B
卢立新,PER-B
何曲,PER-B
耿加怀,PER-B
潘平,PER-B
胡本源,PER-B
乔小明,PER-B
王学闻,PER-B
张元领,PER-B
张秋贵,PER-B
邹兰,PER-B
马兴亚,PER-B
葛均友,PER-B
卢建华,PER-B
尤福永,PER-B
小六修一郎,PER-B
林江南,PER-B
石卫,PER-B
张建福,PER-B
寻冬生,PER-B
左爱军,PER-B
王敏,PER-B
陆志强,PER-B
王建华,PER-B
谈锋,PER-B
周博,PER-B
方驰,PER-B
程则虎,PER-B
杜新民,PER-B
周新兵,PER-B
汤建华,PER-B
卢楚隆,PER-B
舒适广,PER-B
高树林,PER-B
高锦芬,PER-B
薛崐,PER-B
管,PER-B
叶志超,PER-B
喻陆,PER-B
龙云刚,PER-B
卢林,PER-B
王照生,PER-B
张礼进,PER-B
盛志豪,PER-B
苏壮强,PER-B
樊军,PER-B
于学东,PER-B
王东,PER-B
吕学强,PER-B
赏冠军,PER-B
张杰,PER-B
魏永,PER-B
宋学勇,PER-B
王方明,PER-B
王坚能,PER-B
黄生荣,PER-B
何维嘉,PER-B
方慎非,PER-B
盛毅,PER-B
付万君,PER-B
马挺贵,PER-B
张军,PER-B
王洋,PER-B
汤民强,PER-B
王振刚,PER-B
于广勇,PER-B
牛海艇,PER-B
孟建新,PER-B
周和华,PER-B
陈占飞,PER-B
包炜堂,PER-B
骆飞,PER-B
韩复龄,PER-B
段连吉,PER-B
侯功海,PER-B
符冬,PER-B
季茜,PER-B
毛幼平,PER-B
王,PER-B
高,PER-B
丁靖国,PER-B
孙治成,PER-B
陈烘,PER-B
高同国,PER-B
林少明,PER-B
唐国平,PER-B
夏峰,PER-B
戚亚红,PER-B
彭建波,PER-B
唐少文,PER-B
丁衬欢,PER-B
马强,PER-B
谢孔标,PER-B
张立和,PER-B
顾,PER-B
吴力,PER-B
崔建明,PER-B
白维,PER-B
宋深海,PER-B
朱平礼,PER-B
王明中,PER-B
王予省,PER-B
冯国泰,PER-B
张万山,PER-B
顾启峰,PER-B
章小龙,PER-B
乐湘安,PER-B
康玉星,PER-B
曾雪琴,PER-B
李士训,PER-B
石海宁,PER-B
王醒,PER-B
许秋华,PER-B
林金和,PER-B
闵勇,PER-B
司增勤,PER-B
韩公博,PER-B
孙亚明,PER-B
王宏军,PER-B
唐,PER-B
秦和清,PER-B
耿,PER-B
罗凌,PER-B
兰正恩,PER-B
焦迎光,PER-B
夏玉龙,PER-B
任建成,PER-B
欧炯实,PER-B
万毅,PER-B
邓中富,PER-B
裘伟强,PER-B
丁文艺,PER-B
黄学敏,PER-B
陈伯富,PER-B
汪,PER-B
王昕,PER-B
黄仕群,PER-B
王北婴,PER-B
魏立军,PER-B
张丰年,PER-B
方敏宗,PER-B
方培琦,PER-B
龙凤鸣,PER-B
何刚,PER-B
连维新,PER-B
张家明,PER-B
任晓常,PER-B
姜华方,PER-B
白,PER-B
戴大双,PER-B
马国鑫,PER-B
李海鹰,PER-B
司国晨,PER-B
贡华章,PER-B
温萍,PER-B
马建伟,PER-B
楚国志,PER-B
毛文群,PER-B
彭国泉,PER-B
钱美芳,PER-B
钟明强,PER-B
林福臣,PER-B
孟庆山,PER-B
方夕刚,PER-B
吉冬梅,PER-B
戴佐军,PER-B
魏华德,PER-B
谢获宝,PER-B
郜卫华,PER-B
毛育铭,PER-B
邬红华,PER-B
钟表,PER-B
方琳,PER-B
凌,PER-B
丁,PER-B
贾一览,PER-B
张秀生,PER-B
孙凯,PER-B
韩豫,PER-B
林乐清,PER-B
高圣平,PER-B
鲍涌波,PER-B
王武龙,PER-B
罗世容,PER-B
方兆本,PER-B
丁笑,PER-B
戴智,PER-B
卢立勇,PER-B
林松生,PER-B
金德环,PER-B
孔祥征,PER-B
常建良,PER-B
陈作习,PER-B
王晓东,PER-B
朱润资,PER-B
夏朝怡,PER-B
丁昀,PER-B
董刚,PER-B
潘亚敏,PER-B
涂善忠,PER-B
彭纯,PER-B
祝鹏,PER-B
肖荣,PER-B
童志胜,PER-B
谢中华,PER-B
张小静,PER-B
张广生,PER-B
汤巨祥,PER-B
金向宝,PER-B
王桂生,PER-B
鲍臻湧,PER-B
范震东,PER-B
王江安,PER-B
骆百能,PER-B
王景升,PER-B
翟大福,PER-B
胡波,PER-B
王文杰,PER-B
高欣,PER-B
雷蕾,PER-B
张宏鹰,PER-B
薛玫,PER-B
黄龙德,PER-B
胡钢亮,PER-B
黄锦官,PER-B
黄国安,PER-B
肖笛波,PER-B
张雨歌,PER-B
柳振江,PER-B
范五亭,PER-B
罗祝平,PER-B
高力生,PER-B
张蕊,PER-B
冯冠平,PER-B
王贵生,PER-B
张乐鸣,PER-B
彭,PER-B
林义相,PER-B
许炎平,PER-B
王金书,PER-B
丁吉,PER-B
周逸群,PER-B
方秀华,PER-B
胡奎,PER-B
王一宁,PER-B
任宇光,PER-B
陆长荣,PER-B
黄,PER-B
马磊,PER-B
仝凤广,PER-B
陈一欢,PER-B
韩震东,PER-B
荣幸华,PER-B
孙降龙,PER-B
于恩军,PER-B
肖春华,PER-B
麻伯平,PER-B
王卫红,PER-B
吴海波,PER-B
罗会榕,PER-B
屈伟华,PER-B
蒲承民,PER-B
胡刚,PER-B
丘炜,PER-B
王友权,PER-B
付汉江,PER-B
黄锦波,PER-B
段威,PER-B
朱学军,PER-B
于剑波,PER-B
谢明允,PER-B
佗文汉,PER-B
贾建军,PER-B
史,PER-B
管一民,PER-B
赫崇明,PER-B
谢东城,PER-B
张克勤,PER-B
武佩雄,PER-B
唐长虹,PER-B
徐献礼,PER-B
齐东绮,PER-B
张国柱,PER-B
庞伟民,PER-B
梁津明,PER-B
万启成,PER-B
肖松,PER-B
周,PER-B
高忠,PER-B
吴鹰,PER-B
马,PER-B
孟建立,PER-B
倪为民,PER-B
任有法,PER-B
申林,PER-B
邹健中,PER-B
王彦亮,PER-B
岳建水,PER-B
陆治明,PER-B
江树邦,PER-B
孙凯捷,PER-B
闻建中,PER-B
黄宁宅,PER-B
钱森力,PER-B
金月芳,PER-B
周益明,PER-B
王全喜,PER-B
霍广华,PER-B
宋权礼,PER-B
吕厚军,PER-B
付宇卓,PER-B
吉兴军,PER-B
冀树军,PER-B
王苏生,PER-B
王志新,PER-B
林海,PER-B
喻晓春,PER-B
张原,PER-B
柴强,PER-B
黄忠和,PER-B
姜雨松,PER-B
钟荣光,PER-B
向左云,PER-B
曹海成,PER-B
何次琴,PER-B
游善芬,PER-B
高海龙,PER-B
申万秋,PER-B
白永强,PER-B
王秋霜,PER-B
范志伟,PER-B
罗,PER-B
汪国春,PER-B
孙,PER-B
王有为,PER-B
韩保新,PER-B
付瑞军,PER-B
曲禄生,PER-B
方卫英,PER-B
龙泉,PER-B
霍美英,PER-B
高正平,PER-B
罗玫,PER-B
张翼,PER-B
魏相永,PER-B
范小平,PER-B
张,PER-B
易武,PER-B
黄南山,PER-B
郑保安,PER-B
王宛山,PER-B
王勇,PER-B
乐嘉明,PER-B
王伟东,PER-B
高涛,PER-B
韩江龙,PER-B
龙伟,PER-B
崔勇,PER-B
黄颂恩,PER-B
易睿,PER-B
徐世森,PER-B
郝敬开,PER-B
朱群芬,PER-B
苏红,PER-B
汤德平,PER-B
谢敏,PER-B
王宗军,PER-B
韩雪,PER-B
高其品,PER-B
高峰,PER-B
佘建,PER-B
谢卫东,PER-B
师志刚,PER-B
戴波,PER-B
龙虹,PER-B
何三星,PER-B
吴纹,PER-B
干勇,PER-B
鞠在云,PER-B
张学军,PER-B
陶正利,PER-B
张航,PER-B
汪春华,PER-B
罗筱溪,PER-B
姜少军,PER-B
闫建平,PER-B
高利民,PER-B
孙醒,PER-B
金立山,PER-B
崔基道,PER-B
张佐刚,PER-B
杜凡,PER-B
黄建,PER-B
董明,PER-B
马开翔,PER-B
夏小强,PER-B
马武,PER-B
冯元发,PER-B
方翥,PER-B
王黄来,PER-B
梁侠,PER-B
肖寒梅,PER-B
程文旦,PER-B
肖红,PER-B
金美欧,PER-B
雷自力,PER-B
戴红兵,PER-B
黄教授,PER-B
任家国,PER-B
孙有文,PER-B
段志平,PER-B
苏洋,PER-B
何腾国,PER-B
马红星,PER-B
林钟高,PER-B
马西庆,PER-B
闻连茹,PER-B
黄金陵,PER-B
唐根初,PER-B
于东,PER-B
怀进鹏,PER-B
徐兰,PER-B
黄卫东,PER-B
申萍,PER-B
孙红,PER-B
彭少民,PER-B
王玉,PER-B
雷霞,PER-B
王丽梅,PER-B
程凡贵,PER-B
张凯,PER-B
程友海,PER-B
石英,PER-B
丁安华,PER-B
程少博,PER-B
季贵荣,PER-B
高德柱,PER-B
周云,PER-B
黄永锡,PER-B
黄家学,PER-B
穆学奎,PER-B
周舟,PER-B
由立明,PER-B
匡献平,PER-B
吕剑,PER-B
段继东,PER-B
王跃堂,PER-B
王成义,PER-B
荣森林,PER-B
贺竹磬,PER-B
唐劲然,PER-B
姚,PER-B
仇成丰,PER-B
贝政新,PER-B
卢明,PER-B
张卫国,PER-B
张长安,PER-B
夏茂,PER-B
高勇,PER-B
曲锋,PER-B
罗军,PER-B
黄涛,PER-B
王荣海,PER-B
尚兴中,PER-B
JerryMa,PER-C
StephenBird,PER-C
TARONAKAYAMA,PER-C
CarolleePedersen,PER-C
StephenLong,PER-C
艾力·巴拉提,PER-D
艾依热提·麦麦提吐尔逊,PER-D
阿肖克·阿格瓦,PER-D
