温州,LOC-A
街道,LOC-A
广州,LOC-A
祖国,LOC-A
闽江,LOC-A
莱博镇,LOC-A
韩国,LOC-A
厦门,LOC-A
县区,LOC-A
咸阳,LOC-A
徐州,LOC-A
华兴,LOC-A
北京,LOC-A
广西,LOC-A
纽约市,LOC-A
河北,LOC-A
广东,LOC-A
芜湖,LOC-A
丽江,LOC-A
湖南,LOC-A
羊湖,LOC-A
河南,LOC-A
宁波海曙,LOC-A
簋街,LOC-A
泸州,LOC-A
永吉县,LOC-A
唐人街,LOC-A
深圳,LOC-A
郑州市,LOC-A
江南,LOC-A
鑫江,LOC-A
东营区,LOC-A
南宁站,LOC-A
深圳市,LOC-A
惠阳,LOC-A
南都,LOC-A
绵阳,LOC-A
大街,LOC-A
泰国,LOC-A
城市,LOC-A
海淀,LOC-A
苏州,LOC-A
海南,LOC-A
长街,LOC-A
德国,LOC-A
宁波,LOC-A
晋祠,LOC-A
沧海路,LOC-A
武汉,LOC-A
西子湖,LOC-A
伟州,LOC-A
中国,LOC-A
南宁市,LOC-A
南海,LOC-A
安南区,LOC-A
台南市,LOC-A
吉林省,LOC-A
杭州,LOC-A
西湖,LOC-A
绍兴,LOC-A
镇海,LOC-A
荔波,LOC-A
南京白局,LOC-A
全县,LOC-A
南京,LOC-A
台湾,LOC-A
张家川县,LOC-A
万荣县,LOC-A
东莞,LOC-A
江苏,LOC-A
长沙,LOC-B
西堤,LOC-B
露梁,LOC-B
法国,LOC-B
巷尾,LOC-B
黄埔,LOC-B
定安,LOC-B
宾馆,LOC-B
晓庄,LOC-B
亚耳,LOC-B
动物园,LOC-B
石桥,LOC-B
街角,LOC-B
郊区,LOC-B
家园,LOC-B
纽约,LOC-B
丰台,LOC-B
新台门,LOC-B
重庆,LOC-B
新家园,LOC-B
嘉鱼,LOC-B
澳洲,LOC-B
伦敦,LOC-B
韩国我,LOC-B
电器城,LOC-B
船票点,LOC-B
山西,LOC-B
黄浦,LOC-B
拱桥,LOC-B
荷兰,LOC-B
雅典,LOC-B
雅安,LOC-B
全国,LOC-B
新乡,LOC-B
合肥,LOC-B
屋顶,LOC-B
山东,LOC-B
游乐园,LOC-B
米国,LOC-B
大地,LOC-B
那座山,LOC-B
家,LOC-B
社区,LOC-B
大的路,LOC-B
日,LOC-B
娘家,LOC-B
宿舍,LOC-B
意大利,LOC-B
巴黎,LOC-B
东营,LOC-B
室内,LOC-B
火洲,LOC-B
吉林,LOC-B
枣在,LOC-B
银泰店,LOC-B
药铺,LOC-B
台灣,LOC-B
书房,LOC-B
利物浦,LOC-B
门口,LOC-B
街头,LOC-B
小区,LOC-B
寺庙,LOC-B
好莱坞,LOC-B
丘综,LOC-B
美国,LOC-B
巴西,LOC-B
校园,LOC-B
万荣,LOC-B
寺,LOC-B
我家,LOC-B
坟墓,LOC-B
昆明,LOC-B
小姨家,LOC-B
日内瓦,LOC-B
当铺,LOC-B
朝鲜,LOC-B
哈市,LOC-B
波城,LOC-B
美,LOC-B
米泉,LOC-B
交河,LOC-B
金陵,LOC-B
机场,LOC-B
青岛,LOC-B
浦东,LOC-B
桂林,LOC-B
加拿大,LOC-B
淡水,LOC-B
上海,LOC-B
异国,LOC-B
路口,LOC-B
安全岛,LOC-B
城塞,LOC-B
大连,LOC-B
英国,LOC-B
办公室,LOC-B
瑞士,LOC-B
赞比亚,LOC-B
桥,LOC-B
寝室,LOC-B
屿岛,LOC-B
成都,LOC-B
欧,LOC-B
日本,LOC-B
餐厅,LOC-B
亚洲,LOC-B
香港,LOC-B
小特,LOC-B
金银岛,LOC-B
古城塞,LOC-B
国家,LOC-B
外婆家,LOC-B
紫玉山庄,LOC-C
高速公路,LOC-C
阿里山休园,LOC-C
高宝河谷,LOC-C
三座大山,LOC-C
潼关古城,LOC-C
幽灵鬼怪之地,LOC-C
虹口龙之梦店,LOC-C
长辛店街道,LOC-C
滨江森林公园,LOC-C
太阳宫足球场,LOC-C
百丈东路,LOC-C
华克山庄,LOC-C
东西大道,LOC-C
云台山,LOC-C
悟智乐园,LOC-C
百草园,LOC-C
朝阳公园,LOC-C
周家老台门,LOC-C
客餐厅间,LOC-C
霞关码头大广场,LOC-C
家门口楼道,LOC-C
和泰家园,LOC-C
千岛湖,LOC-C
三味书屋,LOC-C
茶餐厅,LOC-C
束河古镇,LOC-C
火焰山,LOC-C
谷梦瑶,LOC-C
光明里社区,LOC-C
平洲玉器街,LOC-C
大峡谷,LOC-C
彩虹桥,LOC-C
梦幻水岸,LOC-C
红磨坊,LOC-C
白云山,LOC-C
龙门石窟,LOC-C
惠新旗舰店,LOC-C
出租屋,LOC-C
汉口站,LOC-C
大门口南侧,LOC-C
俄罗斯,LOC-D
迈阿密海滩,LOC-D
普罗旺斯省,LOC-D
加勒比,LOC-D
奥林匹克公园,LOC-D
乌克兰,LOC-D
马拉维,LOC-D
阿拉伯马,LOC-D
希尔顿,LOC-D
吐鲁番,LOC-D
阿拉斯加,LOC-D
普罗旺斯,LOC-D
普陀西区,LOC-D
大连阿尔滨,LOC-D
罗拉,LOC-D
阿拉伯,LOC-D
鲁迅故里,LOC-D
波城古堡,LOC-D
哈尔滨,LOC-D
纳什维尔,LOC-D
