三星,ORG-A
美团,ORG-A
汉丽宝,ORG-A
央视,ORG-A
新浪台灣娛樂,ORG-A
金钱豹,ORG-A
卫生部,ORG-A
免税店,ORG-A
倍思特,ORG-A
分行,ORG-A
360,ORG-A
中醫藥緣雜誌,ORG-A
学校,ORG-A
博物馆,ORG-A
级工管,ORG-A
淘宝,ORG-A
恒大,ORG-A
海尔,ORG-A
主办方,ORG-A
SM新女团,ORG-A
水星家纺,ORG-A
迅雷,ORG-A
小南国,ORG-A
华为,ORG-A
土豆网,ORG-A
天猫,ORG-A
居委会,ORG-A
单位,ORG-A
水上市场,ORG-A
苏宁,ORG-A
新明珠,ORG-A
中原地产,ORG-A
肯德基,ORG-A
医院,ORG-A
大学,ORG-A
三班,ORG-A
招行,ORG-A
浸水社区,ORG-A
读者,ORG-A
聚美优品,ORG-A
铁道部,ORG-A
乐影网,ORG-A
超市,ORG-A
驾校,ORG-A
国美,ORG-A
商家,ORG-A
公司,ORG-A
好特会,ORG-A
丐帮,ORG-A
亚马逊,ORG-A
幼儿园,ORG-A
西电,ORG-A
华师头条,ORG-A
地税,ORG-A
宠物中心,ORG-A
度藝人大賞票選,ORG-A
政府,ORG-A
苹果,ORG-A
中学,ORG-A
公安局,ORG-A
妇联,ORG-A
晚报网,ORG-A
酒店,ORG-A
新浪,ORG-A
百度,ORG-A
发改委,ORG-A
淘宝网,ORG-A
腾讯,ORG-A
小丁,ORG-A
潜溪寺,ORG-A
国安,ORG-A
校园,ORG-A
重医,ORG-A
每日邮报,ORG-A
建行,ORG-A
联想,ORG-A
阳光百货,ORG-A
三河一中,ORG-A
中原,ORG-A
财经网,ORG-A
美的,ORG-A
小学,ORG-A
电信,ORG-A
初中,ORG-A
美容院,ORG-A
葭麗秀,ORG-A
老板电器,ORG-A
三星电子,ORG-A
诺基亚,ORG-A
央企,ORG-A
曼联,ORG-A
匹克,ORG-A
麦当劳,ORG-A
黑美人,ORG-A
国丹,ORG-A
女团,ORG-A
图书馆,ORG-A
家乐福,ORG-A
京东,ORG-A
粉丝们,ORG-A
高通,ORG-A
360产品,ORG-A
国足,ORG-A
人社局,ORG-A
后援会,ORG-A
团体,ORG-A
武大,ORG-A
婚纱店,ORG-A
跳蚤市场,ORG-A
广播台,ORG-A
比斯特,ORG-A
安卓,ORG-A
天文馆,ORG-A
工美,ORG-A
光大银行,ORG-A
官府,ORG-A
领导,ORG-A
高中,ORG-A
米线店,ORG-A
风行网,ORG-A
金玉缘,ORG-A
爱奇艺,ORG-A
九班,ORG-A
快乐女声,ORG-B
华工资讯,ORG-B
思念公司,ORG-B
动漫时尚街,ORG-B
爱心宠物医院,ORG-B
西山居发号中心,ORG-B
虹口龙之梦店,ORG-B
伯明翰小胖车服,ORG-B
儿童福利院,ORG-B
红美商城-苏州站,ORG-B
逸林酒店,ORG-B
广播电视台,ORG-B
美丽说福利社,ORG-B
宁波海曙,ORG-B
金玉缘婚礼,ORG-B
苏宁易购,ORG-B
南宁巴黎婚纱,ORG-B
红美商城,ORG-B
儿童感觉美术馆,ORG-B
财经政法,ORG-B
花开公司,ORG-B
浙江大学,ORG-B
梦科商城,ORG-B
安大略省,ORG-B
时尚奇趣馆,ORG-B
普通公司,ORG-B
友爱医院,ORG-B
性博物馆,ORG-B
致悦驾期,ORG-B
阳光西餐厅,ORG-B
华农微新闻,ORG-B
创业家杂志,ORG-B
通惠医院,ORG-B
翼想天开工作室,ORG-B
酒酿园子铺,ORG-B
东南汽车,ORG-B
湖南电视媒体,ORG-B
孟小帅沈阳店,ORG-B
联通沃门户,ORG-B
暨南学生报,ORG-B
时代电影大世界,ORG-B
瀋陽皇朝萬鑫酒店,ORG-B
望康动物医院,ORG-B
文艺公司,ORG-B
韩都衣舍,ORG-B
阿里巴巴,ORG-B
创艺宝贝早教,ORG-B
快乐大本营,ORG-B
央视新闻,ORG-B
中华航空,ORG-B
武教国际,ORG-B
流浪狗驿站,ORG-B
御香君旗舰店,ORG-B
黔源电力,ORG-B
格瑞卫康,ORG-B
钱柜惠新旗舰店,ORG-B
西南广厦,ORG-B
香丽源店,ORG-B
湘潭大学生联盟,ORG-B
从化资讯网,ORG-B
洲际度假酒店,ORG-B
兰卡斯特大学,ORG-B
安大略省旅游局,ORG-B
奥林巴斯公益,ORG-B
时报公司,ORG-B
肝病治疗中心,ORG-B
京东商城,ORG-B
土豪公司,ORG-B
代悦新闻社,ORG-B
世界经济论坛,ORG-B
声音法治周刊,ORG-B
安帕瓦水上市场,ORG-B
华工微博协会,ORG-B
iphone5,ORG-C
Big,ORG-C
ESPN卫视,ORG-C
wok,ORG-C
KFC,ORG-C
Korres,ORG-C
华广汽车学院团学实践部,ORG-D
华工记者团摄影部,ORG-D
苗芳清颜美容工作室,ORG-D
弗吉尼亚大学生物研究所,ORG-D
武汉学院心理咨询中心,ORG-D
湖南广播电视台广告中心,ORG-D
西安电子科技大学,ORG-D
个性和社会心理期刊,ORG-D
教你易经风水术官网,ORG-D
石码老板电器专卖店,ORG-D
