韩非子,PER-A
张珂铭,PER-A
朴灿烈,PER-A
赵和靖,PER-A
鹿尤君,PER-A
鹫族,PER-A
田喜碧,PER-A
杰克,PER-A
叶雨凤,PER-A
刘同,PER-A
韋文珊,PER-A
君子,PER-A
谢耳朵,PER-A
查小明,PER-A
吴天昊,PER-A
张赫宣,PER-A
宋院长,PER-A
安德鲁古德洛克,PER-A
吴秀波,PER-A
华晨宇,PER-A
宋灵姣,PER-A
张爱玲,PER-A
张歆艺,PER-A
扎克伯格,PER-A
赛琳曼琦,PER-A
李润成,PER-A
阿狸,PER-A
卫庄大人,PER-A
杨小冬,PER-A
邵小敏,PER-A
李思佚,PER-A
段林希,PER-A
晓艾,PER-A
子琳,PER-A
尼萌萌,PER-A
敏敏,PER-A
陈锐忠,PER-A
岑参,PER-A
嘉哥,PER-A
曾小贤,PER-A
马里奥,PER-A
蔡明,PER-A
壮壮,PER-A
雪莹,PER-A
尼尼,PER-A
张治成,PER-A
徐爱强,PER-A
维尼,PER-A
穆婷婷,PER-A
唐秋云,PER-A
林志穎,PER-A
民族英雄,PER-A
谢欣欣欣欣欣欣欣欣欣梅,PER-A
寒羽良,PER-A
薛晓路,PER-A
唐皇,PER-A
阿姨,PER-A
大叔,PER-A
李舜臣,PER-A
王晶,PER-A
樱木,PER-A
刘易阳,PER-A
雨哥,PER-A
尼坤,PER-A
肖生克,PER-A
曺圭贤,PER-A
胥瑞琦,PER-A
周康康康康,PER-A
徐妍,PER-A
雷蒙尹,PER-A
宋茜姐姐,PER-A
斯罗布莱特,PER-A
吴待桥,PER-A
黄小阳,PER-A
欣钟爱,PER-A
王巍,PER-A
李厚林,PER-A
胡劳斯,PER-A
圭贤,PER-A
张杰,PER-A
嘉宾,PER-A
苏大江,PER-A
昌叔,PER-A
小宝贝,PER-A
严之吟,PER-A
王宝义,PER-A
陈豪,PER-A
蒋劲夫,PER-A
程仁田,PER-A
昆凌,PER-A
廖锐琪,PER-A
汪东城,PER-A
杨贵妃,PER-A
李园园,PER-A
辰辰,PER-A
杨天宁,PER-A
淘宝达人,PER-A
苏琅,PER-A
李帆,PER-A
邓玉龙,PER-A
班婉玲,PER-A
阿茵菌,PER-A
刘依依,PER-A
王跃文,PER-A
比尔．盖茨,PER-A
宋晚晚,PER-A
格格巫,PER-A
诗焱,PER-A
小玲,PER-A
刘掌门,PER-A
娄鑫磊,PER-A
郁花若,PER-A
陈浩民,PER-A
倩萍,PER-A
柯柏文,PER-A
舟哥,PER-A
赵新民,PER-A
慕仪九,PER-A
邓先生,PER-A
谢文荣,PER-A
波城一族,PER-A
刘希平,PER-A
陈翔,PER-A
邢凯舟,PER-A
迈克尔·翁达杰,PER-A
督仁娟,PER-A
熊文辉,PER-A
辣笔小辛,PER-A
勒布朗,PER-A
昭君,PER-A
曾若彤,PER-A
李毅,PER-A
方进玉,PER-A
鹏诺,PER-A
钟汉良,PER-A
宝辉,PER-A
韩佳人,PER-A
刘米,PER-A
西奚鱼猪,PER-A
王萍,PER-A
于蕊茜,PER-A
羽墨丶月,PER-A
陈美玲,PER-A
张小娴,PER-A
薛蛮子,PER-A
林燕妮,PER-A
林申,PER-A
李嘉诚,PER-A
黄土玲,PER-A
星座宝典,PER-A
谷梦瑶,PER-A
黎雅思,PER-A
小叶同学,PER-A
张江,PER-A
阎王,PER-A
赵本山,PER-A
连铭杰,PER-A
元芳,PER-A
陆毅,PER-A
叶赟葆,PER-A
邓紫棋,PER-A
魏晨,PER-A
徐晓菲,PER-A
李敏镐,PER-A
邓远清,PER-A
张_潞淼,PER-A
杨知明,PER-A
阿明哥,PER-A
陈伊琼,PER-A
蒋军晶,PER-A
许冠杰,PER-A
宋茜,PER-A
流川,PER-A
萌萌,PER-A
龚自珍,PER-A
陈雨,PER-A
王小二,PER-A
陈小奥,PER-A
包嘉俊,PER-A
马伊琍,PER-A
谭莉,PER-A
郭炜炜,PER-A
莉莉,PER-A
冰凌,PER-A
方舟子,PER-A
李宇春,PER-A
吴丹宁,PER-A
祖鲁,PER-A
陈光标,PER-A
嘉文,PER-A
查曼基尼·祖鲁,PER-A
蜡笔小新,PER-A
赵小姐,PER-A
卡桑德拉,PER-A
廖先生,PER-A
真汉子,PER-A
王阳,PER-A
钟小思,PER-A
汉帝,PER-A
张馨予,PER-A
安东尼,PER-A
袁裕来,PER-A
汤玉婷,PER-A
任志强,PER-A
哥哥,PER-A
阿袁,PER-A
陈士渠,PER-A
卢璐,PER-A
朱元冰,PER-A
昶叁少,PER-A
覃朵莹,PER-A
蔡老蛋,PER-A
王冉,PER-A
洪晃,PER-A
章小萌,PER-A
孙建彬,PER-A
周立波,PER-A
晏小花,PER-A
鮮橙lEE,PER-A
张小洁,PER-A
朱妞妞,PER-A
曹芙嘉,PER-A
秦艳凤,PER-A
张先生,PER-A
斯塔的纳维亚,PER-A
李巾凡,PER-A
杨壮,PER-A
毛先森,PER-A
孙雅涵,PER-A
刘强东,PER-A
浪小花,PER-A
李炜,PER-A
李霄鹏,PER-A
束星北,PER-A
萧亚轩,PER-A
伯贤,PER-A
逸桦君,PER-A
陈芭芭,PER-A
韩寒,PER-A
薛英杰,PER-A
吴小,PER-A
魏民,PER-A
万鹏程,PER-A
陈晓敏,PER-A
蓬蓬,PER-A
李银河,PER-A
舒淇,PER-A
乔克,PER-A
陈阿土,PER-A
朱萧木,PER-A
阿奎,PER-A
阿宝,PER-A
金秀贤,PER-A
舒华,PER-A
马靖昊,PER-A
凌云,PER-A
坤哥,PER-A
赵子龙,PER-A
郭雪芙,PER-A
厚林,PER-A
吴双虎,PER-A
泽哥,PER-A
邱正军,PER-A
科鲁兹,PER-A
郭日良,PER-A
小敏敏,PER-A
韦玮,PER-A
张羽,PER-A
欧阳红燕,PER-A
鹿丁,PER-A
任俊霖,PER-A
佳佳,PER-A
乔丹,PER-A
孙坚,PER-A
宝宝,PER-A
嘉欣,PER-A
杨澜,PER-A
斯派克,PER-A
白举纲,PER-A
陆陆,PER-A
小婷余,PER-A
宇晗道长,PER-A
易昭,PER-A
金山的蒙蒙,PER-A
林更新,PER-A
田馥甄,PER-A
高晓松,PER-A
达晨创,PER-A
明茶秋水,PER-A
郑多燕,PER-A
姗日曦,PER-A
冯景瑞,PER-A
徐浩,PER-A
林若彤,PER-A
钰儿,PER-A
梁嘉炤,PER-A
詹姆斯,PER-A
蓝精灵,PER-A
奉俊昊,PER-A
宇多田光,PER-A
顾天池,PER-A
宇哥,PER-A
米斯特拉,PER-A
刘诗诗,PER-A
方小雷,PER-A
邓超,PER-A
朴信惠,PER-A
曾大萌,PER-A
徐小平,PER-A
譚耀文,PER-A
社会贤达,PER-A
赵小晚,PER-A
琪琪,PER-A
夏邦,PER-A
杨洋,PER-A
徐森洁,PER-A
妞宝宝,PER-A
林日曦,PER-A
周碧,PER-A
邱邱抹茶,PER-A
俞婕,PER-A
熊桐欣,PER-A
维尼熊,PER-A
子阳,PER-A
余承东,PER-A
欧阳鹭,PER-A
雯子,PER-A
碧华,PER-A
泰勒,PER-A
卓义峰,PER-A
南越王墓博物馆,PER-A
埃蒙斯,PER-A
苏歆,PER-A
雯子小菇凉,PER-A
赵晓,PER-A
陈泽伟,PER-A
璐温人意,PER-A
榕湖,PER-A
半岛夏暖,PER-A
谢小玲,PER-A
李开复,PER-A
博洛尼,PER-A
林志玲,PER-A
阿滋猫,PER-A
侧田,PER-A
林书豪,PER-A
小李,PER-A
王人平,PER-A
弗里曼,PER-A
方文山,PER-A
彭于晏,PER-A
周觅,PER-A
戴锦,PER-A
寒阳,PER-A
涩琪,PER-A
胡小亭,PER-A
婷,PER-A
陈苏丹,PER-A
汪阿丹,PER-A
周苏飘,PER-A
晶晶,PER-A
叶莲,PER-A
圆圆,PER-A
肖立伟,PER-A
黄雅虹,PER-A
陈太太,PER-A
阿超先生,PER-A
魏鑫,PER-A
萧萧静,PER-A
高智雅,PER-A
小帅哥,PER-A
雪琪,PER-A
宝尼,PER-A
丁子高,PER-A
全智贤,PER-A
思聪,PER-A
霄贤,PER-A
唐玄宗,PER-A
宋同志,PER-A
锦荣,PER-A
狐狸叔,PER-A
林小柑,PER-A
张洁,PER-A
张婕,PER-A
杨素晗,PER-A
莉莉哥,PER-A
信琦哥,PER-A
吴佩,PER-A
刘亦菲,PER-A
刘翔,PER-A
小亭,PER-A
小天一,PER-B
医师,PER-B
偶像,PER-B
泽,PER-B
如风,PER-B
优秀司机,PER-B
名人,PER-B
医生,PER-B
大师兄,PER-B
明星,PER-B
男文青,PER-B
用户,PER-B
天天,PER-B
少年,PER-B
城管,PER-B
教官,PER-B
美英,PER-B
小平,PER-B
小贩,PER-B
室友,PER-B
小铅,PER-B
球星,PER-B
左右乐队,PER-B
收件人,PER-B
网友,PER-B
董育,PER-B
知己,PER-B
律师,PER-B
阿真,PER-B
大学,PER-B
工作人员,PER-B
许扬,PER-B
泥巴,PER-B
忠武公,PER-B
姐,PER-B
雪瑞,PER-B
翻译,PER-B
飈颸颺,PER-B
明日香,PER-B
新欢,PER-B
小V,PER-B
三毛,PER-B
未成年者,PER-B
粉丝,PER-B
小编,PER-B
班主任,PER-B
家人,PER-B
宅女,PER-B
易天,PER-B
患者,PER-B
导游,PER-B
富二代,PER-B
设计师,PER-B
小,PER-B
男的,PER-B
审判官,PER-B
大伯,PER-B
浪浪,PER-B
杰伦,PER-B
哥,PER-B
内掌柜,PER-B
白领,PER-B
成员,PER-B
張旭,PER-B
主仆,PER-B
八路,PER-B
小二,PER-B
有缘人,PER-B
老同学,PER-B
米粉,PER-B
杂工,PER-B
汤唯,PER-B
贵人,PER-B
小赢家,PER-B
对手,PER-B
小模特,PER-B
大兵,PER-B
真心,PER-B
资深姐,PER-B
老,PER-B
室内设计师,PER-B
波比,PER-B
老人,PER-B
亲人,PER-B
友,PER-B
客户,PER-B
刘心车,PER-B
海盗,PER-B
罪犯,PER-B
小学生,PER-B
人民,PER-B
校长,PER-B
女生,PER-B
新增,PER-B
女性,PER-B
警察们,PER-B
手机用户,PER-B
初恋,PER-B
少女,PER-B
师父,PER-B
最佳藝人,PER-B
尜彩虹,PER-B
五人帮,PER-B
婧婧,PER-B
救世主,PER-B
母,PER-B
施主,PER-B
民,PER-B
2143弄,PER-B
可爱的,PER-B
评选们,PER-B
于丹,PER-B
司机,PER-B
高官,PER-B
数学老师,PER-B
老球迷,PER-B
教练,PER-B
痞子,PER-B
男生,PER-B
大侠,PER-B
少芳,PER-B
员工,PER-B
汗戴湧,PER-B
公司,PER-B
现任,PER-B
小雨,PER-B
阿呆,PER-B
张拓,PER-B
准新人,PER-B
路飞,PER-B
恋人,PER-B
巴神,PER-B
美妞,PER-B
男,PER-B
警长,PER-B
御姐,PER-B
新浪,PER-B
丑人,PER-B
老公,PER-B
金庸,PER-B
许坚,PER-B
宝贝们,PER-B
小天使,PER-B
客官,PER-B
宝贝,PER-B
导演,PER-B
天使,PER-B
撒比,PER-B
帮主,PER-B
封面人物,PER-B
公主,PER-B
苦逼青年,PER-B
队友,PER-B
汉子,PER-B
公民,PER-B
学霸,PER-B
准会员,PER-B
先生,PER-B
懒美人,PER-B
月老,PER-B
美女,PER-B
造型师,PER-B
路易13世,PER-B
妞,PER-B
诗人,PER-B
璐,PER-B
约瑟,PER-B
顾老师,PER-B
玩家,PER-B
中国美腿,PER-B
普希金,PER-B
商人,PER-B
同志,PER-B
同事,PER-B
飘飘婳,PER-B
吃货,PER-B
领导,PER-B
人员,PER-B
英子,PER-B
超超,PER-B
哥哥们,PER-B
小和尚,PER-B
心理特,PER-B
热水袋,PER-B
吳知庚,PER-B
伙,PER-B
贾老板,PER-B
博士,PER-B
妈,PER-B
外婆,PER-B
群众演员,PER-B
藝人,PER-B
敌人,PER-B
博友们,PER-B
书法家,PER-B
何主席,PER-B
大人们,PER-B
詹想,PER-B
主持人,PER-B
交警,PER-B
青年,PER-B
屌丝,PER-B
商友,PER-B
女人,PER-B
爹,PER-B
住持,PER-B
老侯,PER-B
何辛,PER-B
一菲,PER-B
如画,PER-B
良师,PER-B
欧巴,PER-B
女士,PER-B
成人,PER-B
杜长其,PER-B
普通青年,PER-B
一哥们,PER-B
理发师,PER-B
乐乐,PER-B
季总,PER-B
雷明,PER-B
心理学家,PER-B
居民,PER-B
丁满,PER-B
大象院长,PER-B
小公主,PER-B
记者,PER-B
鲁讯,PER-B
恩雅,PER-B
小秘书,PER-B
粉们,PER-B
良友,PER-B
贪官,PER-B
同桌,PER-B
阿瑚,PER-B
小人,PER-B
盈,PER-B
姨,PER-B
同志们,PER-B
云,PER-B
汉纸,PER-B
曾,PER-B
友人,PER-B
法师,PER-B
穷人,PER-B
范老师,PER-B
8旬老人,PER-B
微友,PER-B
伴,PER-B
老板,PER-B
画家,PER-B
E12,PER-B
模特,PER-B
小新,PER-B
张亮,PER-B
威驰,PER-B
制作人,PER-B
巫医,PER-B
文艺青年,PER-B
毕加索,PER-B
老先生,PER-B
加州,PER-B
曉囈,PER-B
猎人,PER-B
劳工,PER-B
心理学,PER-B
王子,PER-B
厨神,PER-B
宾哥,PER-B
用戶,PER-B
系统管理员,PER-B
新男主,PER-B
宅男,PER-B
大夫,PER-B
二哥,PER-B
温人意,PER-B
龙少,PER-B
医学专家,PER-B
真球迷,PER-B
大人,PER-B
東哥,PER-B
小攻,PER-B
苏正直,PER-B
Cz-君,PER-B
陳冠希,PER-B
解解,PER-B
难人,PER-B
蒙古人,PER-B
官员,PER-B
小右,PER-B
神人,PER-B
如如,PER-B
男人,PER-B
僧人,PER-B
过客,PER-B
研究者,PER-B
八婆,PER-B
盆友们,PER-B
段钢,PER-B
科学家,PER-B
幸运,PER-B
高手,PER-B
东方不败,PER-B
女汉纸,PER-B
小受,PER-B
高富帅,PER-B
游人,PER-B
大爷,PER-B
琴,PER-B
对象,PER-B
病人,PER-B
胡总,PER-B
科比,PER-B
炎亞綸,PER-B
小玥子,PER-B
基友,PER-B
学姐,PER-B
老师,PER-B
女,PER-B
泰迪,PER-B
全校,PER-B
老张,PER-B
老年人,PER-B
SHE,PER-B
哥们,PER-B
钻石会员,PER-B
明道,PER-B
舍友,PER-B
律坛,PER-B
外星人,PER-B
方丈,PER-B
准,PER-B
车模,PER-B
一沫,PER-B
少,PER-B
名将,PER-B
会员,PER-B
上帝,PER-B
不良少年,PER-B
主人公,PER-B
大乖,PER-B
长辈,PER-B
女警,PER-B
主任,PER-B
男士,PER-B
会计,PER-B
哈雷,PER-B
上司,PER-B
延参,PER-B
球迷,PER-B
同学,PER-B
路人,PER-B
女青年,PER-B
同学们,PER-B
二逼青年,PER-B
情侣,PER-B
尐蚊釨,PER-B
何何,PER-B
统计学家,PER-B
兰德里,PER-B
新同学,PER-B
主演,PER-B
張夢如,PER-B
博主,PER-B
孝感,PER-B
女的,PER-B
主人,PER-B
密友,PER-B
柯震倲,PER-B
邻居,PER-B
好友,PER-B
苦逼,PER-B
网民,PER-B
肇事者,PER-B
荧瑜,PER-B
品冠,PER-B
歌手,PER-B
厨师,PER-B
我妹,PER-C
老婆,PER-C
男孩,PER-C
金鱼粉,PER-C
俩人儿,PER-C
他娘,PER-C
娃娃,PER-C
美_女王,PER-C
兄弟,PER-C
江小姐,PER-C
女子,PER-C
魔君六世,PER-C
小妹,PER-C
小姨,PER-C
猪猪咸蛋超人,PER-C
牛牛牛牛姐,PER-C
前男友,PER-C
妇女,PER-C
母亲,PER-C
女孩纸们,PER-C
兔娘子,PER-C
驴友,PER-C
丫头,PER-C
小姑,PER-C
彩妆师,PER-C
姐妹,PER-C
老百姓,PER-C
新朋友,PER-C
疯子黄,PER-C
女朋友,PER-C
白羊女,PER-C
女儿,PER-C
父母,PER-C
小伙伴,PER-C
女主角,PER-C
文艺女青年,PER-C
坏男人,PER-C
老野,PER-C
姑妈,PER-C
女神,PER-C
酒肉朋友,PER-C
厨子,PER-C
萌男,PER-C
我爷爷,PER-C
粉丝们,PER-C
靓仔,PER-C
小老师,PER-C
小蚊子,PER-C
忠实粉丝,PER-C
新娘,PER-C
小伙伴们,PER-C
好朋友,PER-C
孩纸,PER-C
朋友,PER-C
男友,PER-C
爸妈,PER-C
夫妇,PER-C
独孤求败,PER-C
二逼苦逼青年,PER-C
妈妈,PER-C
美如姐,PER-C
正直友善的同事,PER-C
男演员,PER-C
奇葩小师妹,PER-C
小米子小样,PER-C
尐胖釨,PER-C
妹妹,PER-C
流川家的猫,PER-C
老头子,PER-C
妈妈们,PER-C
孩儿,PER-C
童鞋,PER-C
男主角,PER-C
星爷,PER-C
爸爸妈妈,PER-C
天煞孤星鱼,PER-C
朋友们,PER-C
兄弟们,PER-C
小胖子,PER-C
飞行少女,PER-C
死忠们,PER-C
邻家女孩,PER-C
男盆友,PER-C
准妈咪,PER-C
非母乳喂养儿,PER-C
胖胖,PER-C
叶小丢,PER-C
穷孩子们,PER-C
老太太,PER-C
辣妈,PER-C
小偷,PER-C
熊孩纸,PER-C
女人们,PER-C
婴儿,PER-C
我弟,PER-C
前女友,PER-C
女郎,PER-C
小位子,PER-C
兔兔,PER-C
翁小贱,PER-C
伴娘,PER-C
傻丫头,PER-C
女友,PER-C
亲爱的,PER-C
爷爷,PER-C
女流氓,PER-C
死忠粉,PER-C
男孩子,PER-C
姐妹们,PER-C
老白姓,PER-C
我爸,PER-C
爸爸,PER-C
小唐菜,PER-C
女主播,PER-C
猪猪,PER-C
姑娘,PER-C
父亲,PER-C
孩纸们,PER-C
幺儿媳,PER-C
饲养员,PER-C
儿童,PER-C
侄女,PER-C
毛爷爷,PER-C
顽娃,PER-C
卖萌青年,PER-C
老子,PER-C
何爷爷,PER-C
儿子,PER-C
小姐,PER-C
鄭丽娟,PER-C
亲妈,PER-C
好男儿,PER-C
老爹,PER-C
阿爸,PER-C
鬼子,PER-C
童鞋们,PER-C
陌生人,PER-C
靓女,PER-C
不孝子,PER-C
混搭女王,PER-C
孩子,PER-C
小纯洁,PER-C
龙妈,PER-C
贤妻良母,PER-C
老天爷,PER-C
男男女女,PER-C
熊孩子,PER-C
小菇凉,PER-C
陵猫猫,PER-C
母乳喂养儿,PER-C
头头们,PER-C
妹子们,PER-C
臭美妞,PER-C
欧妈,PER-C
大姨妈,PER-C
幸运女神,PER-C
范儿姐,PER-C
小女儿,PER-C
孕妇,PER-C
闺蜜们,PER-C
黄脸婆,PER-C
夫妻,PER-C
孩子们,PER-C
姥姥,PER-C
子女,PER-C
闺蜜,PER-C
妹子,PER-C
男子,PER-C
老爸,PER-C
新娘子,PER-C
干妈,PER-C
小孩,PER-C
大小姐,PER-C
老妈,PER-C
小女,PER-C
小朋友,PER-C
爸,PER-C
甜心妻,PER-C
成熟男人,PER-C
幺女,PER-C
妈咪,PER-C
姐姐,PER-C
姐姐们,PER-C
四小姐,PER-C
理想伴侣,PER-C
妹纸,PER-C
娘,PER-C
小顽童,PER-C
姑娘们,PER-C
男女,PER-C
女明星,PER-C
小小丸子,PER-C
思雨儿,PER-C
女孩子,PER-C
我朋友,PER-C
女王,PER-C
女孩,PER-C
萌妹纸,PER-C
Viking,PER-D
JENNY,PER-D
廖Julie,PER-D
kitty,PER-D
MASION_MILK,PER-D
Alex,PER-D
leo_晓暁,PER-D
V_Jessie,PER-D
Lin浩然,PER-D
Rick,PER-D
林小萱Sandy,PER-D
苏小白Betty,PER-D
coco,PER-D
Jaxon,PER-D
JoJo武夫,PER-D
waves_哥,PER-D
bittertang,PER-D
Lily,PER-D
frankyh,PER-D
嘉俐carrie,PER-D
Shmily,PER-D
amy,PER-D
baby,PER-D
yanyi,PER-D
