埃里温,LOC-A
鲅鱼圈区,LOC-A
瑞金,LOC-A
龙山集,LOC-A
英伦,LOC-A
西单商场,LOC-A
狼牙山,LOC-A
墨城,LOC-A
宣城,LOC-A
东马,LOC-A
巴蜀,LOC-A
余姚,LOC-A
合水,LOC-A
海口,LOC-A
申根,LOC-A
哈,LOC-A
北亚,LOC-A
天山,LOC-A
神仙湾,LOC-A
柳杨堡,LOC-A
裕后村,LOC-A
胶东,LOC-A
康平,LOC-A
通山,LOC-A
广东,LOC-A
珍珠港,LOC-A
楚,LOC-A
那曲镇,LOC-A
太原,LOC-A
杜尚别,LOC-A
雁荡,LOC-A
大庆,LOC-A
三桥,LOC-A
北极,LOC-A
遵义,LOC-A
宜兴,LOC-A
爱,LOC-A
木姐,LOC-A
川,LOC-A
布市,LOC-A
奥,LOC-A
意大利,LOC-A
香炉峰,LOC-A
巴黎,LOC-A
高陵,LOC-A
呼和浩特,LOC-A
海子,LOC-A
景颇,LOC-A
萧山,LOC-A
白洋淀,LOC-A
陈家祠,LOC-A
密云水库,LOC-A
柏林,LOC-A
圣何塞,LOC-A
琉球,LOC-A
皇冠大赌场,LOC-A
天坛路,LOC-A
陈沟,LOC-A
卢旺达,LOC-A
坍江,LOC-A
寿光,LOC-A
甘,LOC-A
图尔,LOC-A
黄海,LOC-A
双顶山,LOC-A
洛美,LOC-A
下费桥,LOC-A
龙须河,LOC-A
济南,LOC-A
砀山,LOC-A
茅家村,LOC-A
加德满都,LOC-A
上饶,LOC-A
乌干达,LOC-A
大兴,LOC-A
株洲,LOC-A
湾仔,LOC-A
笔架山,LOC-A
屈吴山,LOC-A
宇拓路,LOC-A
加利,LOC-A
西单,LOC-A
慈云山,LOC-A
北海,LOC-A
磨心坡,LOC-A
大宫,LOC-A
宁夏,LOC-A
军分区,LOC-A
棒棰岛,LOC-A
小强村,LOC-A
雷公山,LOC-A
冰岛,LOC-A
特马港,LOC-A
陇,LOC-A
广,LOC-A
夜读斋,LOC-A
华北,LOC-A
神户港,LOC-A
汝阳,LOC-A
孟,LOC-A
元朝,LOC-A
纸房乡,LOC-A
东外环路,LOC-A
怀仁堂,LOC-A
长白山,LOC-A
远南,LOC-A
展览城,LOC-A
双安商场,LOC-A
文庙,LOC-A
亚运村,LOC-A
可可西里,LOC-A
巴音郭楞,LOC-A
大佛殿,LOC-A
祥符大道,LOC-A
月球,LOC-A
新昌,LOC-A
蜀,LOC-A
里昂机场,LOC-A
聊城,LOC-A
菲,LOC-A
朝阳,LOC-A
丹绒不碌港,LOC-A
维里,LOC-A
椰林湾,LOC-A
张集,LOC-A
黎明村,LOC-A
圣但尼,LOC-A
公安,LOC-A
吉达,LOC-A
榕城,LOC-A
太阳系,LOC-A
龙口,LOC-A
蔡锷路,LOC-A
南,LOC-A
冀,LOC-A
文渊阁,LOC-A
老龙头,LOC-A
银沙湾,LOC-A
捷,LOC-A
萨那,LOC-A
邢台,LOC-A
三皇山,LOC-A
三清殿,LOC-A
希望儿童村,LOC-A
黑海,LOC-A
广昌,LOC-A
白矮星,LOC-A
卓刀泉,LOC-A
兴义,LOC-A
多度津,LOC-A
赣,LOC-A
太平山,LOC-A
太白山,LOC-A
金蒙,LOC-A
连,LOC-A
嘉兴,LOC-A
陇中,LOC-A
梅岭,LOC-A
北美洲,LOC-A
鄂伦春,LOC-A
大埔,LOC-A
蓝旗营,LOC-A
土,LOC-A
无锡,LOC-A
天星码头,LOC-A
吕梁,LOC-A
好莱坞,LOC-A
清华园,LOC-A
318国道,LOC-A
几内亚,LOC-A
阿,LOC-A
北美,LOC-A
国道102线,LOC-A
兴安盟,LOC-A
长湾,LOC-A
圆明园,LOC-A
三峡,LOC-A
缅,LOC-A
天生坝,LOC-A
牌坊店,LOC-A
维州,LOC-A
智化寺,LOC-A
常德,LOC-A
东北,LOC-A
加拿大,LOC-A
神女峰,LOC-A
罗曼,LOC-A
阿昌,LOC-A
水河,LOC-A
西院,LOC-A
三安村,LOC-A
斋堂川,LOC-A
虎门,LOC-A
平壤,LOC-A
大足,LOC-A
吉布提,LOC-A
集美镇,LOC-A
开罗机场,LOC-A
波兰,LOC-A
约堡城,LOC-A
赞比亚,LOC-A
开封,LOC-A
安,LOC-A
安吉,LOC-A
海安,LOC-A
108国道,LOC-A
内头发胡同,LOC-A
耶路撒冷,LOC-A
亿元村,LOC-A
北龙,LOC-A
罗马市,LOC-A
澳门,LOC-A
波士顿,LOC-A
韩城,LOC-A
常州,LOC-A
清迈府,LOC-A
中国剧院,LOC-A
奥运村,LOC-A
博湖,LOC-A
汀江,LOC-A
猎户星座,LOC-A
立陶宛,LOC-A
老屯,LOC-A
天河,LOC-A
朝,LOC-A
沈阳,LOC-A
存瑞乡,LOC-A
军区,LOC-A
大洋洲,LOC-A
南西奈,LOC-A
绿杨村,LOC-A
锡伯,LOC-A
东城,LOC-A
雪帽山,LOC-A
介休,LOC-A
金门,LOC-A
豫园,LOC-A
熊壁岩,LOC-A
孙八案,LOC-A
舒曼广场,LOC-A
延安,LOC-A
新乐,LOC-A
山海关,LOC-A
红星路,LOC-A
新密市,LOC-A
南丰,LOC-A
肯特郡,LOC-A
监测中心,LOC-A
龙潭,LOC-A
大湖,LOC-A
法,LOC-A
旧金山,LOC-A
百色,LOC-A
茂名市,LOC-A
狮子山,LOC-A
大西山,LOC-A
德意志,LOC-A
通布岛,LOC-A
荣军院,LOC-A
黄,LOC-A
狼头山,LOC-A
夹道村,LOC-A
摩崖石刻,LOC-A
曼谷,LOC-A
湖,LOC-A
大塘,LOC-A
灯塔市,LOC-A
黑,LOC-A
东北亚,LOC-A
南洋,LOC-A
巴黎机场,LOC-A
三峡水库,LOC-A
仰光,LOC-A
西九龙,LOC-A
东单,LOC-A
太焦,LOC-A
酒仙桥,LOC-A
七一路,LOC-A
张家界,LOC-A
三环路,LOC-A
国后,LOC-A
海城,LOC-A
瑞典,LOC-A
巴恩市,LOC-A
张截港,LOC-A
布拉,LOC-A
阳城,LOC-A
支脉河,LOC-A
下元皂村,LOC-A
演播厅,LOC-A
议会宫,LOC-A
徽,LOC-A
兴国,LOC-A
中心广场,LOC-A
南粤,LOC-A
玉峰,LOC-A
玉林,LOC-A
大阪,LOC-A
几比,LOC-A
中美洲,LOC-A
保康,LOC-A
喀岛,LOC-A
航天桥,LOC-A
二道区,LOC-A
棉兰老,LOC-A
平垣,LOC-A
阿坝,LOC-A
西校门,LOC-A
希腊,LOC-A
泰兴,LOC-A
土卫六,LOC-A
咸宁,LOC-A
李家峡,LOC-A
欧,LOC-A
丝绸之路,LOC-A
雅雀村,LOC-A
伏牛山,LOC-A
淮,LOC-A
傈僳,LOC-A
月牙泉,LOC-A
五一广场,LOC-A
河曲,LOC-A
佛山,LOC-A
未了轩,LOC-A
房山,LOC-A
法国,LOC-A
玻,LOC-A
不来梅州,LOC-A
一楼C—1—83号,LOC-A
丹麦,LOC-A
密云,LOC-A
赤道,LOC-A
歌剧院,LOC-A
深,LOC-A
黑石礁,LOC-A
作登乡,LOC-A
天鹅座,LOC-A
大同市,LOC-A
信阳,LOC-A
古埃及,LOC-A
博物馆,LOC-A
贵阳,LOC-A
巴新,LOC-A
新界,LOC-A
坎昆,LOC-A
新开河,LOC-A
南欧,LOC-A
聂荣,LOC-A
安阳,LOC-A
武庙,LOC-A
不来梅,LOC-A
西雅图,LOC-A
酉阳,LOC-A
越,LOC-A
函馆机场,LOC-A
翠微居,LOC-A
富士山,LOC-A
天鹅洲,LOC-A
大阪湾,LOC-A
芒市,LOC-A
土耳其,LOC-A
土伦,LOC-A
吉隆,LOC-A
老港,LOC-A
契丹,LOC-A
图们,LOC-A
赤峰,LOC-A
古格遗址,LOC-A
齐鲁,LOC-A
钓鱼岛,LOC-A
万象,LOC-A
电力城,LOC-A
豫,LOC-A
飞鹅山,LOC-A
燕山,LOC-A
华山,LOC-A
武威,LOC-A
仙人洞,LOC-A
芬,LOC-A
空山坝,LOC-A
美国馆,LOC-A
上清寺,LOC-A
梅园,LOC-A
勐来村,LOC-A
海卫1,LOC-A
抚顺,LOC-A
宜山,LOC-A
白沙瓦,LOC-A
南海,LOC-A
上杭,LOC-A
三亚机场,LOC-A
宜宾,LOC-A
沅水,LOC-A
秦家沟,LOC-A
神风洞,LOC-A
麻田,LOC-A
阳羡,LOC-A
瑞士,LOC-A
中子星,LOC-A
纪念碑,LOC-A
爪哇,LOC-A
黎,LOC-A
永嘉,LOC-A
石林,LOC-A
巫峡,LOC-A
古巴,LOC-A
书房村,LOC-A
马赛,LOC-A
黄桥,LOC-A
青天阁,LOC-A
醉翁亭,LOC-A
非洲,LOC-A
椒江,LOC-A
将军澳,LOC-A
湟水,LOC-A
海北,LOC-A
三环,LOC-A
劲松,LOC-A
济宁,LOC-A
皇家猎苑,LOC-A
下小河,LOC-A
SANFRANCISCO,LOC-A
21号楼1205房间,LOC-A
登封,LOC-A
木鱼峰,LOC-A
凉山,LOC-A
里加,LOC-A
芝加哥,LOC-A
华中,LOC-A
汉水,LOC-A
圣河,LOC-A
怪坡,LOC-A
十竹斋,LOC-A
第五街,LOC-A
沈,LOC-A
科巴农场,LOC-A
白银,LOC-A
舒城路,LOC-A
SOHO,LOC-A
雅安,LOC-A
华盛顿,LOC-A
黄石,LOC-A
生态馆,LOC-A
岗南,LOC-A
浙,LOC-A
梁河,LOC-A
古罗马,LOC-A
汉城,LOC-A
云岭,LOC-A
通城,LOC-A
水秀园,LOC-A
深圳,LOC-A
老山,LOC-A
昆,LOC-A
新西兰,LOC-A
函馆,LOC-A
扈家庄,LOC-A
双流机场,LOC-A
富丽新村,LOC-A
西峡,LOC-A
宝鸡,LOC-A
西亚,LOC-A
会展中心,LOC-A
婿乡,LOC-A
百货大厦,LOC-A
直略河,LOC-A
焦作市,LOC-A
湘,LOC-A
二楼大厅,LOC-A
文莱,LOC-A
夸胡,LOC-A
妙香山,LOC-A
辽东,LOC-A
流舍村,LOC-A
龙曲集,LOC-A
长野,LOC-A
铜川,LOC-A
埃塞,LOC-A
杨村,LOC-A
辽,LOC-A
关东,LOC-A
新焦,LOC-A
109路总站,LOC-A
大运河,LOC-A
比萨,LOC-A
女真,LOC-A
巴西,LOC-A
人民路,LOC-A
唐山,LOC-A
金坛市,LOC-A
新桥,LOC-A
鼓楼广场,LOC-A
哥,LOC-A
叙,LOC-A
桃花村,LOC-A
下叔村,LOC-A
神户,LOC-A
美,LOC-A
木星,LOC-A
蒙市,LOC-A
奈良市,LOC-A
秦,LOC-A
国会山,LOC-A
新城,LOC-A
浦东,LOC-A
中星7号,LOC-A
长治,LOC-A
甘露园,LOC-A
屈原滩,LOC-A
下奥州,LOC-A
江阴,LOC-A
C—1—83号,LOC-A
武夷,LOC-A
九江,LOC-A
葡萄牙,LOC-A
刚果,LOC-A
岳阳,LOC-A
千佛山,LOC-A
涑水,LOC-A
中关村,LOC-A
紫禁城,LOC-A
波斯,LOC-A
蒙,LOC-A
岐山,LOC-A
宜当,LOC-A
三教堂,LOC-A
校经楼,LOC-A
埃及,LOC-A
漯,LOC-A
太空港,LOC-A
华夏,LOC-A
陈家墩,LOC-A
洛南,LOC-A
阿根廷,LOC-A
申扎,LOC-A
韩,LOC-A
阪,LOC-A
日照,LOC-A
凤翔,LOC-A
银滩,LOC-A
平艮村,LOC-A
广西,LOC-A
津门,LOC-A
涑水河,LOC-A
世纪剧院,LOC-A
中华,LOC-A
八角楼,LOC-A
藏经洞,LOC-A
北四环,LOC-A
贯前村,LOC-A
万宝山,LOC-A
芬兰,LOC-A
英联邦,LOC-A
钟山,LOC-A
高坨,LOC-A
惠灵顿,LOC-A
伊盟,LOC-A
中堡村,LOC-A
鲁村,LOC-A
太湖,LOC-A
107国道,LOC-A
矸石山,LOC-A
土家,LOC-A
外高加索,LOC-A
日,LOC-A
荷,LOC-A
延河,LOC-A
意,LOC-A
磅湛,LOC-A
电教大楼,LOC-A
广元,LOC-A
满地可,LOC-A
草鞋岭,LOC-A
普兰店,LOC-A
吞武里,LOC-A
伊豆半岛,LOC-A
大青山,LOC-A
平,LOC-A
保,LOC-A
海淀,LOC-A
四村,LOC-A
天坛,LOC-A
渤海,LOC-A
渭水,LOC-A
水碓子,LOC-A
八大胡同,LOC-A
张家村,LOC-A
贝伦市,LOC-A
昆明,LOC-A
圣冈丹,LOC-A
赤道几内亚,LOC-A
如东,LOC-A
八一剧场,LOC-A
两江,LOC-A
四环路,LOC-A
银川,LOC-A
洱海,LOC-A
青,LOC-A
安义,LOC-A
佛湾,LOC-A
马赛港,LOC-A
高升,LOC-A
西游记宫,LOC-A
华,LOC-A
土尔库,LOC-A
择捉,LOC-A
贾府,LOC-A
塞达,LOC-A
下河清,LOC-A
城固,LOC-A
鄂,LOC-A
美洲,LOC-A
武英殿,LOC-A
渑水,LOC-A
涿鹿,LOC-A
汉,LOC-A
彭阳,LOC-A
昆仑山,LOC-A
墨,LOC-A
宁,LOC-A
西柏坡,LOC-A
耶城,LOC-A
系民草菇场,LOC-A
怒江,LOC-A
亚洲,LOC-A
犹他州,LOC-A
算井子,LOC-A
欧洲,LOC-A
曲阜,LOC-A
香港厅,LOC-A
阳关,LOC-A
棉花岛,LOC-A
宋庄,LOC-A
马赛城,LOC-A
圣母岛,LOC-A
澄迈,LOC-A
西域,LOC-A
桂东,LOC-A
贵,LOC-A
东亚,LOC-A
俄国,LOC-A
包头,LOC-A
三秦,LOC-A
庄浪,LOC-A
波海,LOC-A
韩国,LOC-A
塔,LOC-A
中环,LOC-A
重庆,LOC-A
联邦大楼,LOC-A
加的夫市,LOC-A
山庄,LOC-A
少城,LOC-A
立新村,LOC-A
体育馆,LOC-A
回龙村,LOC-A
圣迭戈,LOC-A
红军桥,LOC-A
开封市,LOC-A
泰,LOC-A
奈良,LOC-A
不列颠,LOC-A
齐国,LOC-A
合肥,LOC-A
济阳集,LOC-A
怀柔体育场,LOC-A
色拉寺,LOC-A
青瓦台,LOC-A
海原,LOC-A
许家庙,LOC-A
上海机场,LOC-A
科,LOC-A
中欧,LOC-A
界首,LOC-A
万胜剧场,LOC-A
白鹿原,LOC-A
那化村,LOC-A
沈城,LOC-A
群力草药店,LOC-A
印度,LOC-A
崇文,LOC-A
焦作,LOC-A
五神河,LOC-A
北爱,LOC-A
吐鲁番,LOC-A
南梁,LOC-A
西安,LOC-A
百花洲,LOC-A
丽水,LOC-A
巴总理府,LOC-A
孝义,LOC-A
宋城,LOC-A
洛桑,LOC-A
日内瓦,LOC-A
以色列国,LOC-A
金银滩,LOC-A
宝中,LOC-A
龙湾,LOC-A
四国岛,LOC-A
雅加达,LOC-A
毛峰,LOC-A
民主村,LOC-A
远东,LOC-A
昆仑,LOC-A
怀柔,LOC-A
京都,LOC-A
少林寺,LOC-A
埃加,LOC-A
神府,LOC-A
新余,LOC-A
历博,LOC-A
金沙萨,LOC-A
新德里,LOC-A
小石城,LOC-A
锦绣谷,LOC-A
麦加,LOC-A
苏丹,LOC-A
小岗,LOC-A
锡,LOC-A
摩,LOC-A
安多,LOC-A
桥,LOC-A
瑞安,LOC-A
珍宝岛,LOC-A
文学馆,LOC-A
特区,LOC-A
国际机场,LOC-A
孤山,LOC-A
吴健雄星,LOC-A
雨花区,LOC-A
东海,LOC-A
古,LOC-A
华蓥,LOC-A
沅,LOC-A
百武彗星,LOC-A
服装城,LOC-A
苍山,LOC-A
长崎,LOC-A
大马士革,LOC-A
锦西,LOC-A
乔庄,LOC-A
满堂乡,LOC-A
罗,LOC-A
龙山,LOC-A
商洛,LOC-A
美满村,LOC-A
工体广场,LOC-A
金家寨,LOC-A
瑞,LOC-A
狮身人面像,LOC-A
德州,LOC-A
辽西,LOC-A
畹町,LOC-A
博士村,LOC-A
比奇,LOC-A
纳西,LOC-A
山东,LOC-A
德黑兰,LOC-A
约旦,LOC-A
汉口,LOC-A
外婆桥,LOC-A
罗城,LOC-A
土默川,LOC-A
几,LOC-A
加纳,LOC-A
繁峙,LOC-A
珀斯,LOC-A
金刚山,LOC-A
丝路,LOC-A
百色市,LOC-A
新疆,LOC-A
敦煌,LOC-A
常熟市,LOC-A
唐家会村,LOC-A
顺义,LOC-A
通辽,LOC-A
西藏,LOC-A
多哥,LOC-A
城楼,LOC-A
洛杉矶,LOC-A
北平,LOC-A
迪拜,LOC-A
东,LOC-A
西梁,LOC-A
美洲大陆,LOC-A
鸟语林,LOC-A
神奈川,LOC-A
拉,LOC-A
首都机场,LOC-A
张店,LOC-A
吉普赛,LOC-A
阿兰山84001,LOC-A
泰王国,LOC-A
伊,LOC-A
渥太华,LOC-A
猎户星云,LOC-A
黄洋界,LOC-A
马赛市,LOC-A
代顿市,LOC-A
物理馆,LOC-A
长城,LOC-A
宜昌,LOC-A
交道口,LOC-A
布,LOC-A
约克,LOC-A
云霄,LOC-A
瑞金市,LOC-A
四国,LOC-A
毛乌素,LOC-A
新安,LOC-A
明城墙,LOC-A
孝感,LOC-A
蔚山,LOC-A
大连,LOC-A
和平里,LOC-A
孟塬车站,LOC-A
西南,LOC-A
双林寺,LOC-A
连心桥,LOC-A
亚太IIR,LOC-A
汤那屯,LOC-A
金华,LOC-A
多宝港,LOC-A
攀枝花,LOC-A
营口,LOC-A
崂山,LOC-A
东三环,LOC-A
碑林,LOC-A
曹官营,LOC-A
紫光阁,LOC-A
香江,LOC-A
张家港,LOC-A
俄,LOC-A
单县,LOC-A
巴中,LOC-A
濠镜澳,LOC-A
屈原村,LOC-A
隆德,LOC-A
日耳曼,LOC-A
九鲤,LOC-A
巴拿马,LOC-A
明洞,LOC-A
火星,LOC-A
解放中路,LOC-A
厦门,LOC-A
兴化,LOC-A
关西,LOC-A
斐,LOC-A
伦敦,LOC-A
滇池,LOC-A
长阳,LOC-A
东昆仑,LOC-A
顺平,LOC-A
太行山,LOC-A
印尼,LOC-A
义合堡,LOC-A
南门,LOC-A
马来,LOC-A
金三角,LOC-A
北欧,LOC-A
日喀则,LOC-A
皇家大道,LOC-A
潮汕,LOC-A
京,LOC-A
柬,LOC-A
兴城,LOC-A
伯利恒,LOC-A
大阪市,LOC-A
孪井滩,LOC-A
洪,LOC-A
中州,LOC-A
九谷,LOC-A
星,LOC-A
路桥,LOC-A
印,LOC-A
巴陵,LOC-A
智利,LOC-A
海,LOC-A
香岛,LOC-A
东营,LOC-A
伊犁,LOC-A
临邑,LOC-A
隆中,LOC-A
上藏马村,LOC-A
大堡礁,LOC-A
渝,LOC-A
北半球,LOC-A
孝感市,LOC-A
神户市,LOC-A
SOS儿童村,LOC-A
诸城,LOC-A
东四,LOC-A
侯月,LOC-A
故居,LOC-A
西吉,LOC-A
亚,LOC-A
蓬莱,LOC-A
卢浮宫,LOC-A
泾源,LOC-A
嫩,LOC-A
基地,LOC-A
达卡,LOC-A
婿水,LOC-A
南非,LOC-A
珠峰,LOC-A
焦枝,LOC-A
灵石,LOC-A
新,LOC-A
月亮,LOC-A
空间站,LOC-A
皖,LOC-A
中国,LOC-A
菲律宾,LOC-A
老尖沟,LOC-A
延边,LOC-A
凤阳,LOC-A
金川,LOC-A
门多萨,LOC-A
上海,LOC-A
西区,LOC-A
淮阴,LOC-A
达林顿,LOC-A
恭城,LOC-A
西澳,LOC-A
阿登,LOC-A
俭汤,LOC-A
拉美,LOC-A
法国馆,LOC-A
大观园,LOC-A
余家村,LOC-A
上确村,LOC-A
界首市,LOC-A
温州,LOC-A
胜山,LOC-A
捷克,LOC-A
警备区,LOC-A
灵邱,LOC-A
之江,LOC-A
阿曼,LOC-A
海王星,LOC-A
友谊书店,LOC-A
东欧,LOC-A
棋盘坨,LOC-A
甘井子,LOC-A
奇切瓦,LOC-A
辰阳,LOC-A
万寿寺,LOC-A
埃,LOC-A
纽约,LOC-A
苏,LOC-A
朗斯,LOC-A
八一镇,LOC-A
委,LOC-A
西,LOC-A
阿肯色,LOC-A
梨花村,LOC-A
都柏林,LOC-A
粤,LOC-A
华西,LOC-A
雁翅,LOC-A
大别山,LOC-A
秦岭,LOC-A
澳,LOC-A
邵阳,LOC-A
圣诞街,LOC-A
穗,LOC-A
开罗,LOC-A
里海,LOC-A
索非亚,LOC-A
上党,LOC-A
燕,LOC-A
大同,LOC-A
京城,LOC-A
合九,LOC-A
九宫山,LOC-A
元麻布,LOC-A
中东,LOC-A
宝丰,LOC-A
昂热市,LOC-A
印第安,LOC-A
土（耳其）,LOC-A
片马丫口,LOC-A
地中海,LOC-A
榆林,LOC-A
天津,LOC-A
兰考,LOC-A
疆,LOC-A
黄帝城,LOC-A
西班牙,LOC-A
浮来山,LOC-A
泰国,LOC-A
青衣影城,LOC-A
元宝岛,LOC-A
虞城,LOC-A
风云二号,LOC-A
查尔,LOC-A
109国道,LOC-A
河间,LOC-A
统一会堂,LOC-A
翁牛特旗,LOC-A
五常,LOC-A
鹿丹村,LOC-A
南支那,LOC-A
普米,LOC-A
福建,LOC-A
苏联,LOC-A
魁北克,LOC-A
银河,LOC-A
秦国,LOC-A
绥化,LOC-A
苹果园,LOC-A
福居门,LOC-A
加里卜角,LOC-A
南坎,LOC-A
长安,LOC-A
马儿山,LOC-A
固镇,LOC-A
中银花园,LOC-A
常家庄,LOC-A
金陵,LOC-A
罗霄山,LOC-A
多伦多,LOC-A
张家口,LOC-A
澳星,LOC-A
泰山,LOC-A
洞庭,LOC-A
桂林,LOC-A
牙买加,LOC-A
蓬莱阁,LOC-A
华沙,LOC-A
辽宁,LOC-A
陕,LOC-A
伏羲庙,LOC-A
黑山,LOC-A
腾格里,LOC-A
孔府,LOC-A
神,LOC-A
傅村,LOC-A
光芒书斋,LOC-A
基扎,LOC-A
日本,LOC-A
恒河,LOC-A
地球村,LOC-A
吐露港,LOC-A
兰西,LOC-A
里昂,LOC-A
紫竹院,LOC-A
扎曲,LOC-A
比绍,LOC-A
南鱼座,LOC-A
运城,LOC-A
石狮,LOC-A
南半球,LOC-A
盘山道,LOC-A
温得和克,LOC-A
田径场,LOC-A
家具城,LOC-A
龙井,LOC-A
闻韶,LOC-A
比利时,LOC-A
中东欧,LOC-A
宣武门,LOC-A
北极圈,LOC-A
黄山嘴,LOC-A
罗马,LOC-A
友谊商店,LOC-A
塞,LOC-A
山西,LOC-A
悉尼,LOC-A
以,LOC-A
五台,LOC-A
菏泽,LOC-A
蓉城,LOC-A
内罗毕,LOC-A
比绍机场,LOC-A
压经塔,LOC-A
武昌,LOC-A
小三峡,LOC-A
墨西哥,LOC-A
多哈,LOC-A
北图,LOC-A
喀什,LOC-A
台江,LOC-A
满洲,LOC-A
杨凌,LOC-A
华南,LOC-A
汀九桥,LOC-A
太阳,LOC-A
苏黎世,LOC-A
衡水,LOC-A
赤坂,LOC-A
米兰,LOC-A
资兴,LOC-A
加沙,LOC-A
日光,LOC-A
乌,LOC-A
哈思山,LOC-A
西沙,LOC-A
耶市,LOC-A
嘉义,LOC-A
监利,LOC-A
恒山,LOC-A
白帝城,LOC-A
密宗道场,LOC-A
阿比让,LOC-A
喇嘛寺,LOC-A
基藏库,LOC-A
大明村,LOC-A
湘阴,LOC-A
云,LOC-A
河口,LOC-A
美国,LOC-A
新州,LOC-A
鑫诺1号,LOC-A
坂子矶,LOC-A
金钟,LOC-A
三家巷,LOC-A
挪,LOC-A
奥利,LOC-A
张北,LOC-A
神农架,LOC-A
天蛾,LOC-A
科威特,LOC-A
和歌山,LOC-A
色丹,LOC-A
708卫星,LOC-A
瓜州,LOC-A
龙羊峡,LOC-A
小商品,LOC-A
井冈,LOC-A
尚地义,LOC-A
甘肃,LOC-A
九澳码头,LOC-A
青岛,LOC-A
茂南,LOC-A
巴格达,LOC-A
睦村,LOC-A
信江,LOC-A
三江,LOC-A
春都路,LOC-A
界首车站,LOC-A
中心商城,LOC-A
静乐,LOC-A
廊坊,LOC-A
南平,LOC-A
太行,LOC-A
燕园,LOC-A
新集,LOC-A
西大山,LOC-A
威尔士,LOC-A
印度洋,LOC-A
英国,LOC-A
罗安达,LOC-A
南乐,LOC-A
珞巴,LOC-A
交易广场,LOC-A
安康,LOC-A
云冈,LOC-A
赞,LOC-A
香港,LOC-A
飞鸿堂,LOC-A
台湾,LOC-A
毛主席故居,LOC-A
西欧,LOC-A
闽,LOC-A
良渚,LOC-A
蚩尤寨,LOC-A
千手堂,LOC-A
斯,LOC-A
马德里,LOC-A
昭关,LOC-A
波多黎各,LOC-A
来兴府,LOC-A
黄壁庄,LOC-A
贝宁,LOC-A
黔,LOC-A
商场,LOC-A
狮子座,LOC-A
伊豆,LOC-A
温岭,LOC-A
神州,LOC-A
压经塔地穴,LOC-A
大厦,LOC-A
银河系,LOC-A
普吉,LOC-A
天游观,LOC-A
西岸,LOC-A
大亚湾,LOC-A
西北欧,LOC-A
荷兰,LOC-A
浩子口,LOC-A
峨眉山,LOC-A
观音阁,LOC-A
琼山,LOC-A
马其顿,LOC-A
峨眉,LOC-A
豆腐店,LOC-A
西丰,LOC-A
琼海,LOC-A
阿里,LOC-A
月,LOC-A
钓,LOC-A
北塞,LOC-A
马山,LOC-A
沙滩,LOC-A
长,LOC-A
巢湖,LOC-A
片马镇,LOC-A
杰伊汉,LOC-A
安源,LOC-A
老虎滩,LOC-A
烟台,LOC-A
友谊大桥,LOC-A
崇文区,LOC-A
济,LOC-A
康定,LOC-A
商洛山,LOC-A
西奈,LOC-A
丹东,LOC-A
自贡,LOC-A
德国,LOC-A
毛村,LOC-A
保定,LOC-A
百色山,LOC-A
剑桥,LOC-A
戴高乐,LOC-A
车臣,LOC-A
长梁山,LOC-A
中原,LOC-A
遮放,LOC-A
清迈,LOC-A
马赛体育场,LOC-A
朝鲜,LOC-A
文建路,LOC-A
清涧,LOC-A
图书城,LOC-A
脂砚斋,LOC-A
卡尼,LOC-A
爱丁堡,LOC-A
卡肖,LOC-A
几内亚湾,LOC-A
焉耆,LOC-A
外八庙,LOC-A
松滋,LOC-A
德昂,LOC-A
淮安,LOC-A
汕头,LOC-A
界限路,LOC-A
施洞,LOC-A
东明,LOC-A
中,LOC-A
卡诺,LOC-A
关中,LOC-A
猴湾,LOC-A
鲁昂,LOC-A
高州,LOC-A
太平洋,LOC-A
北西奈,LOC-A
佑新机场,LOC-A
四川,LOC-A
永丰,LOC-A
有穷国,LOC-A
铁岭,LOC-A
金边,LOC-A
两广,LOC-A
科森察厅,LOC-A
南美,LOC-A
伊朗,LOC-A
平山,LOC-A
朱子社仓,LOC-A
惠安,LOC-A
黑河,LOC-A
动物园,LOC-A
大立,LOC-A
五指峰,LOC-A
近东,LOC-A
费城,LOC-A
凯旋门,LOC-A
淄博,LOC-A
姜堰,LOC-A
特马市,LOC-A
龙宫洞,LOC-A
大陆,LOC-A
鸣沙山,LOC-A
澳洲,LOC-A
松,LOC-A
咸阳,LOC-A
博览中心,LOC-A
威海,LOC-A
藏马山,LOC-A
罗山,LOC-A
南联盟,LOC-A
太空中心,LOC-A
腰岗山,LOC-A
蛇口,LOC-A
老挝,LOC-A
胜利村,LOC-A
十字街,LOC-A
井陉,LOC-A
仙桃,LOC-A
景洪,LOC-A
河内,LOC-A
织女星,LOC-A
君山,LOC-A
沙家浜,LOC-A
台北,LOC-A
云雾山,LOC-A
新区,LOC-A
玉泉,LOC-A
二环路,LOC-A
慕尼黑,LOC-A
保利大厦,LOC-A
圣太田,LOC-A
常,LOC-A
温哥华,LOC-A
柘林,LOC-A
广场,LOC-A
新山,LOC-A
宁都,LOC-A
呼家楼,LOC-A
东南,LOC-A
青云路,LOC-A
杨树房,LOC-A
中亚,LOC-A
莱芜,LOC-A
迪拜港,LOC-A
前所,LOC-A
三角村,LOC-A
拉康,LOC-A
永乐,LOC-A
合阳,LOC-A
广岛,LOC-A
察右旗,LOC-A
静园,LOC-A
马来半岛,LOC-A
东里坟,LOC-A
长春,LOC-A
黄山,LOC-A
昌都,LOC-A
双沟,LOC-A
螳螂山,LOC-A
鼓楼区,LOC-A
酒泉,LOC-A
北流,LOC-A
善本书库,LOC-A
江,LOC-A
斗门,LOC-A
蚩尤,LOC-A
戈兰,LOC-A
齿舞,LOC-A
卢,LOC-A
武夷宫,LOC-A
妈祖阁,LOC-A
高明,LOC-A
板门店,LOC-A
彭水,LOC-A
斗牛宫,LOC-A
前邵,LOC-A
奥地利,LOC-A
港,LOC-A
河洛,LOC-A
长江,LOC-A
硅谷,LOC-A
非,LOC-A
高红村,LOC-A
马岛,LOC-A
东西欧,LOC-A
益智楼,LOC-A
斐济,LOC-A
通州,LOC-A
海子桥,LOC-A
五常市,LOC-A
日本国,LOC-A
索罟湾,LOC-A
庐山,LOC-A
长沙,LOC-A
乐平,LOC-A
安太堡,LOC-A
未名湖,LOC-A
地拉那,LOC-A
固原,LOC-A
安定,LOC-A
西海固,LOC-A
波恩,LOC-A
金水大道,LOC-A
伏羲文化城,LOC-A
两岸,LOC-A
港岛,LOC-A
刘勰墓,LOC-A
曙光菜场,LOC-A
东盟,LOC-A
扬州,LOC-A
拉萨,LOC-A
隆福寺,LOC-A
新加坡,LOC-A
海地,LOC-A
三危山,LOC-A
国子监,LOC-A
滇,LOC-A
玛雅,LOC-A
海上,LOC-A
亚马孙,LOC-A
天安门,LOC-A
灵渠,LOC-A
内蒙古,LOC-A
善本库,LOC-A
邮轮中心,LOC-A
解放碑,LOC-A
吉林,LOC-A
唐,LOC-A
科伦坡,LOC-A
巩留,LOC-A
玉门关,LOC-A
高山,LOC-A
易水,LOC-A
卫星,LOC-A
风桥,LOC-A
海南,LOC-A
葡,LOC-A
郑口,LOC-A
意国,LOC-A
太白,LOC-A
宁波,LOC-A
王府井,LOC-A
沪,LOC-A
加,LOC-A
沙,LOC-A
札幌,LOC-A
科利马,LOC-A
西非,LOC-A
双牌,LOC-A
龙门汤,LOC-A
宝顶山,LOC-A
波恩市,LOC-A
八仙岭,LOC-A
佛莱芒,LOC-A
鲭江,LOC-A
金色大厅,LOC-A
布隆迪,LOC-A
索马里,LOC-A
小榄镇,LOC-A
蒙古,LOC-A
察,LOC-A
河西,LOC-A
利,LOC-A
天竺,LOC-A
东京,LOC-A
三晋,LOC-A
玉门,LOC-A
望城,LOC-A
三洞桥,LOC-A
箱根,LOC-A
加蓬,LOC-A
板桥口,LOC-A
海湾,LOC-A
西双版纳,LOC-A
重庆港,LOC-A
北非,LOC-A
格,LOC-A
青森,LOC-A
布龙,LOC-A
莫高窟,LOC-A
厄,LOC-A
稷山,LOC-A
仕和集,LOC-A
木卫二,LOC-A
大西洋,LOC-A
冲赛康,LOC-A
越南,LOC-A
鞍山,LOC-A
横断山,LOC-A
瓦岗集,LOC-A
四桥,LOC-A
天柱山,LOC-A
基律纳,LOC-A
大伟食杂店,LOC-A
南岛,LOC-A
陈州,LOC-A
M81,LOC-A
星艺阁,LOC-A
女儿岛,LOC-A
旅顺口,LOC-A
官道沟,LOC-A
攀,LOC-A
基辅,LOC-A
比,LOC-A
鲁谷,LOC-A
加的夫,LOC-A
周口店,LOC-A
石,LOC-A
汨罗,LOC-A
柴达木,LOC-A
藏,LOC-A
奥体中心,LOC-A
晋,LOC-A
平顶山,LOC-A
云南,LOC-A
乍得,LOC-A
金星,LOC-A
吉,LOC-A
德班,LOC-A
犹太,LOC-A
黄楼村,LOC-A
山南,LOC-A
圣多美,LOC-A
魏国,LOC-A
百里洲,LOC-A
清凉寺,LOC-A
故宫,LOC-A
谷露,LOC-A
约堡,LOC-A
奉化,LOC-A
苏区,LOC-A
秋叶原,LOC-A
卧龙,LOC-A
以色列,LOC-A
代顿,LOC-A
文,LOC-A
官庄组,LOC-A
格日寺,LOC-A
燕京,LOC-A
金台,LOC-A
塞岛,LOC-A
孔庙,LOC-A
马鞍山,LOC-A
莱茵,LOC-A
恐龙馆,LOC-A
随州,LOC-A
冥王星,LOC-A
夏威夷,LOC-A
大佛湾,LOC-A
土星,LOC-A
袁家岭,LOC-A
孟塬,LOC-A
京九,LOC-A
鲁,LOC-A
西半球,LOC-A
定襄,LOC-A
壶流河,LOC-A
百花山,LOC-A
吴,LOC-A
青海,LOC-A
龙须沟,LOC-A
财神庙,LOC-A
戒坛院,LOC-A
甘孜,LOC-A
保定市,LOC-A
澳门厅,LOC-A
列宁墓,LOC-A
渭华,LOC-A
阿城,LOC-A
玉树,LOC-A
地球,LOC-A
玉皇顶,LOC-A
伯明翰,LOC-A
华岳,LOC-A
克,LOC-A
汉诺威,LOC-A
广德,LOC-A
台,LOC-A
平谷,LOC-A
红岩,LOC-A
高明市,LOC-A
南亚,LOC-A
多,LOC-A
加沙机场,LOC-A
加州,LOC-A
林芝,LOC-A
红安,LOC-A
西北,LOC-A
马,LOC-A
坦,LOC-A
六鲁,LOC-A
不丹,LOC-A
香山,LOC-A
灵山,LOC-A
安徽,LOC-A
崇文门,LOC-A
津,LOC-A
晓园,LOC-A
明泉,LOC-A
那曲,LOC-A
珠海,LOC-A
开普敦,LOC-A
悉尼城,LOC-A
西宁,LOC-A
孟良崮,LOC-A
汉堡,LOC-A
宣汉,LOC-A
泰和,LOC-A
沂蒙,LOC-A
石首,LOC-A
英,LOC-A
麻木树,LOC-A
平遥,LOC-A
吉隆坡,LOC-A
缅甸,LOC-A
文昌,LOC-A
安吴,LOC-A
圣保罗,LOC-A
地,LOC-A
黄河,LOC-A
曲桑寺,LOC-A
盐城,LOC-A
五星村,LOC-A
西二环路,LOC-A
华东,LOC-A
挪威,LOC-A
宝塔山,LOC-A
池袋,LOC-A
北见观察所,LOC-A
时报广场,LOC-A
闻喜,LOC-A
斯温登,LOC-A
西昌,LOC-A
哈尼,LOC-A
梁沟,LOC-A
汉中,LOC-A
协和广场,LOC-A
川奈,LOC-A
丹阳,LOC-A
雅典,LOC-A
安波汤,LOC-A
巴,LOC-A
法兰西,LOC-A
东南欧,LOC-A
独山子,LOC-A
布依,LOC-A
南极,LOC-A
刘府,LOC-A
查盖,LOC-A
上岩洞,LOC-A
隆宝滩,LOC-A
前李卜村,LOC-A
九龙,LOC-A
蔡塘,LOC-A
鲁南,LOC-A
中山路,LOC-A
渔人码头,LOC-A
车桥,LOC-A
秘鲁,LOC-A
马里,LOC-A
小卷阿,LOC-A
亚太,LOC-A
斜塔,LOC-A
临夏,LOC-A
慧中北里,LOC-A
炎陵,LOC-A
金柱村,LOC-A
“和平”号,LOC-A
南特,LOC-A
白家庄,LOC-A
基多,LOC-A
马乡,LOC-A
波,LOC-A
东南亚,LOC-A
盘锦,LOC-A
檀香山,LOC-A
二泉,LOC-A
阿富汗,LOC-A
保管室,LOC-A
武汉,LOC-A
孟买,LOC-A
智,LOC-A
也门,LOC-A
利雅得,LOC-A
即墨,LOC-A
渭,LOC-A
右江,LOC-A
汉川,LOC-A
旱河,LOC-A
靖远,LOC-A
和平宫,LOC-A
斗山,LOC-A
波黑,LOC-A
尼,LOC-A
教育村,LOC-A
哈密,LOC-A
沙特,LOC-A
赤壁,LOC-A
西直门,LOC-A
纪念馆,LOC-A
勤政殿,LOC-A
牌坊群,LOC-A
秘,LOC-A
赵,LOC-A
洛阳,LOC-A
桂,LOC-A
平型关,LOC-A
保满路,LOC-A
女人岛,LOC-A
成都,LOC-A
里庄,LOC-A
洛市,LOC-A
猫儿山,LOC-A
德,LOC-A
嶷山,LOC-A
三星村,LOC-A
红楼,LOC-A
吉安,LOC-A
釜山,LOC-A
查谟,LOC-A
希,LOC-A
榕,LOC-A
摩纳哥,LOC-B
雅尔塔,LOC-B
蒙特雷市,LOC-B
新喀里多尼亚,LOC-B
的里雅斯特市,LOC-B
希斯罗,LOC-B
印度尼西亚,LOC-B
苏里南共和国,LOC-B
乌克兰,LOC-B
墨西哥湾,LOC-B
拉合尔,LOC-B
哈斯科沃,LOC-B
日尔曼,LOC-B
南斯拉夫联盟共和国,LOC-B
莫里纳哨所,LOC-B
肯尼迪航天中心,LOC-B
马达加斯加,LOC-B
欧罗巴,LOC-B
加勒比海,LOC-B
冈瓦纳大陆,LOC-B
阿里特纳,LOC-B
圣地亚哥,LOC-B
塞浦路斯,LOC-B
哈萨克,LOC-B
亚洲一号卫星,LOC-B
明斯特,LOC-B
阿拉伯半岛,LOC-B
达喀尔港,LOC-B
毕加索故居,LOC-B
马萨诸塞州,LOC-B
麦迪逊县,LOC-B
波尔多城,LOC-B
奥斯特洛夫斯基博物馆,LOC-B
甲吾拉山口,LOC-B
喀布尔,LOC-B
威斯特法伦,LOC-B
萨格勒布,LOC-B
厄空军基地,LOC-B
突尼斯,LOC-B
保加利亚共和国,LOC-B
普沃茨克,LOC-B
苏伊士运河,LOC-B
比萨斜塔,LOC-B
巴尔斯卡乌尼河,LOC-B
摩洛哥,LOC-B
米亚瓦,LOC-B
阿尔勒,LOC-B
高尔基大街,LOC-B
托托拉镇,LOC-B
里斯本,LOC-B
海得拉巴,LOC-B
塔吉克斯坦,LOC-B
拉依喀乡,LOC-B
沃尔特水库,LOC-B
锡林郭勒,LOC-B
劳斯莱斯生产基地,LOC-B
休斯敦航天城,LOC-B
肯尼亚,LOC-B
奥什州,LOC-B
俄克拉何马城,LOC-B
克孜勒苏,LOC-B
吉萨省,LOC-B
蒂罗尔,LOC-B
戈埃迪博物馆,LOC-B
孟加拉国,LOC-B
巴约纳,LOC-B
阿尔法空间站,LOC-B
克夫拉达悬崖,LOC-B
罗布林卡,LOC-B
杜塞尔多夫,LOC-B
苏扎克区,LOC-B
斯托克顿,LOC-B
班加罗尔,LOC-B
斯洛伐克,LOC-B
哈尔霍马,LOC-B
格鲁吉亚,LOC-B
巴伐利亚,LOC-B
波罗的海,LOC-B
哥伦比亚省,LOC-B
沙特阿拉伯,LOC-B
莫斯科红场,LOC-B
比哈尔邦,LOC-B
特罗波亚区,LOC-B
匹兹堡市,LOC-B
拉马拉,LOC-B
多普尔,LOC-B
杜尔伯特蒙古族自治县,LOC-B
梅里达市,LOC-B
尼日尔州,LOC-B
乌兹别克,LOC-B
巴拉那河,LOC-B
哈夫拉金字塔,LOC-B
帕米尔,LOC-B
马拉加,LOC-B
珠穆朗玛,LOC-B
罗讷省,LOC-B
努美阿,LOC-B
温尼伯市,LOC-B
下萨克森州,LOC-B
哈利斯科,LOC-B
卡纳克,LOC-B
佛罗伦萨歌剧院,LOC-B
南达科他州,LOC-B
贝内文托省,LOC-B
蒙特利尔大赌场,LOC-B
阿特拉斯,LOC-B
威尼斯,LOC-B
沃尔特河,LOC-B
希阿岛,LOC-B
沃尔特湖,LOC-B
乌尔比诺市,LOC-B
吉萨金字塔,LOC-B
列支敦士登,LOC-B
休斯敦,LOC-B
齐齐哈尔,LOC-B
巴勒斯坦,LOC-B
库卡尔特河,LOC-B
俄联邦,LOC-B
哈拉弋拉科镇,LOC-B
泰米尔纳德邦,LOC-B
里贾纳市,LOC-B
锡林郭勒河曲,LOC-B
布宜诺斯艾利斯,LOC-B
巴拉那河流域,LOC-B
卡拉奇,LOC-B
舒瓦西·勒鲁瓦,LOC-B
厄立特里亚,LOC-B
贝尔格莱德,LOC-B
敖拜淖尔,LOC-B
汉诺威市,LOC-B
尤卡坦半岛,LOC-B
埃塞俄比亚,LOC-B
斯德哥尔摩,LOC-B
斯拉乌季奇市,LOC-B
艾尔索普,LOC-B
曼哈顿,LOC-B
圣地亚哥市,LOC-B
科马杜古加纳河,LOC-B
马拉维湖,LOC-B
莱索托,LOC-B
伊斯法罕省,LOC-B
佛罗里达,LOC-B
奥斯陆,LOC-B
英伦三岛,LOC-B
普鲁士,LOC-B
泰厄罗阿,LOC-B
博尔盖塞公园,LOC-B
马哈拉施特拉邦,LOC-B
拉美塔,LOC-B
洪都拉斯,LOC-B
休斯顿,LOC-B
格尔木,LOC-B
克利夫兰,LOC-B
阿比林市,LOC-B
布莱顿,LOC-B
加尔各答,LOC-B
巴黎歌剧院,LOC-B
阿斯马拉,LOC-B
齐齐哈尔市,LOC-B
潘塔诺苗圃,LOC-B
费尔干纳,LOC-B
雅加达市,LOC-B
冈比亚河,LOC-B
帕福斯空军基地,LOC-B
布伦纳,LOC-B
特维尔大街,LOC-B
西里西亚,LOC-B
明尼阿波利斯市,LOC-B
兰斯克鲁纳,LOC-B
几内亚比绍,LOC-B
塞尔维亚共和国,LOC-B
亚特兰大,LOC-B
内布拉斯加州,LOC-B
巴伊亚州,LOC-B
多米尼加,LOC-B
阿尔法,LOC-B
普拉多,LOC-B
伯南布哥州,LOC-B
德拉瓦尔河,LOC-B
莱克伍德县,LOC-B
亚平宁半岛,LOC-B
科索沃,LOC-B
乌邦寺别墅,LOC-B
巴尔干半岛,LOC-B
奥克兰港女王码头,LOC-B
阿尔萨斯大区,LOC-B
拉塔基亚机场,LOC-B
安得拉邦,LOC-B
土耳其共和国,LOC-B
蒙特勒,LOC-B
恩派尔大街,LOC-B
提格雷州,LOC-B
保加利亚,LOC-B
贾斯珀镇,LOC-B
阿卡普尔科湾,LOC-B
爱沙尼亚共和国,LOC-B
克夫拉达,LOC-B
艾菲尔铁塔,LOC-B
卡萨芒斯,LOC-B
卢森堡,LOC-B
加拉加斯,LOC-B
莱比锡,LOC-B
巴哈马国,LOC-B
斯潘塞,LOC-B
里约热内卢,LOC-B
维吾尔,LOC-B
汉·尤尼斯,LOC-B
贝鲁特,LOC-B
尼日尔河,LOC-B
比什凯克,LOC-B
南苏门答腊省,LOC-B
马尔维纳斯群岛,LOC-B
土库曼斯坦,LOC-B
巴西利亚,LOC-B
阿拉善盟,LOC-B
布达佩斯,LOC-B
撒马尔罕,LOC-B
斯科茨布拉夫市,LOC-B
卢日尼茨村,LOC-B
阿尔巴尼亚,LOC-B
阿拉伯,LOC-B
巴塞罗那,LOC-B
吉尔吉斯,LOC-B
南斯拉夫联盟,LOC-B
哥德堡市,LOC-B
马来西亚,LOC-B
维斯瓦河畔,LOC-B
伍珀塔尔,LOC-B
圣菲波哥大市,LOC-B
科恰班巴省,LOC-B
阿卡普尔科,LOC-B
博茨瓦纳,LOC-B
布伦特,LOC-B
帕塔亚,LOC-B
马尔代夫,LOC-B
斯洛文尼亚,LOC-B
尼·伯尔切斯库镇,LOC-B
摩尔多瓦,LOC-B
普里什蒂纳,LOC-B
南里奥格朗德州,LOC-B
印度次大陆,LOC-B
埃及金字塔,LOC-B
普阿蓝大区,LOC-B
斯特拉斯堡,LOC-B
安第斯山,LOC-B
马奈海姆元帅墓,LOC-B
阿姆贝萨特,LOC-B
奥波莱市,LOC-B
东马来西亚,LOC-B
阿斯塔纳,LOC-B
佛罗伦萨省,LOC-B
哥伦布市,LOC-B
图鲁兹,LOC-B
波尔多,LOC-B
尼泊尔王国,LOC-B
阿尔法星,LOC-B
奥克兰机场,LOC-B
支易洛魁,LOC-B
得克萨斯州,LOC-B
塔科马市,LOC-B
爱沙尼亚,LOC-B
鄂托克前旗,LOC-B
埃克斯,LOC-B
罗马尼亚,LOC-B
奥克兰港,LOC-B
克拉斯诺亚尔斯克,LOC-B
阿达纳市,LOC-B
爱尔兰共和国,LOC-B
阿塞拜疆,LOC-B
塞浦路斯岛,LOC-B
格尔尼卡,LOC-B
库克斯区,LOC-B
萨姆·休斯敦堡,LOC-B
埃舍德,LOC-B
西姆拉,LOC-B
希伯伦,LOC-B
北爱尔兰,LOC-B
珠穆朗玛峰,LOC-B
切尔诺贝利,LOC-B
新英格兰,LOC-B
斯洛伐克共和国,LOC-B
帕里奥利,LOC-B
亚的斯亚贝巴,LOC-B
尼罗河,LOC-B
俄罗斯联邦车臣共和国,LOC-B
罗赖马州,LOC-B
阿尔卑斯山,LOC-B
维多利亚湾,LOC-B
蒙玻利埃,LOC-B
阿拉斯加海湾,LOC-B
阿穆尔州,LOC-B
莱茵河,LOC-B
澳大利亚,LOC-B
墨尔本,LOC-B
墨西哥合众国,LOC-B
西弗吉尼亚州,LOC-B
科托努,LOC-B
阿马里洛市,LOC-B
马尔凯,LOC-B
布鲁塞尔,LOC-B
加泰罗尼亚广场,LOC-B
呼伦贝尔盟,LOC-B
印第安纳州,LOC-B
比佛利山,LOC-B
厄瓜多尔,LOC-B
奥里诺科,LOC-B
埃里克市,LOC-B
马尼拉,LOC-B
俄亥俄州,LOC-B
扎拉阿姆贝萨,LOC-B
巴达赫尚省,LOC-B
凡尔赛门,LOC-B
坦桑尼亚,LOC-B
布宜诺斯艾利斯省,LOC-B
朗罗大区,LOC-B
斯匹茨卑尔根群岛,LOC-B
伊夫岛,LOC-B
伯罗奔尼撒半岛,LOC-B
乌拉圭,LOC-B
卢萨卡,LOC-B
蒙特利尔塔,LOC-B
科布伦茨市,LOC-B
莫斯科市,LOC-B
斯堪的纳维亚半岛,LOC-B
雷西斯滕西亚,LOC-B
安哥拉,LOC-B
加格拉,LOC-B
奥林帕斯卫星,LOC-B
梅兰杰山,LOC-B
圣海伦岛,LOC-B
伊图里河,LOC-B
西奈半岛,LOC-B
普沃茨克市,LOC-B
哈拉雷,LOC-B
布拉迪斯拉伐,LOC-B
拉合尔市,LOC-B
维尔维埃,LOC-B
阿波罗号,LOC-B
帕拉马里博市,LOC-B
琼斯伯勒,LOC-B
喀喇昆仑,LOC-B
布拉格,LOC-B
南亚次大陆,LOC-B
委内瑞拉,LOC-B
奥里诺科河,LOC-B
奥斯威辛集中营,LOC-B
孟加拉,LOC-B
利古里亚,LOC-B
拉巴斯,LOC-B
克拉玛依市,LOC-B
扬·斯马茨大街,LOC-B
维多利亚州,LOC-B
法兰克福,LOC-B
阿根廷总统府,LOC-B
瓜达尔市,LOC-B
德涅斯特河,LOC-B
沙特王国,LOC-B
巴塞罗那市,LOC-B
贾拉拉巴德州,LOC-B
奥拉涅斯塔德,LOC-B
维也纳,LOC-B
新疆维吾尔自治区,LOC-B
卡拉马塔,LOC-B
玻利维亚,LOC-B
拉普拉塔河,LOC-B
阿斯尼博恩公园,LOC-B
比尤纳维斯塔纳湖,LOC-B
科特迪瓦,LOC-B
伊拉克,LOC-B
巴布亚新几内亚,LOC-B
莱茵公园,LOC-B
斯里兰卡,LOC-B
奥肯淖尔,LOC-B
亚太二号R卫星,LOC-B
曼彻斯特,LOC-B
阿波罗,LOC-B
蒂比达博,LOC-B
达喀尔,LOC-B
阿克拉,LOC-B
沃吕维—圣—皮埃尔区,LOC-B
阿尔泰省,LOC-B
德雷西塔,LOC-B
胡夫金字塔,LOC-B
喀喇昆仑山,LOC-B
莫斯科,LOC-B
博雅塔,LOC-B
拉萨市,LOC-B
巴德梅,LOC-B
安德鲁斯空军基地,LOC-B
俄罗斯联邦,LOC-B
贾拉瓦,LOC-B
阿鲁巴,LOC-B
马拉若岛,LOC-B
埃因霍温,LOC-B
阿穆尔,LOC-B
拉贾斯坦邦,LOC-B
牟罗兹,LOC-B
叶马尔麦松村,LOC-B
奥拉奇大厅,LOC-B
特拉维夫,LOC-B
塞瓦斯托波尔,LOC-B
希思罗机场,LOC-B
穆克联邦,LOC-B
下莱茵省,LOC-B
阿布扎比,LOC-B
尼加拉瓜,LOC-B
摩泽尔河,LOC-B
克里姆林宫,LOC-B
肯塔基州,LOC-B
博阿维斯诺市,LOC-B
默克莱,LOC-B
哈萨克斯坦,LOC-B
塞弗勒,LOC-B
麦金利峰,LOC-B
雅鲁藏布江,LOC-B
加利福尼亚半岛,LOC-B
东耶路撒冷,LOC-B
墨西哥城,LOC-B
古吉拉特邦,LOC-B
科连特斯,LOC-B
恰帕斯州,LOC-B
南哥打巴托省,LOC-B
伊斯兰堡,LOC-B
亚美尼亚,LOC-B
萨洛尼卡,LOC-B
普林西比,LOC-B
伯南布哥,LOC-B
德黑兰机场,LOC-B
阿拉木图市,LOC-B
亚得里亚海,LOC-B
巴克斯特大街1101号,LOC-B
贾维茨中心,LOC-B
密西西比河,LOC-B
东亚马孙,LOC-B
比什凯克机场,LOC-B
莱里达市,LOC-B
巴兰基亚市,LOC-B
普列谢茨克发射场,LOC-B
塞舌尔共和国,LOC-B
克里特岛,LOC-B
圭亚纳岛,LOC-B
伯克利校区,LOC-B
毕加索旧居,LOC-B
克莱维,LOC-B
焦拉共和国,LOC-B
圣彼得堡,LOC-B
伯诺尼,LOC-B
杜勒斯国际机场,LOC-B
圣卢卡西亚,LOC-B
巴勒斯坦国,LOC-B
布宜诺斯艾利斯港,LOC-B
金蒙电力城,LOC-B
爱尔兰,LOC-B
哈利斯科州,LOC-B
哈尔滨,LOC-B
马加丹州,LOC-B
乌鲁木齐,LOC-B
哥打京那巴鲁,LOC-B
第比利斯,LOC-B
麦罗特斯体育馆,LOC-B
加尔维斯顿,LOC-B
塞内加尔河,LOC-B
乌兹别克斯坦,LOC-B
卡尔斯鲁厄,LOC-B
苏联共和国,LOC-B
克拉科夫,LOC-B
马拉喀什,LOC-B
奎尔公园,LOC-B
加勒比,LOC-B
巴塞尔,LOC-B
密歇根州,LOC-B
佐治亚州,LOC-B
阿拉斯加州,LOC-B
塞舌尔,LOC-B
塞克萨德,LOC-B
布达拉宫广场,LOC-B
亚洲卫星—3,LOC-B
罗阿大区,LOC-B
苏格兰,LOC-B
纳里尼奥宫,LOC-B
马普马兰加省,LOC-B
加利福尼亚,LOC-B
雅加达特区,LOC-B
白俄罗斯,LOC-B
皮埃塔尔萨里,LOC-B
东加里曼丹省,LOC-B
鄂尔多斯,LOC-B
塞纳河,LOC-B
巴拉圭,LOC-B
博斯腾湖,LOC-B
拉斯维加斯,LOC-B
必打灵查亚,LOC-B
库尔勒,LOC-B
库尔勒市,LOC-B
塞内加尔,LOC-B
纳米比亚,LOC-B
“朗波拉”大道,LOC-B
维拉诺夫宫,LOC-B
阿亚库乔港,LOC-B
博拉兵营,LOC-B
赫尔辛基,LOC-B
瓜亚斯省,LOC-B
马里兰州,LOC-B
塞族共和国,LOC-B
巴哈马,LOC-B
阿迪达斯,LOC-B
埃默鲁市,LOC-B
克什米尔,LOC-B
布加勒斯特,LOC-B
路易斯维尔市,LOC-B
加拉白垒峰,LOC-B
圣彼得堡市,LOC-B
俄罗斯,LOC-B
维也纳机场,LOC-B
德累斯顿,LOC-B
拉斯敦巴斯,LOC-B
蒙特利尔斜塔,LOC-B
茨尔诺列夫公路,LOC-B
鲁斯塔克,LOC-B
法国凯旋门,LOC-B
瓦拉纳西,LOC-B
阿肯色州,LOC-B
马绍尔群岛,LOC-B
圣菲波哥大,LOC-B
马拉维,LOC-B
阿布贾,LOC-B
塔塔尔,LOC-B
加利福尼亚州,LOC-B
尼日利亚,LOC-B
圣保罗州,LOC-B
恰哈尔村,LOC-B
阿曼苏丹国,LOC-B
阿克苏,LOC-B
萨尔瓦多,LOC-B
科雷姆,LOC-B
准噶尔,LOC-B
南斯拉夫,LOC-B
塞尔维亚,LOC-B
西伯利亚,LOC-B
比勒陀利亚,LOC-B
蒙特利尔,LOC-B
阿尔及利亚,LOC-B
塞多尼亚,LOC-B
弗吉尼亚州,LOC-B
英格兰,LOC-B
特古西加尔巴,LOC-B
古尔达拉,LOC-B
凡尔赛,LOC-B
亚美尼亚共和国,LOC-B
尼日尔,LOC-B
阿尔山,LOC-B
萨斯喀彻温省,LOC-B
拉巴特,LOC-B
挪威王国,LOC-B
利比亚,LOC-B
哈拉弋拉科,LOC-B
北海布伦特,LOC-B
印第安那波利斯,LOC-B
德尔迪卜区,LOC-B
博尔西路,LOC-B
宾夕法尼亚州,LOC-B
巴颜喀拉山,LOC-B
阿韦龙省,LOC-B
翁布里亚,LOC-B
圣玛丽亚,LOC-B
索尔兹伯里,LOC-B
圣劳伦斯河,LOC-B
拉斯哈里布储油站,LOC-B
开罗总统府,LOC-B
圣埃蒂安,LOC-B
喀麦隆,LOC-B
阿达纳,LOC-B
乌兰巴托,LOC-B
罗滕堡,LOC-B
莫桑比克,LOC-B
耶路撒冷市,LOC-B
吉尔吉斯斯坦,LOC-B
津巴布韦,LOC-B
托斯卡纳,LOC-B
马拉开波湖,LOC-B
奈卜特山,LOC-B
斯特拉斯堡市,LOC-B
萨尔诺市,LOC-B
卡奥沃斯公园,LOC-B
沃里克郡,LOC-B
库尔德,LOC-B
哈雷彗星,LOC-B
奥克兰,LOC-B
波尔多市,LOC-B
阿姆斯特丹,LOC-B
加泰罗尼亚,LOC-B
佛罗里达州,LOC-B
察哈尔,LOC-B
拉塔基亚,LOC-B
科纳克里,LOC-B
那不勒斯,LOC-B
阿布穆萨岛,LOC-B
拉丁美洲,LOC-B
帕隆藏布江,LOC-B
扎伊尔,LOC-B
约翰内斯堡,LOC-B
撒哈拉,LOC-B
墨尔本市,LOC-B
拉玛四路,LOC-B
扎什伦布寺,LOC-B
厄立特里亚国,LOC-B
乌鲁木齐市,LOC-B
毛里塔尼亚,LOC-B
阿鲁沙省,LOC-B
哈尔滨市,LOC-B
威廉斯堡,LOC-B
波尔多体育场,LOC-B
斯沃博德内发射场,LOC-B
弗拉诺瓦茨,LOC-B
马波乔文化中心,LOC-B
塞拉利昂,LOC-B
萨克·达拉镇,LOC-B
逊克县,LOC-B
叙利亚,LOC-B
希夏邦马峰,LOC-B
塔克拉玛干,LOC-B
埃及胡夫金字塔,LOC-B
伯尔尼,LOC-B
布里斯班港,LOC-B
巴勒斯坦自治区,LOC-B
伊斯兰堡机场,LOC-B
圭亚那,LOC-B
索韦托,LOC-B
南迦巴瓦峰,LOC-B
内罗毕赛马场,LOC-B
阿联酋,LOC-B
英吉利海峡,LOC-B
波恩联邦总理府,LOC-B
阿拉木图,LOC-B
勒夫科尼科机场,LOC-B
普沃茨克省,LOC-B
布里斯班,LOC-B
尼泊尔,LOC-B
沃尔夫斯堡,LOC-B
维也纳市,LOC-B
法扎巴德,LOC-B
施特拉斯堡,LOC-B
黎巴嫩,LOC-B
马尼托巴省,LOC-B
墨西哥州,LOC-B
凡尔赛宫,LOC-B
达沃斯,LOC-B
布达拉宫,LOC-B
马塞卢,LOC-B
桑托斯将军城,LOC-B
阿比让机场,LOC-B
罗布泊,LOC-B
堪萨斯城,LOC-B
阿夸·伊博姆州,LOC-B
普罗比登西夏区,LOC-B
达拉斯,LOC-B
比热戈斯群岛,LOC-B
弗兰卡斯街,LOC-B
联邦德国,LOC-B
罗瓦涅米村,LOC-B
拜科努尔,LOC-B
萨尔诺,LOC-B
布鲁塞尔市,LOC-B
喜马拉雅山,LOC-B
费尔法克斯,LOC-B
明斯克,LOC-B
扎伊尔共和国,LOC-B
图卢兹,LOC-B
玻利瓦尔州,LOC-B
利隆圭,LOC-B
普耶普罗,LOC-B
海德拉巴机场,LOC-B
丹尼利昆,LOC-B
古玛雅遗址,LOC-B
埃菲尔铁塔,LOC-B
雅克·卡蒂埃大桥,LOC-B
伊斯坦布尔,LOC-B
波黑塞族共和国,LOC-B
切尔诺比奥,LOC-B
车里雅宾斯克市,LOC-B
卓奥友峰,LOC-B
赫罗诺夫,LOC-B
艾基莱镇,LOC-B
阿科松博,LOC-B
卡纳塔克邦,LOC-B
巴尔干,LOC-B
亚马孙河,LOC-B
阿布哈兹,LOC-B
奥塞博物馆,LOC-B
切尔米斯,LOC-B
呼和浩特市,LOC-B
巴黎大宫,LOC-B
德国联邦,LOC-B
哥斯达黎加,LOC-B
索罗卡巴镇,LOC-B
威斯康星州,LOC-B
帕里奥利区,LOC-B
亚赛诺瓦茨集中营,LOC-B
萨利马,LOC-B
康斯坦察县,LOC-B
喀土穆,LOC-B
法兰西共和国,LOC-B
塞浦路斯共和国,LOC-B
格拉斯哥,LOC-B
泰达俱乐部,LOC-B
卡诺州,LOC-B
佛罗伦萨,LOC-B
明尼阿波利斯,LOC-B
俄克拉何马,LOC-B
欧亚大陆桥,LOC-B
伊塞克湖,LOC-B
海尔—波普彗星,LOC-B
卡萨布兰卡,LOC-B
斜拉索桥,LOC-B
蒙彼利埃,LOC-B
瓦加杜古,LOC-B
哈瓦那,LOC-B
冒纳凯阿观测台,LOC-B
哥伦比亚,LOC-B
乌布苏,LOC-B
波兰共和国,LOC-B
巴基斯坦,LOC-B
伊克昭盟,LOC-B
克罗地亚,LOC-B
尤里卡,LOC-B
萨吉诺镇,LOC-B
阿鲁沙,LOC-B
毛里求斯,LOC-B
吉莱巴,LOC-B
普希金广场,LOC-B
匈牙利,LOC-B
史迪威公路,LOC-B
格雷罗州,LOC-B
布莱顿剧场,LOC-B
特提斯古海,LOC-B
布基纳法索,LOC-B
卡塔尔,LOC-B
巴德梅—谢拉罗,LOC-B
亚赛诺瓦茨,LOC-B
斯普林菲尔德,LOC-B
格林威治,LOC-B
阿卡普尔科悬崖,LOC-B
拉脱维亚,LOC-B
华联商城,LOC-C
官庄镇,LOC-C
繁峙县,LOC-C
蓬莱市,LOC-C
联邦大厦,LOC-C
大辽河,LOC-C
西四南大街,LOC-C
广元火车站,LOC-C
哲蚌寺,LOC-C
汉城市,LOC-C
温岭市,LOC-C
留各庄镇,LOC-C
东古村,LOC-C
漳州市,LOC-C
国家广场,LOC-C
桂林机场,LOC-C
河北,LOC-C
林庄乡,LOC-C
青州市,LOC-C
北约克区,LOC-C
闸北区,LOC-C
昌黎县,LOC-C
明泉基地,LOC-C
彭县,LOC-C
都柳江,LOC-C
石家庄市,LOC-C
燕塞湖,LOC-C
黄埔大道159号,LOC-C
桃木疙瘩村,LOC-C
永新县,LOC-C
阳城县,LOC-C
江南,LOC-C
镜泊湖,LOC-C
香山公园,LOC-C
方庄小区,LOC-C
泾渭三角洲,LOC-C
付家寨镇,LOC-C
辽宁厅,LOC-C
赤水河,LOC-C
千岛湖,LOC-C
龙泉驿区,LOC-C
吉信大厦,LOC-C
邹平县,LOC-C
东昌府区,LOC-C
大河乡,LOC-C
南丫岛,LOC-C
华尔街,LOC-C
吴家窑乡,LOC-C
建国村,LOC-C
文水县,LOC-C
广饶县,LOC-C
海淀图书城,LOC-C
武夷山,LOC-C
邓县,LOC-C
安泥公路,LOC-C
衢州,LOC-C
松江县,LOC-C
华盛顿州,LOC-C
渭南,LOC-C
坂下村,LOC-C
安阳县,LOC-C
孝顺镇,LOC-C
直港村,LOC-C
吴家包村,LOC-C
临水乡,LOC-C
黑龙江省军区,LOC-C
承德市,LOC-C
绥芬河,LOC-C
苏州新区,LOC-C
曹县,LOC-C
马六甲海峡,LOC-C
南定镇,LOC-C
东莞,LOC-C
江苏,LOC-C
通县,LOC-C
老河口市,LOC-C
北京市,LOC-C
永清县,LOC-C
北大红楼,LOC-C
锡山市,LOC-C
重庆市,LOC-C
华容县,LOC-C
本溪,LOC-C
崇皇乡,LOC-C
东城区,LOC-C
大瓦窑村,LOC-C
元坊村,LOC-C
郑州绿城广场,LOC-C
三联书店,LOC-C
山河农场,LOC-C
南大街,LOC-C
黑龙江省,LOC-C
胪溪教育村,LOC-C
北京,LOC-C
蔡塘村,LOC-C
海盐县,LOC-C
西安市,LOC-C
坎上乡,LOC-C
宿豫县,LOC-C
阳信县,LOC-C
刘庄自然村,LOC-C
月山车站,LOC-C
贵定县,LOC-C
泥汊镇,LOC-C
春都市场,LOC-C
新河县,LOC-C
田口乡,LOC-C
白庙乡,LOC-C
甘丹寺,LOC-C
胡志明市,LOC-C
南非共和国,LOC-C
玉泉营,LOC-C
张店区,LOC-C
滇缅公路,LOC-C
通家口村,LOC-C
直罗镇,LOC-C
巢湖市,LOC-C
浮渡河,LOC-C
晋冀鲁豫边区,LOC-C
新乡市,LOC-C
朝阳路,LOC-C
新津县,LOC-C
尖草坪区,LOC-C
管家务乡,LOC-C
南四湖,LOC-C
江西行省,LOC-C
田东县,LOC-C
农艺山庄,LOC-C
平阳县,LOC-C
田头乡,LOC-C
杨士乡,LOC-C
左权县,LOC-C
万埠镇,LOC-C
大桥路,LOC-C
土城镇,LOC-C
坪石乡,LOC-C
万宁大洲岛,LOC-C
英山县,LOC-C
贵州,LOC-C
西子湖,LOC-C
永乐乡,LOC-C
西藏自治区,LOC-C
高升镇,LOC-C
苇子沟村,LOC-C
洪湖,LOC-C
梧州,LOC-C
丘布特省,LOC-C
林芝县,LOC-C
赤峰市,LOC-C
双羊镇,LOC-C
西张镇,LOC-C
盐湖城,LOC-C
乌咀乡,LOC-C
琼林村,LOC-C
海安县,LOC-C
葛洲坝,LOC-C
南大西洋,LOC-C
鲁西南,LOC-C
五龙潭,LOC-C
门头沟区,LOC-C
渡市乡,LOC-C
小河口镇,LOC-C
包河公园,LOC-C
小高陵村,LOC-C
洞庭湖大桥,LOC-C
大屿山,LOC-C
芜湖市,LOC-C
勐腊县,LOC-C
徽州,LOC-C
抚河,LOC-C
田纳西州,LOC-C
江东路,LOC-C
太原火车站,LOC-C
虹桥机场,LOC-C
宜丰县,LOC-C
新集镇,LOC-C
濑户内海,LOC-C
宁乡县,LOC-C
畲族乡,LOC-C
大屯村,LOC-C
一号坑展厅,LOC-C
桃源村,LOC-C
蔡塘自然村,LOC-C
下湖村,LOC-C
安乐寨村,LOC-C
密执安州,LOC-C
下陈镇,LOC-C
勐腊县城,LOC-C
弥勒县,LOC-C
黑豆峪村,LOC-C
吉祥寺,LOC-C
淮安市,LOC-C
安义县,LOC-C
樟家乡,LOC-C
霞美镇,LOC-C
房山区,LOC-C
将军公园,LOC-C
胶南市,LOC-C
陇穷村,LOC-C
萨安州,LOC-C
莲盛镇,LOC-C
大同县,LOC-C
范家梁村,LOC-C
市政厅站,LOC-C
莱州市,LOC-C
中央苏区,LOC-C
大理石村,LOC-C
港下镇,LOC-C
龙港乡,LOC-C
南太平洋,LOC-C
广州市,LOC-C
海兴县,LOC-C
桂林市,LOC-C
三桥村,LOC-C
牌坊店村,LOC-C
郁山镇,LOC-C
博湖县,LOC-C
济阳县,LOC-C
长海县,LOC-C
伊东市,LOC-C
关累镇,LOC-C
抚河公园,LOC-C
苏州,LOC-C
荆州市,LOC-C
湘赣苏区,LOC-C
商水县,LOC-C
罗河镇,LOC-C
海南岛,LOC-C
浙江村,LOC-C
店张镇,LOC-C
丽水庄,LOC-C
顺平县,LOC-C
大庆市,LOC-C
深圳书城,LOC-C
辽宁省,LOC-C
柳杨堡基地,LOC-C
惠水县,LOC-C
东海县,LOC-C
梁河县,LOC-C
豫园商场,LOC-C
大洲岛,LOC-C
汝阳县,LOC-C
庐江县,LOC-C
支溪岙村,LOC-C
龙泉山,LOC-C
江西省军区,LOC-C
下坪村,LOC-C
俭汤乡,LOC-C
清水县,LOC-C
九江市,LOC-C
甘棠镇,LOC-C
山西省,LOC-C
汀河乡,LOC-C
咸阳市,LOC-C
夏威夷州,LOC-C
阜新市,LOC-C
东交民巷,LOC-C
平度市,LOC-C
小石潭,LOC-C
华坛山镇,LOC-C
九州,LOC-C
爱知县,LOC-C
打铁桥村,LOC-C
太原市,LOC-C
湖南省,LOC-C
柬埔寨,LOC-C
胪溪,LOC-C
河曲县,LOC-C
南京军区,LOC-C
曲水县,LOC-C
邯郸市,LOC-C
安华西里,LOC-C
钱塘江,LOC-C
葫芦岛市,LOC-C
曲麻莱县,LOC-C
景德镇,LOC-C
省军区,LOC-C
东乡,LOC-C
武穴市,LOC-C
清江村,LOC-C
兰州,LOC-C
化州市,LOC-C
宁都县,LOC-C
张集镇,LOC-C
西柏坡公路,LOC-C
沭阳县,LOC-C
广州城,LOC-C
土沟村,LOC-C
桂东县,LOC-C
磅湛省,LOC-C
东长安街,LOC-C
约旦河西岸,LOC-C
京九线,LOC-C
晋察冀军区,LOC-C
避暑山庄,LOC-C
渥太华河,LOC-C
荔景大厦,LOC-C
锦州湾,LOC-C
鹿邑太清宫,LOC-C
牡丹江,LOC-C
龙井村,LOC-C
怀柔县,LOC-C
包公祠,LOC-C
汉江,LOC-C
鲜水河,LOC-C
东顺城街,LOC-C
王村小区,LOC-C
白湖乡,LOC-C
临水河,LOC-C
雁栖湖,LOC-C
定襄县,LOC-C
上庄村,LOC-C
裴刘乡,LOC-C
九龙寨城门,LOC-C
安阳市,LOC-C
浙江,LOC-C
宁国府,LOC-C
上犹县,LOC-C
西泉镇,LOC-C
北流市,LOC-C
望京新城,LOC-C
旬阳县,LOC-C
隆福广场,LOC-C
南京市,LOC-C
泰兴市,LOC-C
畹町新桥,LOC-C
汨罗江,LOC-C
曹州,LOC-C
长江三峡,LOC-C
东宝区,LOC-C
李岗村,LOC-C
秦岭隧道,LOC-C
石渠县,LOC-C
太平店村,LOC-C
澜沧江,LOC-C
普兰店市,LOC-C
邢台县,LOC-C
黄洞乡,LOC-C
道北路,LOC-C
胶济铁路,LOC-C
聚鑫商城,LOC-C
朝天门广场,LOC-C
鄂南,LOC-C
莆田,LOC-C
秦陵,LOC-C
湖东乡,LOC-C
神奈川县,LOC-C
忻州,LOC-C
济宁市,LOC-C
怒江州,LOC-C
华西村,LOC-C
漳浦县,LOC-C
洋河村,LOC-C
九江文化城,LOC-C
白令海峡,LOC-C
东湖,LOC-C
赣州,LOC-C
铜陵市,LOC-C
越秀书店,LOC-C
和平里街道,LOC-C
清涧县,LOC-C
回归儿童村,LOC-C
孙窑乡,LOC-C
玛多县,LOC-C
郏县,LOC-C
马滴达乡,LOC-C
三河市,LOC-C
米脂县,LOC-C
庄家沟村,LOC-C
珠海市,LOC-C
栋梁河,LOC-C
上海市,LOC-C
堰岭隧道,LOC-C
良梨镇,LOC-C
盘锦市,LOC-C
和平区,LOC-C
白金汉宫,LOC-C
三仙湖镇,LOC-C
梨树县,LOC-C
古都河村,LOC-C
天门县,LOC-C
延安市,LOC-C
畹町桥,LOC-C
铁杉公园,LOC-C
云南省军区,LOC-C
栾城县,LOC-C
韶山路,LOC-C
滨河公园,LOC-C
井冈山,LOC-C
定县,LOC-C
陇穷桥,LOC-C
香港新机场,LOC-C
枣阳市,LOC-C
河津市,LOC-C
龙潭镇,LOC-C
楼子营镇,LOC-C
二道沟村,LOC-C
合肥火车站,LOC-C
桑坪镇,LOC-C
临猗县,LOC-C
科沙拉村,LOC-C
宿县,LOC-C
泗泾镇,LOC-C
胶州市,LOC-C
宁晋县,LOC-C
隆城村,LOC-C
平凉市,LOC-C
枞阳县,LOC-C
龙门镇,LOC-C
白河县,LOC-C
绥化市,LOC-C
太阳宫,LOC-C
召忽镇,LOC-C
广东省,LOC-C
北京动物园,LOC-C
上野动物园,LOC-C
红海州,LOC-C
成都军区,LOC-C
白云公园,LOC-C
辽阳,LOC-C
茂敦花园,LOC-C
龙华公园,LOC-C
都市大厅,LOC-C
虞城县,LOC-C
咸阳防洪渠,LOC-C
独山子区,LOC-C
如东县,LOC-C
陕甘苏区,LOC-C
六里屯,LOC-C
李沟村,LOC-C
岫岩县,LOC-C
陕南,LOC-C
大通河,LOC-C
南美洲,LOC-C
寿光市,LOC-C
高坪区,LOC-C
庄河市,LOC-C
北京大学星,LOC-C
沈钧儒故居,LOC-C
放王岗汉墓,LOC-C
民族文化宫,LOC-C
绕阳河,LOC-C
魏公村,LOC-C
济州道,LOC-C
洪泽湖,LOC-C
神农溪,LOC-C
兴农大厦,LOC-C
保福乡,LOC-C
嘉陵区种畜场,LOC-C
大兴县,LOC-C
西岗镇,LOC-C
雁窝岛,LOC-C
牧牛道场,LOC-C
文昌椰林湾,LOC-C
鄱阳湖,LOC-C
汪甸乡,LOC-C
京沪铁路,LOC-C
海滦河,LOC-C
长安商场,LOC-C
路桥区,LOC-C
南湖公园,LOC-C
营口市,LOC-C
黑龙江,LOC-C
上甬村,LOC-C
长安县,LOC-C
湘潭市,LOC-C
唐宁街10号,LOC-C
河南,LOC-C
西单北大街,LOC-C
九广铁路,LOC-C
湟源县,LOC-C
滨海边疆区,LOC-C
金华火车站,LOC-C
苏州河,LOC-C
微山湖,LOC-C
张黄镇,LOC-C
城固县,LOC-C
约贝州,LOC-C
蓬街镇,LOC-C
江东村,LOC-C
鲁山县,LOC-C
广州湾,LOC-C
北部湾,LOC-C
惠州,LOC-C
长沙市,LOC-C
黄兴路,LOC-C
国会大厦,LOC-C
魏都区,LOC-C
松滋市,LOC-C
横道河子林区,LOC-C
郓城县,LOC-C
开封县,LOC-C
乐安县,LOC-C
和平乡,LOC-C
广西军区,LOC-C
圣科莫镇,LOC-C
杭州市,LOC-C
便民商店,LOC-C
建湖,LOC-C
阳高县,LOC-C
中银大厦,LOC-C
沈阳市,LOC-C
府城镇,LOC-C
遵义市,LOC-C
盐池县,LOC-C
泾源县,LOC-C
莆田县,LOC-C
西青区,LOC-C
福建省,LOC-C
余姚市,LOC-C
南邦府,LOC-C
牡丹江市,LOC-C
中央军区,LOC-C
平潭县,LOC-C
淄博市,LOC-C
山东省,LOC-C
京广线,LOC-C
莘县,LOC-C
汉正街,LOC-C
山东军区,LOC-C
红花山公园,LOC-C
三元镇,LOC-C
兴凯湖,LOC-C
胶东半岛,LOC-C
平陆县,LOC-C
镇赉县,LOC-C
定兴县,LOC-C
福坑口村,LOC-C
南山堡村,LOC-C
建昌县,LOC-C
湛河区,LOC-C
云岩区,LOC-C
洛阳市,LOC-C
官桥湖,LOC-C
东方公园,LOC-C
丰台区,LOC-C
明石海峡,LOC-C
多瑙河,LOC-C
江北,LOC-C
姚河乡,LOC-C
河北省,LOC-C
新余市,LOC-C
涉县,LOC-C
乌沙村,LOC-C
长征市场,LOC-C
新乐公园,LOC-C
黑石礁湾,LOC-C
铜川市,LOC-C
山东半岛,LOC-C
东苌池村,LOC-C
喀城公路,LOC-C
中南海,LOC-C
宝鸡县,LOC-C
北流江,LOC-C
中国馆,LOC-C
高黎贡山,LOC-C
沭阳,LOC-C
赣江,LOC-C
涿州,LOC-C
岗南水库,LOC-C
纽约42街,LOC-C
璜土镇,LOC-C
北京动物,LOC-C
太平洋铁路,LOC-C
灯市西口,LOC-C
舟曲县,LOC-C
宿迁市,LOC-C
上湾乡,LOC-C
头苑镇,LOC-C
迁安市,LOC-C
文安县,LOC-C
西半湖,LOC-C
柬埔寨王国,LOC-C
中山陵,LOC-C
九原县,LOC-C
武乡县,LOC-C
东望洋灯塔,LOC-C
江永县,LOC-C
静乐县,LOC-C
明石市,LOC-C
旌德县,LOC-C
京张线,LOC-C
城关镇,LOC-C
南中国海,LOC-C
潢川县,LOC-C
东江,LOC-C
平原县,LOC-C
横溪,LOC-C
合肥市,LOC-C
朱中镇,LOC-C
贵州省,LOC-C
高青县,LOC-C
新北乡,LOC-C
红庙李村,LOC-C
景山社区,LOC-C
窑河乡,LOC-C
常州市,LOC-C
甘孜州,LOC-C
沧州,LOC-C
大营子镇,LOC-C
堆龙德庆县,LOC-C
红庄乡,LOC-C
敦煌城,LOC-C
海南省,LOC-C
璜塘镇,LOC-C
靖远县,LOC-C
龙固镇,LOC-C
临湘市,LOC-C
山镇,LOC-C
唐山市,LOC-C
淮阴市,LOC-C
唐槐大厦,LOC-C
通州市,LOC-C
银行街,LOC-C
恩平市,LOC-C
沛县,LOC-C
三座门大街,LOC-C
黑石寨,LOC-C
温泉市,LOC-C
上海北站,LOC-C
大鹏半岛,LOC-C
秋荔亭,LOC-C
西天目山,LOC-C
大足石窟,LOC-C
嫩江基地,LOC-C
里庄村,LOC-C
义乌市,LOC-C
孙镇村,LOC-C
红旗街,LOC-C
宁津县,LOC-C
闽江,LOC-C
天水市,LOC-C
黄巷楼,LOC-C
浦北县,LOC-C
进贤县,LOC-C
福州市,LOC-C
四川省,LOC-C
鸡公岭村,LOC-C
郑口镇,LOC-C
北大南街,LOC-C
沙巴州,LOC-C
凤翔县,LOC-C
大鹿岛村,LOC-C
博野县,LOC-C
虞家河乡,LOC-C
淮河,LOC-C
沟帮子镇,LOC-C
杭州湾,LOC-C
荣国府,LOC-C
新安镇,LOC-C
大三巴牌坊,LOC-C
莒南县,LOC-C
潜江市,LOC-C
云居寺,LOC-C
新市乡,LOC-C
西柏坡村,LOC-C
湘潭,LOC-C
梅岭小岭林场,LOC-C
西北处置场,LOC-C
淮南市,LOC-C
西柏坡乡,LOC-C
德州市,LOC-C
大营镇,LOC-C
北方邦,LOC-C
陕西省,LOC-C
河间市,LOC-C
符山镇,LOC-C
凌海市,LOC-C
岭南,LOC-C
宜春市,LOC-C
岗南镇,LOC-C
高峰乡,LOC-C
张家口市,LOC-C
秦淮河,LOC-C
吴桥县,LOC-C
市朝阳路,LOC-C
西宁市,LOC-C
鸭绿江,LOC-C
北京城,LOC-C
石门夹山寺,LOC-C
曲靖市,LOC-C
川藏公路,LOC-C
南海子麋鹿苑,LOC-C
新疆村,LOC-C
陈官乡,LOC-C
镇国寺,LOC-C
蛟河市,LOC-C
大东区,LOC-C
文县,LOC-C
曹峪村,LOC-C
卢沟桥乡,LOC-C
蚩尤北寨,LOC-C
竹园镇,LOC-C
湾仔道,LOC-C
闸北体育场,LOC-C
南召县,LOC-C
郾城县,LOC-C
民主德国,LOC-C
楠杆镇,LOC-C
秦皇岛市,LOC-C
北固碾村,LOC-C
富春江,LOC-C
城郊乡,LOC-C
阜成门,LOC-C
南直隶省,LOC-C
湘西军区,LOC-C
汉巴大桥,LOC-C
台湾海峡,LOC-C
苍山县,LOC-C
丰田市,LOC-C
萧山市,LOC-C
南戴河,LOC-C
福建省军区,LOC-C
枫露公园,LOC-C
新市村,LOC-C
中国村,LOC-C
五道沟村,LOC-C
广汉市,LOC-C
台州市,LOC-C
天津市,LOC-C
安丘市,LOC-C
临汾军分区,LOC-C
刘家塔镇,LOC-C
城西乡,LOC-C
福清市,LOC-C
大余县,LOC-C
涪陵,LOC-C
宣汉县,LOC-C
潍坊市,LOC-C
平谷县,LOC-C
石首市,LOC-C
卫东区,LOC-C
干城章嘉峰,LOC-C
台州,LOC-C
拱北石,LOC-C
牛山果园,LOC-C
安波汤镇,LOC-C
惠安县,LOC-C
中南军区,LOC-C
儒林村,LOC-C
龙口市,LOC-C
大西洋线,LOC-C
甘肃省,LOC-C
北龙处置场,LOC-C
湛江,LOC-C
祁东县,LOC-C
康达商城,LOC-C
高邑县,LOC-C
深南中路,LOC-C
中国城,LOC-C
松江,LOC-C
马岭河,LOC-C
临湖轩,LOC-C
冯家镇,LOC-C
新疆军区,LOC-C
黄河三角洲,LOC-C
新安江,LOC-C
青浦县,LOC-C
吴窑村,LOC-C
七溪岭,LOC-C
嘉峪关,LOC-C
林县,LOC-C
赣州市,LOC-C
永定河,LOC-C
塘桥镇,LOC-C
惠台乡,LOC-C
什邡市,LOC-C
宁镇,LOC-C
建国门街道,LOC-C
戴窑镇,LOC-C
山城堡,LOC-C
京山县,LOC-C
威海市,LOC-C
大城县,LOC-C
邵阳县,LOC-C
沂南,LOC-C
大连市,LOC-C
南昌市,LOC-C
京东大溶洞,LOC-C
浦江,LOC-C
北海银滩,LOC-C
湖田镇,LOC-C
龙潭湖,LOC-C
京沪线,LOC-C
源头古代馆,LOC-C
邓州府,LOC-C
邬庙村,LOC-C
西华县,LOC-C
山泉乡,LOC-C
滹沱河,LOC-C
东涌线,LOC-C
北大荒,LOC-C
太庙乡,LOC-C
西湖,LOC-C
永乐禅寺,LOC-C
金石滩,LOC-C
启明市场,LOC-C
胪岗镇,LOC-C
金桥乡,LOC-C
官庄村,LOC-C
海峡两岸,LOC-C
沔阳县,LOC-C
南昌县,LOC-C
济南军区,LOC-C
黑山共和国,LOC-C
石榴庄村,LOC-C
盘山县,LOC-C
南岗区,LOC-C
称多县,LOC-C
安化县,LOC-C
李庄村,LOC-C
王庄村,LOC-C
兴国县,LOC-C
新桥镇,LOC-C
宜昌市,LOC-C
香港特区,LOC-C
兴业县,LOC-C
临江楼,LOC-C
鹿寨县,LOC-C
北京西客站,LOC-C
潮白河,LOC-C
西澳港口,LOC-C
西海镇,LOC-C
梨园镇,LOC-C
临沂市,LOC-C
黔江,LOC-C
张北县,LOC-C
东莞市,LOC-C
南平镇,LOC-C
邓屯乡,LOC-C
达江乡,LOC-C
宁武镇,LOC-C
兴安林场,LOC-C
鞍山市,LOC-C
茂南区,LOC-C
大村镇,LOC-C
天安门广场,LOC-C
北四环东路,LOC-C
耿镇,LOC-C
梁山县,LOC-C
苏里南,LOC-C
龙泉驿,LOC-C
辰溪,LOC-C
玉峰山,LOC-C
北京军区,LOC-C
上饶县,LOC-C
怀来县,LOC-C
宝丰县,LOC-C
莲峰庙,LOC-C
鹰厦铁路,LOC-C
梁沟村,LOC-C
潜江县,LOC-C
阳江,LOC-C
西太平洋,LOC-C
玉渊潭公园,LOC-C
山高村,LOC-C
兖州,LOC-C
增田町,LOC-C
江原道,LOC-C
湖北,LOC-C
南京明城墙,LOC-C
杨屯镇,LOC-C
大明镇,LOC-C
石龙乡,LOC-C
莲华镇,LOC-C
旁遮普省,LOC-C
爱德华河,LOC-C
峨嵋岭,LOC-C
红河谷,LOC-C
海埂基地,LOC-C
江夏区,LOC-C
沙坪坝,LOC-C
新泽西州,LOC-C
玉林市,LOC-C
北京西站,LOC-C
新澳凼大桥,LOC-C
岳阳市,LOC-C
青山村,LOC-C
珠江三角洲,LOC-C
南泥湾,LOC-C
底特律市,LOC-C
后河乡,LOC-C
沈丘县,LOC-C
北仑河,LOC-C
淡路岛,LOC-C
万县,LOC-C
明石海峡大桥,LOC-C
川圹省,LOC-C
新郑市,LOC-C
吉林省,LOC-C
杭州,LOC-C
华华茶厅,LOC-C
华山车站,LOC-C
泉州,LOC-C
古都河,LOC-C
紫荆堤,LOC-C
利津县,LOC-C
滁县,LOC-C
南县,LOC-C
科布多省,LOC-C
茅台镇,LOC-C
比绍市,LOC-C
大洋河,LOC-C
京九铁路,LOC-C
涞源县,LOC-C
邢台市,LOC-C
岐阜县,LOC-C
东方红一号,LOC-C
左城隍,LOC-C
渭南市,LOC-C
北疆,LOC-C
稷山县,LOC-C
彭泽县,LOC-C
江阴市,LOC-C
西岸村,LOC-C
河西乡,LOC-C
松花江,LOC-C
阳宗海,LOC-C
张家界市,LOC-C
东濑户,LOC-C
睢县,LOC-C
南庄村,LOC-C
徐州,LOC-C
东南九龙,LOC-C
孙屯村,LOC-C
自治区,LOC-C
中卫县,LOC-C
内华达州,LOC-C
烈士陵园,LOC-C
府南河,LOC-C
里约州,LOC-C
岐山县,LOC-C
下陈街,LOC-C
荆州,LOC-C
公明镇,LOC-C
农民公园,LOC-C
偃师商城,LOC-C
湘阴县,LOC-C
巢县,LOC-C
陆埠镇,LOC-C
武鸣县,LOC-C
庄浪县,LOC-C
解庄村,LOC-C
辽河,LOC-C
长春市,LOC-C
金海湖,LOC-C
江汉,LOC-C
井陉县,LOC-C
太阳岛,LOC-C
合阳县,LOC-C
白宫玫瑰园,LOC-C
鳌江,LOC-C
襄阳,LOC-C
银滩公园,LOC-C
南极洲,LOC-C
静冈县,LOC-C
孟店桥村,LOC-C
沙捞越州,LOC-C
石家庄,LOC-C
多福农庄,LOC-C
资山镇,LOC-C
罗田县,LOC-C
凤凰山,LOC-C
濮阳市,LOC-C
西峡县,LOC-C
黄山市,LOC-C
南澳州,LOC-C
济州,LOC-C
中国书店,LOC-C
赣榆县,LOC-C
澳门特区,LOC-C
海口市,LOC-C
华侨农场,LOC-C
古堰塞湖,LOC-C
红原县,LOC-C
随州市,LOC-C
王桥村,LOC-C
太阳金字塔,LOC-C
洋县,LOC-C
董家青墩村,LOC-C
八宿县,LOC-C
乔庄村,LOC-C
泰宁县,LOC-C
张宅乡,LOC-C
下塘村,LOC-C
朝鲜半岛,LOC-C
青州,LOC-C
畹町河,LOC-C
六里地屯,LOC-C
文昌市,LOC-C
云霄县,LOC-C
珠江,LOC-C
池州,LOC-C
沈阳军区,LOC-C
安东市,LOC-C
凉州,LOC-C
南京,LOC-C
苌池乡,LOC-C
秋田县,LOC-C
包公墓园,LOC-C
舟山群岛,LOC-C
东阳镇,LOC-C
排龙乡,LOC-C
淮海,LOC-C
霍普镇,LOC-C
武夷山市,LOC-C
东南线,LOC-C
利港镇,LOC-C
北海市,LOC-C
庄河,LOC-C
蔚县,LOC-C
大鸣门桥,LOC-C
通川郡,LOC-C
冲绳县,LOC-C
延寿县,LOC-C
太平村,LOC-C
滑翔小区,LOC-C
巴山蜀水,LOC-C
清川江,LOC-C
北仑港,LOC-C
黄松峪乡,LOC-C
洪山乡,LOC-C
潮阳市,LOC-C
东风市场,LOC-C
湖南,LOC-C
斗门镇,LOC-C
大荒顶子屯,LOC-C
定林寺,LOC-C
武汉市,LOC-C
中山市,LOC-C
郭家庄,LOC-C
安家镇,LOC-C
都匀市,LOC-C
兵库县,LOC-C
大沙河,LOC-C
信丰县,LOC-C
砀山县,LOC-C
大冶市,LOC-C
深圳市,LOC-C
长江三桥,LOC-C
凼仔岛,LOC-C
讷河市,LOC-C
平乡镇,LOC-C
平定镇,LOC-C
安徽省,LOC-C
琦玉县,LOC-C
九寨沟,LOC-C
向阳镇,LOC-C
二百户村,LOC-C
海棠寺车站,LOC-C
光明港河,LOC-C
香港大球场,LOC-C
东乡县,LOC-C
武陵源,LOC-C
顶坪村,LOC-C
南甸镇,LOC-C
广（州）,LOC-C
莒县,LOC-C
九曲溪,LOC-C
漳州,LOC-C
朝阳胡同,LOC-C
兰州军区,LOC-C
清水江,LOC-C
星城大赌场,LOC-C
平山县,LOC-C
湖北省,LOC-C
新桥村,LOC-C
渑池县,LOC-C
井冈山市,LOC-C
南湖,LOC-C
新疆省,LOC-C
俾路支省,LOC-C
城陵矶,LOC-C
大武镇,LOC-C
石清沟村,LOC-C
常太镇,LOC-C
长寿县,LOC-C
码市镇,LOC-C
兴安县,LOC-C
西园乡,LOC-C
南充市,LOC-C
龙泉乡,LOC-C
易县,LOC-C
海林镇,LOC-C
石榴庄,LOC-C
沂蒙山,LOC-C
畲族山村,LOC-C
云南省,LOC-C
沙埠镇,LOC-C
砚池街,LOC-C
信德省,LOC-C
龙江乡,LOC-C
中非共和国,LOC-C
芜湖县,LOC-C
澄海市,LOC-C
阳新县,LOC-C
彩虹花园,LOC-C
网市镇,LOC-C
揭东县,LOC-C
福州,LOC-C
紫金山天文台,LOC-C
麻栗坡县,LOC-C
阜阳,LOC-C
永定门车站,LOC-C
巴黎市,LOC-C
东四街道,LOC-C
荷花嘴乡,LOC-C
东海道新干线,LOC-C
神冈町,LOC-C
下一村庄,LOC-C
东方红三号,LOC-C
滋阳湖,LOC-C
普宁寺,LOC-C
沧州市,LOC-C
福安市,LOC-C
湖广行省,LOC-C
太平天国,LOC-C
倍加造镇,LOC-C
南疆,LOC-C
车公庄,LOC-C
西沙群岛,LOC-C
西康铁路,LOC-C
天河区,LOC-C
二道桥市场,LOC-C
李自成墓,LOC-C
右衙署,LOC-C
东京都,LOC-C
泰安市,LOC-C
濑户大桥,LOC-C
福井县,LOC-C
王坡村,LOC-C
梁子湖,LOC-C
唐古拉山,LOC-C
彭阳县,LOC-C
沙矶头村,LOC-C
江安,LOC-C
广电大厦,LOC-C
丰乐乡,LOC-C
靖西县,LOC-C
花园大道,LOC-C
纽约州,LOC-C
雁翅镇,LOC-C
徐州市,LOC-C
燕山街,LOC-C
新华书店,LOC-C
临淄区,LOC-C
金华市,LOC-C
辽东湾,LOC-C
澳门半岛,LOC-C
慕仪乡,LOC-C
慈溪,LOC-C
香日德镇,LOC-C
中华民国,LOC-C
东殷民村,LOC-C
观庙乡,LOC-C
东港市,LOC-C
邓小平同志故居,LOC-C
江西,LOC-C
金水河,LOC-C
渭源县,LOC-C
金台西路2号,LOC-C
连云港,LOC-C
南昌,LOC-C
峭岐镇,LOC-C
曲阜市,LOC-C
丰南县,LOC-C
广州,LOC-C
大兴安岭,LOC-C
台湾省,LOC-C
东河南镇,LOC-C
柳州,LOC-C
麦禾营镇,LOC-C
江西省,LOC-C
张金镇,LOC-C
延吉新村,LOC-C
北运河,LOC-C
景德镇市,LOC-C
内丘县,LOC-C
辉县市,LOC-C
宝顶大佛湾,LOC-C
祝家庄镇,LOC-C
纽约市,LOC-C
广水市,LOC-C
铁法市,LOC-C
渤海湾,LOC-C
翟坡村,LOC-C
兴平市,LOC-C
八辛庄村,LOC-C
刘勰墓地,LOC-C
湄公河,LOC-C
酒泉市,LOC-C
东非大裂谷,LOC-C
鄂州市,LOC-C
湖心亭,LOC-C
韶关市,LOC-C
东营市,LOC-C
河西走廊,LOC-C
庆贺寺乡,LOC-C
五门堰,LOC-C
乐陵市,LOC-C
右江河谷,LOC-C
瓦房店市,LOC-C
巩义市,LOC-C
临汾市,LOC-C
盂县,LOC-C
孝肃亭,LOC-C
湄洲湾,LOC-C
何庄子市场,LOC-C
罗庄镇,LOC-C
大十字夜市,LOC-C
北沟村,LOC-C
通州区,LOC-C
湘乡市,LOC-C
万新垂钓园,LOC-C
复兴商业城,LOC-C
青海省,LOC-C
襄樊,LOC-C
枝江市,LOC-C
小梁乡,LOC-C
洞庭湖,LOC-C
罗镇乡,LOC-C
小江村,LOC-C
荆门市,LOC-C
北大西门,LOC-C
济南市,LOC-C
西北省,LOC-C
新华区,LOC-C
张庄村,LOC-C
中甸县,LOC-C
胡志明市陵园,LOC-C
凤城市,LOC-C
秦淮,LOC-C
顺义县,LOC-C
石英畜牧场,LOC-C
大连湾,LOC-C
厦门市,LOC-C
洛杉矶市,LOC-C
北海道,LOC-C
东陵区,LOC-C
铁西区,LOC-C
隆化县,LOC-C
方山村,LOC-C
吉林军区,LOC-C
河渠乡,LOC-C
陈沟村,LOC-C
四川牧区,LOC-C
湟水河,LOC-C
太子湾公园,LOC-C
南海子,LOC-C
晏城镇,LOC-C
宁芜,LOC-C
大明湖,LOC-C
汾河,LOC-C
岗底村,LOC-C
韩岗镇,LOC-C
椒江区,LOC-C
平果县,LOC-C
鹿冈乡,LOC-C
兴安省,LOC-C
乐平市,LOC-C
华东军区,LOC-C
建湖县,LOC-C
陈庄乡,LOC-C
广州军区,LOC-C
南沙沟,LOC-C
平头楼村,LOC-C
大夹街,LOC-C
航都大厦,LOC-C
郑州,LOC-C
龙港镇,LOC-C
平安乡,LOC-C
黄岭村,LOC-C
眉县,LOC-C
林州,LOC-C
孙桥镇,LOC-C
白沙镇,LOC-C
深（圳）,LOC-C
米林县,LOC-C
白水江,LOC-C
东京湾,LOC-C
梅李镇,LOC-C
前邵村,LOC-C
巴陵郡,LOC-C
江东门,LOC-C
海林市,LOC-C
湘江,LOC-C
黄石三角塘,LOC-C
江苏省,LOC-C
南特市,LOC-C
郑州市,LOC-C
唐人街,LOC-C
故城县,LOC-C
吉岗村,LOC-C
如皋市,LOC-C
武义县,LOC-C
绛县,LOC-C
偃虹堤,LOC-C
高唐县,LOC-C
泥河镇,LOC-C
上温乡,LOC-C
洞井乡,LOC-C
承德避暑山庄,LOC-C
潭头镇,LOC-C
东大寺,LOC-C
东营军分区,LOC-C
平顶山市,LOC-C
航民村,LOC-C
张家港市,LOC-C
西梁村,LOC-C
乌江,LOC-C
下汤镇,LOC-C
渝水区,LOC-C
公安县,LOC-C
泾河,LOC-C
礼泉县,LOC-C
江山,LOC-C
罗湾村,LOC-C
玄武湖,LOC-C
大昭寺,LOC-C
大西洋城,LOC-C
龙门山,LOC-C
喇嘛寺村,LOC-C
东大桥,LOC-C
达县,LOC-C
胶州湾,LOC-C
西丰县,LOC-C
贵阳市,LOC-C
浙江省,LOC-C
昌平县,LOC-C
黑山县,LOC-C
成都市,LOC-C
聊城市,LOC-C
泸水县,LOC-C
南岸区,LOC-C
武汉剧院,LOC-C
泸溪县,LOC-C
浦东新区,LOC-C
乌邦寺,LOC-C
福田区,LOC-C
玉渊潭,LOC-C
东湖碑林,LOC-C
龙王塘村,LOC-C
韶关车站,LOC-C
保康县,LOC-C
罗山县,LOC-C
本州岛,LOC-C
吴健雄墓园,LOC-C
清江影都,LOC-C
古籍书店,LOC-C
德岛县,LOC-C
大渡河,LOC-C
青岛市,LOC-C
芫峰村,LOC-C
永丰县,LOC-C
温州市,LOC-C
锦州,LOC-C
富阳市,LOC-C
兴化市,LOC-C
蓝旗镇,LOC-C
长安街,LOC-C
防城港市,LOC-C
龙池山,LOC-C
北戴河,LOC-C
新河镇,LOC-C
商城县,LOC-C
肥城市,LOC-C
西江,LOC-C
重庆城,LOC-C
西郊公园,LOC-C
新德里市,LOC-C
长江三角洲,LOC-C
沅江市,LOC-C
湖心岛,LOC-C
津轻海峡,LOC-C
临汾,LOC-C
荆庄乡,LOC-C
科森察省,LOC-C
百里洲镇,LOC-C
华西村广场,LOC-C
漓江,LOC-C
海淀区,LOC-C
邓州,LOC-C
苏州市,LOC-C
葫芦岛,LOC-C
集美航天城,LOC-C
清凉寺汝窑址,LOC-C
芜湖,LOC-C
南市屯村,LOC-C
京杭运河,LOC-C
陕西,LOC-C
李庄镇,LOC-C
祁连山,LOC-C
龙舟池,LOC-C
上杭县,LOC-C
凌水河,LOC-C
天安门城楼,LOC-C
上固乡,LOC-C
天景花园,LOC-C
兰山区,LOC-C
昆明市,LOC-C
太阳观测卫星,LOC-C
冀鲁豫军区,LOC-C
位庄乡,LOC-C
凤阳县,LOC-C
程家峪村,LOC-C
拍凤裕庭公路,LOC-C
陇海铁路线,LOC-C
海河,LOC-C
潍坊,LOC-C
秦皇岛,LOC-C
南海市,LOC-C
中央公园,LOC-C
林州市,LOC-C
江门市,LOC-C
柳园村,LOC-C
莲花北路,LOC-C
饶阳店,LOC-C
浏阳河,LOC-C
蜀都大道,LOC-C
南宁,LOC-C
龙南县,LOC-C
阳涉铁路,LOC-C
铺集镇,LOC-C
怀安县,LOC-C
红海省,LOC-C
朝阳区,LOC-C
灯市口,LOC-C
岳阳楼,LOC-C
市新华书店,LOC-C
河南省,LOC-C
天津警备区,LOC-C
故宫护城河,LOC-C
高陵县,LOC-C
南阳,LOC-C
和田县,LOC-C
西秦岭,LOC-C
九龙寨,LOC-C
京汉铁路,LOC-C
大阿镇,LOC-C
小河镇,LOC-C
南天门,LOC-C
沙边子村,LOC-C
汕头市,LOC-C
丹东市,LOC-C
金沙江,LOC-C
黄河游览区,LOC-C
灵邱县,LOC-C
珲春市,LOC-C
镇江,LOC-C
遵化市,LOC-C
盖州市,LOC-C
恭城县,LOC-C
襄樊市,LOC-C
新翼会展中心,LOC-D
凯鑫粮油批发市场,LOC-D
罗马现代艺术博物馆,LOC-D
一楼宏昌里C—1—83号,LOC-D
汉正街中心商城,LOC-D
哥伦布纪念碑,LOC-D
“征服太空”馆,LOC-D
南昌八一起义纪念馆,LOC-D
比绍国际机场,LOC-D
北京天文馆,LOC-D
北京工人体育馆,LOC-D
北纬30．5度，东经89．5度,LOC-D
南京长三角文化市场,LOC-D
隆福广场商场,LOC-D
神户淡路鸣门汽车道,LOC-D
惠比寿花园小区,LOC-D
淮阴博物馆,LOC-D
登山大本营营地,LOC-D
淮阴市新华书店,LOC-D
哈佛大学纪念大厦,LOC-D
内蒙古自治区,LOC-D
江苏大丰县林场,LOC-D
雷锋纪念馆,LOC-D
红磡体育馆,LOC-D
抗美援朝纪念馆,LOC-D
上海体育场,LOC-D
侵华日军南京大屠杀遇难同胞纪念馆,LOC-D
广州市购书中心,LOC-D
南站蔬菜批发市场交易大厅,LOC-D
先农坛体育场,LOC-D
北京音乐厅,LOC-D
北京百货大楼,LOC-D
庄希泉纪念馆,LOC-D
国家总书库,LOC-D
新闻联播演播室,LOC-D
工体钰泰保龄球馆,LOC-D
西北革命根据地,LOC-D
中央档案馆,LOC-D
丰宁满族自治县,LOC-D
大英图书馆,LOC-D
东安批发市场,LOC-D
早稻田大学图书馆,LOC-D
艺术史博物馆,LOC-D
左海公园水族馆,LOC-D
龙潭湖花园别墅,LOC-D
堆龙德庆农牧区,LOC-D
二十一世纪演艺中心,LOC-D
西昌卫星中心,LOC-D
陕北革命根据地,LOC-D
八宝山革命公墓,LOC-D
重庆市人民大会堂,LOC-D
国家大剧院,LOC-D
华中农大示范猪场,LOC-D
东北松江省军区,LOC-D
福州国际会展中心,LOC-D
秦俑博物馆,LOC-D
方庄小区体育公园篮球场,LOC-D
北京图书馆,LOC-D
中国革命博物馆,LOC-D
念青唐古拉峰,LOC-D
怒江傈僳族自治州,LOC-D
西柏坡牡丹园,LOC-D
毛主席纪念堂,LOC-D
北京地铁王府井站,LOC-D
北京西站广场,LOC-D
开罗国际机场,LOC-D
利隆圭政府办公大楼,LOC-D
瑞典民俗博物馆,LOC-D
玉泉营环岛家具城,LOC-D
朝阳体育馆,LOC-D
圣雄甘地纪念馆,LOC-D
法国总统府,LOC-D
北大图书馆,LOC-D
广州购书中心,LOC-D
苏豫皖抗日根据地,LOC-D
地震纪念馆,LOC-D
CASH旧货连锁商店,LOC-D
北京人民艺术剧院,LOC-D
香港新国际机场,LOC-D
广州深圳九龙线,LOC-D
鼓楼区少儿图书馆,LOC-D
地面控制中心,LOC-D
休斯敦航天监测中心,LOC-D
通化市集贸中心,LOC-D
迪庆藏族自治州,LOC-D
北京市劳动人民文化宫,LOC-D
济南市动物园,LOC-D
法国绘画厅,LOC-D
鄂豫皖苏区革命根据地,LOC-D
维多利亚音乐厅,LOC-D
北京军事博物馆,LOC-D
中国展览交流中心,LOC-D
中共『一大』会址纪念馆,LOC-D
索非亚大学生体育馆,LOC-D
上海展览中心,LOC-D
伊丽莎白体育馆,LOC-D
中国人民革命军事博物馆,LOC-D
先农坛网球馆,LOC-D
南岗区社区服务中心,LOC-D
马绍尔群岛共和国,LOC-D
香港特别行政区,LOC-D
龙翔公司养猪场,LOC-D
西昌卫星发射中心,LOC-D
澳门特别行政区,LOC-D
华沙犹太人剧院,LOC-D
塔里木马鹿养殖基地,LOC-D
戴高乐第二机场,LOC-D
道北副食品市场,LOC-D
双流国际机场,LOC-D
阿灵顿县图书馆,LOC-D
海德拉巴市机场,LOC-D
美军飞机失事记事碑,LOC-D
开明农贸市场,LOC-D
华中抗日民主根据地,LOC-D
龙翔饲料生产基地,LOC-D
俄克拉何马城国家纪念馆,LOC-D
缉毒纪念碑,LOC-D
大不列颠及北爱尔兰联合王国,LOC-D
联合国会议中心,LOC-D
青瓦台总统府,LOC-D
上海三联书店,LOC-D
福山路38号大院,LOC-D
埃舍德火车站,LOC-D
湖北省博物馆,LOC-D
北京工人体育场,LOC-D
桂林雄森熊虎山庄,LOC-D
法国大使馆“松树宫”,LOC-D
国家奥林匹克体育中心,LOC-D
“鸫鸟”外交官邸,LOC-D
马赛鸵鸟农场,LOC-D
梅李民营轻纺工业园,LOC-D
茅台镇国酒文化城,LOC-D
圣约瑟夫礼拜堂,LOC-D
南伊珞巴民族乡,LOC-D
燕莎友谊商城,LOC-D
拜科努尔航天发射场,LOC-D
清华大学东区排球场,LOC-D
老干部活动中心,LOC-D
黔东南苗族侗族自治州,LOC-D
黑森林训练营,LOC-D
市政府大楼,LOC-D
东大门体育场,LOC-D
西花厅办公室,LOC-D
新山胜宝利风筝专卖店,LOC-D
“卡西尼”号飞船,LOC-D
朱熹纪念馆,LOC-D
澳门国际机场,LOC-D
赛特购物中心,LOC-D
纽约自然历史博物馆,LOC-D
朗德村寨博物馆,LOC-D
民兵训练基地,LOC-D
中国科学技术馆,LOC-D
东方红一号卫星,LOC-D
六里镇政府会议厅,LOC-D
坂下农贸批发市场,LOC-D
南非国家博物馆,LOC-D
北京港澳中心,LOC-D
国际博览中心,LOC-D
武汉农产品中心批发市场,LOC-D
中国国家地质博物馆,LOC-D
麦子港国际龙舟赛场,LOC-D
明城垣史博物馆,LOC-D
圣海伦岛公园,LOC-D
桥头纽扣市场,LOC-D
安源煤矿采掘一区,LOC-D
山东抗日根据地,LOC-D
碾子户外文体乐园,LOC-D
胡志明市统一会堂,LOC-D
维也纳艺术史博物馆,LOC-D
斯洛伐克国家美术馆,LOC-D
日内瓦万国宫,LOC-D
春都综合市场,LOC-D
八一起义纪念馆,LOC-D
凡尔赛门展览馆,LOC-D
本—古里安国际机场,LOC-D
海南大学图书馆,LOC-D
中华人民共和国澳门特别行政区,LOC-D
拓东体育场,LOC-D
北京展览馆剧场,LOC-D
不来梅体育馆,LOC-D
法兰西体育场,LOC-D
工人体育场北门广场,LOC-D
合肥旅游车站,LOC-D
南湖国际龙舟赛场,LOC-D
北大清华图书馆,LOC-D
古脊椎动物馆,LOC-D
国家博物馆,LOC-D
天津图书馆,LOC-D
三联韬奋图书中心,LOC-D
光彩体育馆,LOC-D
北塞浦路斯土耳其共和国,LOC-D
国民议会大厦,LOC-D
袁吉荣养鸡场,LOC-D
沈钧儒纪念馆,LOC-D
堆龙德庆县农牧区,LOC-D
济青高速公路,LOC-D
北京东郊列车试验场,LOC-D
船板胡同二十五号,LOC-D
虞城县『文化广场』,LOC-D
兰州工程技术人才市场,LOC-D
文学馆大厅,LOC-D
南京古城墙修复纪念园,LOC-D
福井县博物馆,LOC-D
煤炭博物馆,LOC-D
中国革命历史博物馆,LOC-D
游泳训练基地,LOC-D
毕加索博物馆,LOC-D
苇帘加工基地,LOC-D
北大校史博物馆,LOC-D
世界之窗广场,LOC-D
清华大学学生活动中心,LOC-D
诉讼档案保管室,LOC-D
中国近现代史博物馆,LOC-D
军事博物馆,LOC-D
东风粮油批发市场,LOC-D
北京大学电教中心报告厅,LOC-D
大通回族土族自治县,LOC-D
辽金城垣博物馆,LOC-D
马普托发展走廊,LOC-D
北纬30．5度，东经89．0度,LOC-D
西安旧货交易中心,LOC-D
圣母大教堂,LOC-D
水上运动训练基地,LOC-D
信丰县林木良种场,LOC-D
儿童博物馆,LOC-D
俄罗斯“和平”号轨道空间站,LOC-D
总后嫩江基地,LOC-D
大钟寺农贸批发市场,LOC-D
炎黄艺术馆,LOC-D
中国科技馆,LOC-D
昆明海埂训练基地,LOC-D
茶叶博物馆,LOC-D
“和平号”太空站,LOC-D
圣雄·甘地路,LOC-D
养羊扶贫基地,LOC-D
逸夫会议中心,LOC-D
包公文化园,LOC-D
会议展览中心,LOC-D
中国军事博物馆,LOC-D
康体休闲设备展示中心,LOC-D
玉树藏族自治州,LOC-D
未来世界主题公园,LOC-D
中央革命根据地纪念馆,LOC-D
东方家园家具城,LOC-D
何庄子农产品中心批发市场,LOC-D
会展中心新翼广场,LOC-D
国际会议中心,LOC-D
新东安市场广场,LOC-D
日内瓦国际展览中心,LOC-D
北京艺术博物馆,LOC-D
上海训练基地,LOC-D
畜皮交易市场,LOC-D
市立图书馆,LOC-D
三座门大街十四号,LOC-D
人民英雄纪念碑,LOC-D
洛阳旱地农业实验基地,LOC-D
中国历史博物馆,LOC-D
吕贝克市图书馆,LOC-D
五台山体育场,LOC-D
柴可夫斯基纪念碑,LOC-D
美国宇航中心,LOC-D
徐悲鸿纪念馆,LOC-D
“鑫诺1号”通信卫星,LOC-D
日内瓦展览中心,LOC-D
林肯艺术中心,LOC-D
人民日报社老干部活动中心,LOC-D
杭州植物园,LOC-D
米兰自然历史博物馆,LOC-D
长安商场空调销售中心,LOC-D
哈尔滨国际贸易商城,LOC-D
林散之书画陈列馆,LOC-D
江华瑶族自治县,LOC-D
明石跨海大桥,LOC-D
菲律宾共和国,LOC-D
毕节地区图书馆,LOC-D
北京图书馆基藏库,LOC-D
蒙古人民共和国,LOC-D
金坛保龄球馆,LOC-D
沈阳科技市场,LOC-D
谷登堡博物馆,LOC-D
苏州体育馆,LOC-D
“迷你”足球场,LOC-D
中共“一大”会址纪念馆,LOC-D
美国自由女神像,LOC-D
“亚洲一号坑”,LOC-D
北城农副产品批发市场,LOC-D
洛德代尔堡国际机场,LOC-D
张太雷同志故居,LOC-D
宁夏回族自治区,LOC-D
中国革命军事博物馆,LOC-D
印刷博物馆,LOC-D
四库文献中心,LOC-D
24号阶梯教室,LOC-D
中央警卫局礼堂,LOC-D
甘肃省博物馆,LOC-D
国酒文化城,LOC-D
中日友好太（太山庙）增（增田町）植物园,LOC-D
史料陈列馆,LOC-D
周恩来纪念馆,LOC-D
朝鲜民主主义人民共和国,LOC-D
香榭丽舍大街,LOC-D
地铁复兴门站,LOC-D
俄罗斯“和平号”空间站,LOC-D
文山苗族壮族自治州,LOC-D
太白国家森林公园,LOC-D
首都国际机场,LOC-D
华沙犹太人死难烈士纪念碑,LOC-D
刚果民主共和国,LOC-D
随州市博物馆,LOC-D
长三角书报刊市场,LOC-D
再山腈纶市场,LOC-D
菲律宾马部海卫星,LOC-D
国际艺苑美术馆,LOC-D
西山植物园,LOC-D
机动车辆交易中心,LOC-D
新疆野马饲养繁殖中心,LOC-D
井冈山革命根据地,LOC-D
广西壮族自治区,LOC-D
内罗毕自由公园,LOC-D
越南社会主义共和国,LOC-D
奥林匹克运动中心,LOC-D
仁川文化体育场,LOC-D
义乌小商品市场,LOC-D
中国版本图书馆,LOC-D
“和平”号空间站,LOC-D
人民日报老干部活动中心,LOC-D
公安部礼堂,LOC-D
北京金帆音乐厅,LOC-D
铁路华工铜质纪念碑,LOC-D
第一历史档案馆,LOC-D
布拉戈维申斯克市西郊边防哨所,LOC-D
王子公园体育场,LOC-D
鸿禧美术馆,LOC-D
四川省展览馆,LOC-D
龙舟博物馆,LOC-D
普希金国家博物馆,LOC-D
休斯敦太空中心,LOC-D
大中华国际交易广场,LOC-D
蒂勒尔古生物学博物馆,LOC-D
中山纪念堂,LOC-D
卢浮宫艺术博物馆,LOC-D
马佐维茨博物馆,LOC-D
巴比肯艺术中心,LOC-D
九一八纪念馆,LOC-D
北京工人体育场北门广场,LOC-D
巴音郭楞蒙古自治州,LOC-D
中国印刷博物馆,LOC-D
汉正街小商品市场,LOC-D
西藏自治区图书馆,LOC-D
南昌八一纪念馆,LOC-D
卡拉斯科私人博物馆,LOC-D
人民大会堂东门外广场,LOC-D
包公纪念馆,LOC-D
内蒙古电力学院教学主楼,LOC-D
中国美术馆,LOC-D
湘西土家族苗族自治州,LOC-D
俄远东边防军区,LOC-D
柴可夫斯基音乐厅,LOC-D
香港展览中心,LOC-D
现代文学馆,LOC-D
海大图书馆,LOC-D
百色起义纪念馆,LOC-D
江东门纪念馆,LOC-D
国家图书馆,LOC-D
乐天宾馆西餐厅,LOC-D
京沪高速铁路,LOC-D
机场高速公路,LOC-D
新闻及广播中心,LOC-D
古今鼻烟壶艺术馆,LOC-D
澳门展览中心,LOC-D
“神圣家族”教堂,LOC-D
天河体育中心,LOC-D
多福科技农庄,LOC-D
校史博物馆,LOC-D
化隆回族自治县,LOC-D
马德里国家博物馆,LOC-D
雅盖隆图书馆,LOC-D
中国体育博物馆,LOC-D
海北藏族自治州,LOC-D
奥地利总理府,LOC-D
开普敦广场,LOC-D
深圳市世界之窗世界广场,LOC-D
休斯敦宇航监测中心,LOC-D
南站蔬菜批发市场,LOC-D
中国国际展览中心,LOC-D
晨光坡乔木花园公寓,LOC-D
天河城购物中心,LOC-D
白河天体观察所,LOC-D
人民大会堂,LOC-D
华盛顿国家机场,LOC-D
国林风图书中心,LOC-D
北京市科技活动中心,LOC-D
红河哈尼族彝族自治州,LOC-D
北京农展馆,LOC-D
台湾海峡两岸,LOC-D
天津四库文献中心,LOC-D
红外太空观测卫星,LOC-D
虹口体育馆,LOC-D
深圳书城销售大厅,LOC-D
洛杉矶国际机场,LOC-D
新技术及装备馆,LOC-D
国际展览中心,LOC-D
上海玫瑰园音像商店,LOC-D
中华人民共和国,LOC-D
蚕室综合体育场,LOC-D
晋察冀抗日根据地,LOC-D
海蓝云天购物商城,LOC-D
太平洋百货商场,LOC-D
中国现代文学馆,LOC-D
中国消夏厅,LOC-D
西柏坡纪念馆,LOC-D
工人体育场,LOC-D
国民经济展览中心,LOC-D
北京京剧院,LOC-D
阿科松博水坝,LOC-D
现代艺术博物馆,LOC-D
德意志联邦共和国,LOC-D
东经87．5度赤道,LOC-D
“鑫诺1号”卫星,LOC-D
电力学院教学主楼,LOC-D
“中卫—1号”卫星,LOC-D
银座美术馆,LOC-D
朝阳区文化馆,LOC-D
和兴街道办事处社区服务中心,LOC-D
淮安高科技农业开发园,LOC-D
全国政协礼堂,LOC-D
江油市永胜一小,LOC-D
近现代馆展厅,LOC-D
嘉手纳空军基地,LOC-D
北京“三联”,LOC-D
动画制作机房,LOC-D
“风云二号”卫星,LOC-D
意大利共和国,LOC-D
江东门侵华日军南京大屠杀遇难同胞纪念馆,LOC-D
东坡塔档案馆,LOC-D
中国国际书店,LOC-D
民园体育场,LOC-D
方庄体育公园,LOC-D
鞍山一百商店,LOC-D
圣太田体育场,LOC-D
“正章”干洗店,LOC-D
丽泽建材市场,LOC-D
内罗毕国际会议中心,LOC-D
云事达烫洗总店,LOC-D
湾仔会展中心新翼,LOC-D
北京三联书店,LOC-D
陕西博物馆,LOC-D
约翰逊太空中心,LOC-D
省展览馆,LOC-D
药用植物园,LOC-D
百盛购物中心,LOC-D
议员办公大楼,LOC-D
纽约城时代广场,LOC-D
北京国际会议中心,LOC-D
长安大戏院,LOC-D
中日青年交流中心网球场,LOC-D
瓦加杜古展览中心,LOC-D
北京中国革命历史博物馆,LOC-D
桃力庙阿拉善湾海子,LOC-D
码（湖南江华县码市镇）禾（广东连山县禾洞乡）公路,LOC-D
“旅行者”号探测器,LOC-D
成都体育中心,LOC-D
沙田水上运动中心,LOC-D
爱国主义教育基地,LOC-D
长三角文化市场,LOC-D
井冈山革命博物馆,LOC-D
恭城瑶族自治县,LOC-D
北京图书大厦,LOC-D
酒泉卫星发射中心,LOC-D
“模拟真实”高科技主题公园,LOC-D
