孙伟,PER-A
武志雄,PER-A
苏者聪,PER-A
吕钦,PER-A
陈智梁,PER-A
赵汝权,PER-A
陈开河,PER-A
李嘉图,PER-A
周光华,PER-A
李庆连,PER-A
刘毅伟,PER-A
杨振宁,PER-A
曹雪芹,PER-A
周欣光,PER-A
张爱萍,PER-A
李岚清,PER-A
张承志,PER-A
吴雪,PER-A
荣毅仁,PER-A
纪馨芳,PER-A
郭山青,PER-A
秦大龙,PER-A
杨宝武,PER-A
周文林,PER-A
刘方炜,PER-A
吴彬,PER-A
赵文陶,PER-A
郑炎甫,PER-A
贲庆余,PER-A
耿永锋,PER-A
郭刻厉,PER-A
田长霖,PER-A
朴泰俊,PER-A
张延喜,PER-A
王鹤寿,PER-A
林丽韫,PER-A
梁宰豪,PER-A
张永祥,PER-A
袁家骝,PER-A
李红旗,PER-A
汴梁宫人,PER-A
曹学成,PER-A
刘少奇,PER-A
吴祖光,PER-A
徐起超,PER-A
赵国钧,PER-A
郁钧剑,PER-A
宋亚坤,PER-A
陈福宝,PER-A
佐藤弘子,PER-A
刘成,PER-A
蔡春龙,PER-A
邹春雨,PER-A
马忠臣,PER-A
苏武,PER-A
邹明榕,PER-A
麦鼎鸿,PER-A
岳林才,PER-A
赵尚志,PER-A
董庚臣,PER-A
于瑛,PER-A
刘亦鸣,PER-A
赵影,PER-A
王志武,PER-A
张德广,PER-A
李命正,PER-A
吴泽霖,PER-A
赵军,PER-A
杨牧之,PER-A
邹志堂,PER-A
张文东,PER-A
郑九如,PER-A
颜延龄,PER-A
胡乔木,PER-A
阎森,PER-A
胡克惠,PER-A
周昌明,PER-A
沈鹏,PER-A
胡志明,PER-A
李亚珍,PER-A
张丕民,PER-A
王滨雁,PER-A
李金平,PER-A
陈锡桃,PER-A
李国能,PER-A
赵小丁,PER-A
王淦昌,PER-A
李国平,PER-A
翁万弋,PER-A
陈保香,PER-A
刘子华,PER-A
杨西光,PER-A
莫文骅,PER-A
陈斌,PER-A
江泽民,PER-A
刘振,PER-A
邢锐,PER-A
绍武,PER-A
朱献海,PER-A
王志荣,PER-A
林毓南,PER-A
殷明芳,PER-A
刘启,PER-A
王俊生,PER-A
王曼玲,PER-A
林岚,PER-A
寅次郎,PER-A
赵富林,PER-A
姚明,PER-A
张兆辉,PER-A
伍蠡甫,PER-A
朱棣文,PER-A
管彦忠,PER-A
李培之,PER-A
孙同川,PER-A
郑梦熊,PER-A
郭福珍,PER-A
王鹏,PER-A
桂世镛,PER-A
李建钊,PER-A
朱邦造,PER-A
杨文生,PER-A
周艳燕,PER-A
殷承宗,PER-A
冯霄,PER-A
李世民,PER-A
陆秉中,PER-A
刘仁学,PER-A
刘玉芬,PER-A
邝杰灵,PER-A
李铁鸣,PER-A
阎长明,PER-A
俞泽猷,PER-A
燕燕,PER-A
陈祖甲,PER-A
梁培炽,PER-A
杨,PER-A
尹鸿祝,PER-A
徐永清,PER-A
邵奇惠,PER-A
余锦豪,PER-A
赵治勋,PER-A
吴锦才,PER-A
李立群,PER-A
童傅,PER-A
廖锡龙,PER-A
赵铮,PER-A
宋庆龄,PER-A
杨骏,PER-A
董文华,PER-A
魏克兴,PER-A
王玉庆,PER-A
江洪,PER-A
蔡武,PER-A
吴广义,PER-A
刘沛,PER-A
林志刚,PER-A
傅东缨,PER-A
周光俊,PER-A
伍旭东,PER-A
郑咏,PER-A
王振书,PER-A
朱锴,PER-A
聂荣臻,PER-A
徐运平,PER-A
邵,PER-A
吴学昭,PER-A
任连宝,PER-A
李忠英,PER-A
张国卿,PER-A
徐文斐,PER-A
李嘉廷,PER-A
李,PER-A
贺璐敏,PER-A
郑海霞,PER-A
王旭娜,PER-A
吴福曾,PER-A
叶裕彬,PER-A
贾安栋,PER-A
李昕,PER-A
孟连崑,PER-A
杨易辰,PER-A
魏玉凤,PER-A
张书政,PER-A
吴作人,PER-A
耿瑞荣,PER-A
刘敬钦,PER-A
刘静,PER-A
张菊玲,PER-A
李杰,PER-A
李和曾,PER-A
廖先旺,PER-A
杨辉,PER-A
李水林,PER-A
李晓蕙,PER-A
胡耀邦,PER-A
蔡恒茂,PER-A
赵国霖,PER-A
刘彦齐,PER-A
李育英,PER-A
尹玉龙,PER-A
李宝均,PER-A
瞿建明,PER-A
徐有芳,PER-A
裴子鸿,PER-A
贾国宇,PER-A
赵国强,PER-A
陈宾龙,PER-A
唐家璇,PER-A
张志坚,PER-A
孙冶方,PER-A
夏晓虹,PER-A
嘉庆,PER-A
张秋祥,PER-A
岳书仓,PER-A
徐步青,PER-A
董武恒,PER-A
袁,PER-A
董伟,PER-A
姚振炎,PER-A
殷治军,PER-A
蒋心雄,PER-A
刘秉义,PER-A
王瑛,PER-A
吴建（王番）,PER-A
王文元,PER-A
吴绮敏,PER-A
叶江川,PER-A
徐沛东,PER-A
沈志云,PER-A
曹大元,PER-A
吕国庆,PER-A
周永康,PER-A
张坤海,PER-A
陈国琦,PER-A
吴协东,PER-A
张鸿飞,PER-A
姚健,PER-A
井鸿雁,PER-A
苏伟,PER-A
章文琪,PER-A
朱元璋,PER-A
陈忠阳,PER-A
杨江,PER-A
梁爱诗,PER-A
陈三乐,PER-A
彭小华,PER-A
张廷壁,PER-A
李延龄,PER-A
曾秀君,PER-A
曾广良,PER-A
吴天,PER-A
李双元,PER-A
谢淑琴,PER-A
李泽民,PER-A
王学贤,PER-A
陈小虎,PER-A
张佳生,PER-A
赵嘉鸣,PER-A
王玉梅,PER-A
赵凤梧,PER-A
张思卿,PER-A
张永森,PER-A
杨秀雯,PER-A
杨卫,PER-A
张宝文,PER-A
唐梅娟,PER-A
吴明廉,PER-A
李珩,PER-A
李东东,PER-A
梁林,PER-A
梁刘柔芬,PER-A
陈强,PER-A
刘小明,PER-A
王泽秀,PER-A
黄定嵩,PER-A
张诚,PER-A
邓季惺,PER-A
徐民奇,PER-A
陶大镛,PER-A
李康,PER-A
林彪,PER-A
齐传贤,PER-A
杜小鹏,PER-A
刘山在,PER-A
刘云飞,PER-A
刘谦,PER-A
张炯,PER-A
韦钰,PER-A
宋芳蓉,PER-A
曹革成,PER-A
田维志,PER-A
董金田,PER-A
杨凤,PER-A
封秋昌,PER-A
方志敏,PER-A
曹秀荣,PER-A
李昆,PER-A
陈雅英,PER-A
吴小毛,PER-A
欧阳琪,PER-A
刘永,PER-A
蒋旭,PER-A
陈刚,PER-A
赵克正,PER-A
赵林,PER-A
冼崇浩,PER-A
蒋祖诒,PER-A
吕枫,PER-A
王广宪,PER-A
李士忠,PER-A
阎宪奇,PER-A
杨俊平,PER-A
朱刚,PER-A
陈佐洱,PER-A
叶钊颖,PER-A
李志远,PER-A
中田英寿,PER-A
王松林,PER-A
王景茂,PER-A
赵雪芳,PER-A
南郭,PER-A
樊少皇,PER-A
彤彤,PER-A
刘山南,PER-A
杨福家,PER-A
金容淳,PER-A
韩胜宪,PER-A
王赣愚,PER-A
李时珍,PER-A
陈求花,PER-A
周坤仁,PER-A
罗斌,PER-A
黎振强,PER-A
曹春生,PER-A
刘忠福,PER-A
何忠霖,PER-A
乐靖宜,PER-A
陈炳德,PER-A
刘海藩,PER-A
黄耀庭,PER-A
张钰,PER-A
吴贵临,PER-A
宋树友,PER-A
傅锡寿,PER-A
高宝贤,PER-A
尚绪谦,PER-A
杨超,PER-A
徐社会,PER-A
周宇松,PER-A
宦爵才郎,PER-A
张丁华,PER-A
沈洪嘉,PER-A
徐敦信,PER-A
耿昭,PER-A
李永升,PER-A
郑元盛,PER-A
杨力,PER-A
李昌鉴,PER-A
郑雪碧,PER-A
李约瑟,PER-A
赵奇,PER-A
李斌,PER-A
刘勰,PER-A
郭永春,PER-A
田礼斌,PER-A
洪学智,PER-A
余毅,PER-A
唐翔千,PER-A
徐振海,PER-A
赵永新,PER-A
黄永玉,PER-A
朱琳,PER-A
张春贤,PER-A
周霄羽,PER-A
刘玉栋,PER-A
姜永荣,PER-A
覃芳平,PER-A
胡春华,PER-A
宋福春,PER-A
曹龙浩,PER-A
陈巳生,PER-A
李兰芳,PER-A
婷婷,PER-A
赵宏博,PER-A
华君武,PER-A
赵少昂,PER-A
夏淑琴,PER-A
丁志忠,PER-A
阎敦实,PER-A
王云坤,PER-A
陈佳洱,PER-A
陈顺恒,PER-A
宋光茂,PER-A
关凤霞,PER-A
吴兴华,PER-A
宋任穷,PER-A
杨洪基,PER-A
宋军,PER-A
王晓东,PER-A
杨振武,PER-A
杨明,PER-A
顾新华,PER-A
陈永川,PER-A
李志坚,PER-A
邓兆祥,PER-A
陈寿民,PER-A
宋承绪,PER-A
苏晓云,PER-A
李后主,PER-A
刘磊,PER-A
罗绪耀,PER-A
刘炜,PER-A
刘志毅,PER-A
吴肇毅,PER-A
李成龙,PER-A
余清楚,PER-A
陈特安,PER-A
侯祥麟,PER-A
郑亮,PER-A
孙云晓,PER-A
姚滨,PER-A
吴健雄,PER-A
李秋平,PER-A
李豆罗,PER-A
张翔,PER-A
邢啸声,PER-A
李振成,PER-A
陈智霞,PER-A
吴剑锋,PER-A
张致玲,PER-A
邹大明,PER-A
戴鹏,PER-A
花蕊夫人徐氏,PER-A
李永才,PER-A
刘占荣,PER-A
顾金池,PER-A
刘世香,PER-A
刘忠范,PER-A
周俊勋,PER-A
黎树林,PER-A
魏小安,PER-A
李新良,PER-A
王霞光,PER-A
张星文,PER-A
王志光,PER-A
温宗仁,PER-A
刘邦,PER-A
隗福临,PER-A
陈希同,PER-A
侯小川,PER-A
李政道,PER-A
栾恩杰,PER-A
胡建平,PER-A
陈学惠,PER-A
李中庸,PER-A
李赣骝,PER-A
斐广寅,PER-A
刘是龙,PER-A
陈焕友,PER-A
王茂林,PER-A
李相润,PER-A
董志权,PER-A
姜俊禄,PER-A
吴官正,PER-A
徐诚,PER-A
杨析综,PER-A
秦彦宇,PER-A
王玉江,PER-A
汤正琪,PER-A
张汉乐,PER-A
王炳美,PER-A
廖晖,PER-A
羽田孜,PER-A
李乔,PER-A
王汝南,PER-A
李攸福,PER-A
傅沅叔,PER-A
杨闻宇,PER-A
陈锡联,PER-A
王兆平,PER-A
贺麟,PER-A
徐悲鸿,PER-A
邓亚萍,PER-A
刘民复,PER-A
孙鸿烈,PER-A
林皎明,PER-A
谭耀宗,PER-A
裘盛戎,PER-A
杨伟光,PER-A
杨俊文,PER-A
袁伟,PER-A
蒋民宽,PER-A
薛安郡,PER-A
曹开翔,PER-A
陈邦柱,PER-A
邹淼,PER-A
陈法蓉,PER-A
赵春明,PER-A
陈景润,PER-A
郑梦九,PER-A
周绍熹,PER-A
王庆盛,PER-A
徐汉勇,PER-A
戴本孝,PER-A
胡汉芳,PER-A
王慧炯,PER-A
张恩华,PER-A
朱建民,PER-A
朱振岳,PER-A
刘昕亮,PER-A
李万华,PER-A
杨立红,PER-A
曹罗生,PER-A
张磊,PER-A
李瑞环,PER-A
刘闽生,PER-A
王俊璞,PER-A
刘大年,PER-A
喻晖,PER-A
陈岱孙,PER-A
刘奇葆,PER-A
刘应明,PER-A
王成斌,PER-A
孟晓阳,PER-A
钱晓文,PER-A
廖泽云,PER-A
郭蓉,PER-A
曾坤,PER-A
刘华秋,PER-A
亢龙田,PER-A
陈家坤,PER-A
李征,PER-A
骆玉笙,PER-A
蒋平,PER-A
张俐娜,PER-A
岳岐峰,PER-A
朱益明,PER-A
王希玲,PER-A
张秀华,PER-A
阮崇武,PER-A
孙君,PER-A
吴笑蓉,PER-A
李永达,PER-A
石田芳夫,PER-A
孙天宝,PER-A
张忠,PER-A
杨艺文,PER-A
周兴宝,PER-A
罗贤良,PER-A
沈琼,PER-A
邓加,PER-A
陈答才,PER-A
刘力辉,PER-A
堀田善卫,PER-A
李金羽,PER-A
赵明,PER-A
陈峰,PER-A
邵炜刚,PER-A
吴立胜,PER-A
邹世昌,PER-A
杨正午,PER-A
藤井旭,PER-A
秦建业,PER-A
郑振铎,PER-A
吕建生,PER-A
张华,PER-A
杨清漪,PER-A
赵淳,PER-A
王莲香,PER-A
蒋玉祥,PER-A
小渊惠三,PER-A
邢连根,PER-A
王树斌,PER-A
阎妮,PER-A
刘明祖,PER-A
陈传席,PER-A
蔡,PER-A
阎晓明,PER-A
申旭,PER-A
李宏伟,PER-A
陈玉杰,PER-A
张国凤,PER-A
曹庆泽,PER-A
徐采栋,PER-A
李卓奇,PER-A
宋平,PER-A
李连杰,PER-A
刘杰,PER-A
李良军,PER-A
陈寅恪,PER-A
吴,PER-A
刘雅明,PER-A
陈荣灿,PER-A
张国焘,PER-A
张君秋,PER-A
卫天霖,PER-A
宋哲宗,PER-A
廖文海,PER-A
曹操,PER-A
张慧玉,PER-A
陈正君,PER-A
田晚霞,PER-A
董莹,PER-A
赵东贤,PER-A
赵实,PER-A
欣嘉,PER-A
孙韦楠,PER-A
李拔,PER-A
刘华云,PER-A
耿志军,PER-A
李楠,PER-A
沈滨义,PER-A
阎明明,PER-A
郑健,PER-A
李富林,PER-A
刘松金,PER-A
陈棣,PER-A
刘炽,PER-A
赵忠祥,PER-A
李贺,PER-A
武斌,PER-A
邵云霞,PER-A
徐剑,PER-A
何椿霖,PER-A
高懿屏,PER-A
阮魁森,PER-A
吴文生,PER-A
饶宗颐,PER-A
李太白,PER-A
傅立民,PER-A
陈清泰,PER-A
蒋,PER-A
范志毅,PER-A
郑德刚,PER-A
孙原湘,PER-A
李福占,PER-A
胡运钊,PER-A
邓成和,PER-A
王虹蔚,PER-A
唐龙彬,PER-A
片冈良宏,PER-A
赵卫,PER-A
何新荣,PER-A
蔡德曼,PER-A
张孝文,PER-A
吴伟强,PER-A
周振中,PER-A
郑乃（王光）,PER-A
金仁浩,PER-A
陈柏生,PER-A
吴京,PER-A
邵华,PER-A
阎宇,PER-A
吴仲安,PER-A
伍绍祖,PER-A
陈望道,PER-A
王孝洵,PER-A
李滔,PER-A
吴家农,PER-A
黎春华,PER-A
龚鹏程,PER-A
郭伯荣,PER-A
吴志华,PER-A
陈明亮,PER-A
杨静仁,PER-A
刘顺尧,PER-A
曹建明,PER-A
刘小倩,PER-A
邹韬奋,PER-A
邓友梅,PER-A
孙茂芳,PER-A
张健民,PER-A
刘国梁,PER-A
庄明锟,PER-A
吕宪斌,PER-A
刘永好,PER-A
高永宏,PER-A
岳凤先,PER-A
李丽辉,PER-A
黄培昭,PER-A
权丙铉,PER-A
郝彦南,PER-A
梁连起,PER-A
徐贻聪,PER-A
洪祖星,PER-A
陈安东,PER-A
余世贤,PER-A
韩杼滨,PER-A
李玲蔚,PER-A
郑科扬,PER-A
昭君,PER-A
曹,PER-A
陈力行,PER-A
杨德中,PER-A
贾文忠,PER-A
韩酉山,PER-A
汪嘉伟,PER-A
阎红彦,PER-A
郭东坡,PER-A
吴文静,PER-A
汪曾祺,PER-A
邓朴方,PER-A
李阳,PER-A
吴达志,PER-A
王志坚,PER-A
万桂香,PER-A
董旭业,PER-A
李双江,PER-A
李维康,PER-A
赵书元,PER-A
李香香,PER-A
朱湘桂,PER-A
杨绍萍,PER-A
孟庆胜,PER-A
赵志文,PER-A
唐星樵,PER-A
刘夏,PER-A
吴建平,PER-A
刘金发,PER-A
江小娟,PER-A
朱根华,PER-A
孙勇,PER-A
彭德怀,PER-A
杨璞,PER-A
耿莲凤,PER-A
蒋正华,PER-A
李扬,PER-A
孙文盛,PER-A
郝建秀,PER-A
奚世良,PER-A
李毅中,PER-A
李富强,PER-A
李国庆,PER-A
郑芳,PER-A
张振华,PER-A
梁宋,PER-A
宋风奎,PER-A
刘家琛,PER-A
吴（王君）,PER-A
刘佛丁,PER-A
王维澄,PER-A
刘璇,PER-A
郭亮,PER-A
王馥荔,PER-A
刘慧卿,PER-A
董洪亮,PER-A
高文彬,PER-A
张旭光,PER-A
张学良,PER-A
刘诚,PER-A
陆昌,PER-A
张方平,PER-A
唐彦英,PER-A
李朝旺,PER-A
刘夫生,PER-A
袁崇焕,PER-A
朱祖寿,PER-A
李福来,PER-A
杨景宇,PER-A
薛明,PER-A
肖璞,PER-A
蒋祝平,PER-A
李北海,PER-A
林琴南,PER-A
陈彦斌,PER-A
陈雁,PER-A
陈炳华,PER-A
林则徐,PER-A
刘学谦,PER-A
卢晓英,PER-A
李锡铭,PER-A
李志民,PER-A
王磊,PER-A
朱子龙,PER-A
吴素秋,PER-A
秦侃滢,PER-A
褚秀菊,PER-A
关颖珊,PER-A
徐庆玲,PER-A
陈平原,PER-A
俞平伯,PER-A
玉鹏,PER-A
杨孝华,PER-A
汪家镠,PER-A
文天祥,PER-A
郭文瑞,PER-A
邓在军,PER-A
邓詹,PER-A
张岱年,PER-A
李飞,PER-A
史玉孝,PER-A
李健,PER-A
田阿桐,PER-A
刘彦彬,PER-A
孙勇军,PER-A
李远哲,PER-A
蔡玉燕,PER-A
邓必贵,PER-A
曹伟达,PER-A
董必武,PER-A
琴琦渊,PER-A
徐根宝,PER-A
宫淑娟,PER-A
贾志杰,PER-A
新凤霞,PER-A
大江健三郎,PER-A
黄懋衡,PER-A
竺可桢,PER-A
吴冠中,PER-A
刘斌,PER-A
张友鸾,PER-A
李赞福,PER-A
张友香,PER-A
邹德浩,PER-A
朱广院,PER-A
何璋,PER-A
吴晓方,PER-A
汪铭珊,PER-A
余志华,PER-A
陈和生,PER-A
董思白,PER-A
杜青林,PER-A
金善弘,PER-A
李定中,PER-A
郑弘,PER-A
刘方仁,PER-A
陈益,PER-A
杨怀庆,PER-A
苗鸿玲,PER-A
陈昭,PER-A
王荣久,PER-A
李东波,PER-A
陈云,PER-A
路甬祥,PER-A
王之涣,PER-A
尹俊,PER-A
朱成山,PER-A
孙悟空,PER-A
袁正军,PER-A
颜锦钰,PER-A
王志国,PER-A
陈凯,PER-A
骆伟建,PER-A
姚开建,PER-A
邱济隆,PER-A
张勃兴,PER-A
李长春,PER-A
刘汉章,PER-A
陈奎元,PER-A
苏轼,PER-A
秦香莲,PER-A
魏述伟,PER-A
郭芝,PER-A
傅家峻,PER-A
张新侠,PER-A
刘宝华,PER-A
刘昕酉,PER-A
刘澜涛,PER-A
尹扬明,PER-A
郑琴劲,PER-A
李果丽,PER-A
褚宁,PER-A
朱德,PER-A
程汉坤,PER-A
李卓人,PER-A
张蓉镜,PER-A
张蔚,PER-A
李秀芝,PER-A
李振章,PER-A
燕卜荪,PER-A
郭路生,PER-A
张斌,PER-A
裕谦,PER-A
韩作黎,PER-A
李道豫,PER-A
徐新,PER-A
张志民,PER-A
朱洁,PER-A
冯骥才,PER-A
金泽洙,PER-A
玲玲,PER-A
韩永荣,PER-A
李平,PER-A
孙维本,PER-A
李嘉诚,PER-A
黄宜弘,PER-A
陈章良,PER-A
赵东芬,PER-A
李桂莲,PER-A
林俭峰,PER-A
石田小十郎,PER-A
杨立青,PER-A
赵京安,PER-A
李致忠,PER-A
宋立昕,PER-A
曹志,PER-A
刘洪康,PER-A
李建国,PER-A
徐东辉,PER-A
刘绍棠,PER-A
刘延东,PER-A
赵伟之,PER-A
郑伟,PER-A
李运昌,PER-A
朱秀海,PER-A
张宁,PER-A
韩肇康,PER-A
陶晓强,PER-A
张慧英,PER-A
邱永华,PER-A
袁守芳,PER-A
李商隐,PER-A
李选清,PER-A
李学勤,PER-A
郭政新,PER-A
李庄,PER-A
邓安生,PER-A
陈光健,PER-A
周汝昌,PER-A
曹刚川,PER-A
袁久伟,PER-A
陈永贵,PER-A
孙芳,PER-A
谭立平,PER-A
蔡汉成,PER-A
王夫棠,PER-A
陆恭蕙,PER-A
袁行霈,PER-A
冉熙,PER-A
曹翠霞,PER-A
李俊琏,PER-A
陈杰,PER-A
赵智凤,PER-A
李明伟,PER-A
杨宝森,PER-A
赵艳,PER-A
郭延年,PER-A
赵燕芳,PER-A
蔡菁,PER-A
吴弦光,PER-A
刘吉,PER-A
王朝文,PER-A
朱德熙,PER-A
沈思远,PER-A
张国斌,PER-A
湛易佳,PER-A
周伟,PER-A
张国松,PER-A
朱光亚,PER-A
朴淳培,PER-A
魏韬,PER-A
杨芳,PER-A
王晓棠,PER-A
蒋介石,PER-A
李绍珍,PER-A
李长云,PER-A
于晓黎,PER-A
刘云山,PER-A
吴道子,PER-A
江涛,PER-A
辜振甫,PER-A
唐太宗,PER-A
崔文华,PER-A
孙晋,PER-A
曹山,PER-A
傅高义,PER-A
冯颖,PER-A
杨子进,PER-A
谭乃达,PER-A
何俊仁,PER-A
俞进军,PER-A
胡锦涛,PER-A
唐永淑,PER-A
张洁,PER-A
吴亚明,PER-A
徐俊,PER-A
郑朝宗,PER-A
李祖泽,PER-A
李树元,PER-A
刘琼,PER-A
胡云鸿,PER-A
李启明,PER-A
吕明华,PER-A
崔明勋,PER-A
赵朴初,PER-A
李秀英,PER-A
许惠佑,PER-A
杨修,PER-A
蒋天才,PER-A
郑斌,PER-A
孙华,PER-A
孙孚凌,PER-A
陈方安生,PER-A
黄泳涛,PER-A
张立昌,PER-A
曹薰铉,PER-A
朱良,PER-A
李宗正,PER-A
徐展堂,PER-A
郑泽生,PER-A
李白,PER-A
曹楼,PER-A
杨绛,PER-A
俞斌,PER-A
杨同玉,PER-A
何梁,PER-A
徐洪艳,PER-A
杨初桂,PER-A
田岚,PER-A
祁宏,PER-A
刘松萝,PER-A
孙小平,PER-A
刘尊,PER-A
余秋雨,PER-A
陈峥,PER-A
曹洪兴,PER-A
吕宏强,PER-A
崔权醴,PER-A
蒋建科,PER-A
吴季松,PER-A
李文君,PER-A
周子玉,PER-A
刘夏生,PER-A
田曾佩,PER-A
杨耀忠,PER-A
刘晓春,PER-A
乔晓阳,PER-A
蔡家东,PER-A
张劲松,PER-A
李芳,PER-A
吴宓,PER-A
李继耐,PER-A
李明朝,PER-A
梁秋霞,PER-A
张国祥,PER-A
郑丽梦,PER-A
胡忠诚,PER-A
刘国信,PER-A
王琰,PER-A
唐德华,PER-A
沈小平,PER-A
谢昭,PER-A
吴仕明,PER-A
裴曦,PER-A
李浩,PER-A
张元,PER-A
潘金莲,PER-A
阎顺利,PER-A
沈同仙,PER-A
于宏建,PER-A
王宋大,PER-A
刘济民,PER-A
郝炜,PER-A
胡荣华,PER-A
李肇星,PER-A
朱荣驹,PER-A
邱石元,PER-A
吴祖强,PER-A
郑万通,PER-A
梁晓华,PER-A
张伟智,PER-A
朱敬谦,PER-A
吴景春,PER-A
周惠泉,PER-A
宋神宗,PER-A
朱森林,PER-A
陈金和,PER-A
吕叔湘,PER-A
荣高棠,PER-A
傅志寰,PER-A
张先翱,PER-A
吕传孝,PER-A
邵华泽,PER-A
董建华,PER-A
溥杰,PER-A
李敬元,PER-A
吴贻弓,PER-A
杨凌,PER-A
陈伊玲,PER-A
杨子,PER-A
杨雪菊,PER-A
吴军,PER-A
袁微,PER-A
杨永良,PER-A
陈智思,PER-A
杨鸿基,PER-A
赵望云,PER-A
陈煜明,PER-A
杨文昌,PER-A
陈钢,PER-A
刘德意,PER-A
李中文,PER-A
曾荫权,PER-A
田贵明,PER-A
孟仁泉,PER-A
蔡克勤,PER-A
邢世忠,PER-A
周佳良,PER-A
李会昌,PER-A
李义,PER-A
龚盛辉,PER-A
杨铁崖,PER-A
徐寿山,PER-A
吴家玮,PER-A
李万燮,PER-A
刘大国,PER-A
周晓梅,PER-A
刘国光,PER-A
李先猷,PER-A
李宙泫,PER-A
郭惠冰,PER-A
刘师培,PER-A
刘平,PER-A
姜钟良,PER-A
李恒,PER-A
许嘉璐,PER-A
李富荣,PER-A
曹明,PER-A
赵一荻,PER-A
郭振山,PER-A
萧君和,PER-A
杨扬,PER-A
张君龙,PER-A
周泓洋,PER-A
徐伯昕,PER-A
朱富贤,PER-A
金岳霖,PER-A
燕华君,PER-A
张肖,PER-A
唐咏梅,PER-A
牟炫甫,PER-A
郑全军,PER-A
郑斯林,PER-A
李桦,PER-A
李岭,PER-A
陈会昌,PER-A
殷介炎,PER-A
何永炎,PER-A
王睿,PER-A
金毅,PER-A
刘海粟,PER-A
蔡振华,PER-A
郭熙,PER-A
阮承猛,PER-A
陈道宏,PER-A
陈国邦,PER-A
袁和平,PER-A
杨学山,PER-A
张瑞敏,PER-A
傅懋恭,PER-A
孙隆椿,PER-A
耿昭杰,PER-A
李艳华,PER-A
张林,PER-A
巫昌桢,PER-A
金烨,PER-A
周德熙,PER-A
徐才厚,PER-A
陈玉英,PER-A
李振宇,PER-A
翁绳荣,PER-A
奎媛媛,PER-A
丁焘,PER-A
郑兴,PER-A
宋美龄,PER-A
李涛,PER-A
梁兆鹏,PER-A
李贵鲜,PER-A
邵天任,PER-A
翟凤岗,PER-A
余璐,PER-A
吴明雄,PER-A
宇田川聪仁,PER-A
王雨亭,PER-A
朱镕基,PER-A
董赵洪娉,PER-A
何静鹏,PER-A
李大伟,PER-A
刘春秀,PER-A
刘华清,PER-A
李慧芬,PER-A
徐相禄,PER-A
朱启桂,PER-A
李晓勇,PER-A
刘环彤,PER-A
丰田章一郎,PER-A
加济祖林,PER-A
徐有光,PER-A
杨拉绪,PER-A
朴晟容,PER-A
李高山,PER-A
朱培康,PER-A
魏惠王,PER-A
刘巧儿,PER-A
梅兆荣,PER-A
刘璐,PER-A
洪维宗,PER-A
刘昌赫,PER-A
张晓梅,PER-A
李培智,PER-A
李舫,PER-A
曹剑锋,PER-A
郑新立,PER-A
吴正德,PER-A
李昀,PER-A
李怀玉,PER-A
吴承宪,PER-A
赵桂梅,PER-A
杨宗谦,PER-A
杨纪珂,PER-A
郑盛丰,PER-A
张绪武,PER-A
薛汉伟,PER-A
华罗庚,PER-A
卢荣景,PER-A
王锦鹄,PER-A
欧阳予倩,PER-A
郭思达,PER-A
沈鹏生,PER-A
刘汉彬,PER-A
岑玉霞,PER-A
吴承瑛,PER-A
罗荣桓,PER-A
姚程,PER-A
周礼杲,PER-A
李承先,PER-A
赵仁平,PER-A
徐虎,PER-A
刘伟,PER-A
朱,PER-A
秦玉琴,PER-A
张耀辉,PER-A
徐奉洙,PER-A
孙海涛,PER-A
郑其伟,PER-A
贾庆林,PER-A
孙兆波,PER-A
冉永平,PER-A
李后,PER-A
张文彬,PER-A
李成仁,PER-A
徐曙东,PER-A
魏卿,PER-A
周昌贡,PER-A
李明东,PER-A
炳奎,PER-A
王艳红,PER-A
尹建华,PER-A
李伟,PER-A
李淑铮,PER-A
洪朝生,PER-A
姜京珍,PER-A
张晨,PER-A
大田洋子,PER-A
李峰,PER-A
徐祥炼,PER-A
周寒琼,PER-A
蔡若虹,PER-A
韩贵华,PER-A
苏荣,PER-A
徐渭,PER-A
孙金汉,PER-A
刘燕霞,PER-A
朱敦法,PER-A
王云鹏,PER-A
林诗铨,PER-A
吴文凯,PER-A
赵华,PER-A
赵离宾,PER-A
李应发,PER-A
董福田,PER-A
孙远和,PER-A
孙振远,PER-A
李清照,PER-A
袁素贤,PER-A
吴迎春,PER-A
李如成,PER-A
刘中一,PER-A
刘中陆,PER-A
刘荣汉,PER-A
吴昌硕,PER-A
梁新儒,PER-A
刘永华,PER-A
赵秀娥,PER-A
王瑞林,PER-A
孙浩,PER-A
谭嗣同,PER-A
赵致真,PER-A
赵润庆,PER-A
杨崇春,PER-A
王慧玲,PER-A
刘胡兰,PER-A
吴桂花,PER-A
刘永金,PER-A
胥慧霞,PER-A
陈伟,PER-A
王玉霞,PER-A
杨碧芬,PER-A
袁伟民,PER-A
陈辉,PER-A
李继猛,PER-A
王烨,PER-A
杨乃彦,PER-A
寇庭睿,PER-A
陈建力,PER-A
张行湘,PER-A
张劲,PER-A
宋朝弟,PER-A
马燕萍,PER-A
潭仲池,PER-A
王宏宇,PER-A
王建荣,PER-A
彭清源,PER-A
陈晓钟,PER-A
沈祥福,PER-A
张宝玲,PER-A
郭爱国,PER-A
刘新民,PER-A
吴玉谦,PER-A
曾侯乙,PER-A
薛明伦,PER-A
尹莉,PER-A
鞠萍,PER-A
吕伟雄,PER-A
魏建华,PER-A
肖杨,PER-A
刘小岛,PER-A
陈希滔,PER-A
李文忠,PER-A
王毅,PER-A
袁绍,PER-A
田余庆,PER-A
吴基传,PER-A
王涛,PER-A
凤霞,PER-A
彭珮云,PER-A
李士琴,PER-A
刘毅,PER-A
苏良赫,PER-A
李传华,PER-A
曾湘乡,PER-A
石慧芳,PER-A
朱明国,PER-A
赵淑君,PER-A
蔡世彦,PER-A
李铁辰,PER-A
樊淑媛,PER-A
徐四民,PER-A
杨永成,PER-A
绍棠,PER-A
李福重,PER-A
陈月娥,PER-A
蒋新松,PER-A
蔡晟,PER-A
杨光远,PER-A
李秋芳,PER-A
王羲之,PER-A
刘凤艳,PER-A
李宝善,PER-A
谭民权,PER-A
贾建舟,PER-A
宋宝瑞,PER-A
赵超构,PER-A
王国祥,PER-A
林晓东,PER-A
王洪山,PER-A
丁石孙,PER-A
胡国兴,PER-A
徐匡迪,PER-A
蒋鹏龙,PER-A
谢朝阳,PER-A
张庭延,PER-A
江宏伟,PER-A
姚桓,PER-A
池田大作,PER-A
郝诒纯,PER-A
李一安,PER-A
李中贤,PER-A
高晓明,PER-A
李庆振,PER-A
吴仁宝,PER-A
崔德祺,PER-A
刘正学,PER-A
梁耀忠,PER-A
董少广,PER-A
项秉炎,PER-A
倪翠萍,PER-A
王志宝,PER-A
凤荣,PER-A
李育才,PER-A
赵崇基,PER-A
刘纪原,PER-A
邱丕相,PER-A
李成俊,PER-A
樊美筠,PER-A
杨小玉,PER-A
李小双,PER-A
宋心莲,PER-A
朱新胜,PER-A
张秀夫,PER-A
李彦春,PER-A
吴桂兰,PER-A
朴定洙,PER-A
张邑彪,PER-A
陈辉光,PER-A
吴大真,PER-A
李翠花,PER-A
徐惠滋,PER-A
于良璞,PER-A
胡德林,PER-A
韩晓黎,PER-A
刘起,PER-A
陈俊生,PER-A
张志安,PER-A
阎明复,PER-A
刘东生,PER-A
李明义,PER-A
陆国芳,PER-A
吴坤胜,PER-A
王叔岷,PER-A
孙康林,PER-A
贾亦斌,PER-A
刘忠录,PER-A
芮乃伟,PER-A
祥林嫂,PER-A
刘延宇,PER-A
杨震凯,PER-A
刘晓明,PER-A
朱英国,PER-A
潘家铮,PER-A
胡世宗,PER-A
王玉茹,PER-A
朱田夫,PER-A
吴寿章,PER-A
李梦华,PER-A
刘华胜,PER-A
范徐丽泰,PER-A
刘明康,PER-A
刘铁儿,PER-A
董良驹,PER-A
王振杰,PER-A
张德林,PER-A
李铁映,PER-A
梁广大,PER-A
崇祯,PER-A
邢小青,PER-A
梁小琴,PER-A
张国忠,PER-A
任怀祥,PER-A
杨万初,PER-A
龚心瀚,PER-A
阮承志,PER-A
张彦仲,PER-A
程砚秋,PER-A
张宇,PER-A
朱长洪,PER-A
赵多喜,PER-A
赵昌宏,PER-A
杨春贵,PER-A
郑义,PER-A
刘玉民,PER-A
李宗仁,PER-A
赵伟民,PER-A
孙永城,PER-A
船田元,PER-A
王茂春,PER-A
赵毅敏,PER-A
郑昱闽,PER-A
周道炯,PER-A
陈兵,PER-A
龚轩,PER-A
黎均耀,PER-A
李铁军,PER-A
裴怀亮,PER-A
刘达政,PER-A
李胜利,PER-A
陈甲亮,PER-A
徐文彦,PER-A
孙国荣,PER-A
王廷彦,PER-A
李为民,PER-A
石兆彬,PER-A
钱淦荣,PER-A
陈,PER-A
唐瑛,PER-A
李新烽,PER-A
陈妍,PER-A
杨洁篪,PER-A
庄毅,PER-A
张德江,PER-A
刘建军,PER-A
李东馥,PER-A
邢军纪,PER-A
姚连宽,PER-A
余清秀,PER-A
张鹏,PER-A
郭沫若,PER-A
杨振喜,PER-A
邓,PER-A
尹建云,PER-A
郭瑾浩,PER-A
卢良恕,PER-A
陈独秀,PER-A
赵国荣,PER-A
郑天翔,PER-A
邓林,PER-A
展淑萍,PER-A
邹家华,PER-A
钱伟长,PER-A
阮,PER-A
曹善强,PER-A
蔡素玉,PER-A
李季,PER-A
蒋巍,PER-A
孙永久,PER-A
廖汉生,PER-A
吴德民,PER-A
周绍良,PER-A
赵虎,PER-A
郑必坚,PER-A
唐代华,PER-A
姚畹贞,PER-A
梁庆庭,PER-A
李芬,PER-A
郭冠,PER-A
陈健,PER-A
张作玺,PER-A
郑周永,PER-A
辜鸿铭,PER-A
高元钧,PER-A
长孙,PER-A
朴普熙,PER-A
阮文灵,PER-A
龚永泉,PER-A
王炳奎,PER-A
吴英恺,PER-A
蒋莎,PER-A
崔玉山,PER-A
王廷江,PER-A
迟浩田,PER-A
李玉茹,PER-A
黄国荣,PER-A
刘宇,PER-A
龚雯,PER-A
张孝华,PER-A
杨振怀,PER-A
蔡国庆,PER-A
吴明熹,PER-A
王忠禹,PER-A
刘云厚,PER-A
唐彬,PER-A
陈忠实,PER-A
郭兆信,PER-A
秦华孙,PER-A
滕昭蓉,PER-A
赵世居,PER-A
吴文虎,PER-A
李明炎,PER-A
雷郭堂,PER-A
陈毅,PER-A
周友良,PER-A
陈遵妫,PER-A
张俊九,PER-A
谭其骧,PER-A
薛士圻,PER-A
李成智,PER-A
曾宪林,PER-A
余佩皋,PER-A
李华利,PER-A
韩岳廷,PER-A
朱鸣冈,PER-A
王仁忠,PER-A
朱自强,PER-A
蒋丽梅,PER-A
刘菁,PER-A
姚夏,PER-A
李维平,PER-A
陈桂棣,PER-A
邓鸿勋,PER-A
郭嘉,PER-A
李可染,PER-A
戎霄,PER-A
赵金铎,PER-A
汪大昭,PER-A
汪启淑,PER-A
徐铮,PER-A
郭晶晶,PER-A
任玉增,PER-A
黄凤岐,PER-A
王宗仁,PER-A
宋聚丰,PER-A
朱安康,PER-A
张彦生,PER-A
李河生,PER-A
葛洪升,PER-A
李言闻,PER-A
韩芳润,PER-A
詹志宏,PER-A
吴学谦,PER-A
张亮友,PER-A
王恩茂,PER-A
龚智超,PER-A
李硕勋,PER-A
吴作栋,PER-A
邵景均,PER-A
孙邦俊,PER-A
徐文才,PER-A
杨贵兰,PER-A
杨金秀,PER-A
杨增彤,PER-A
王秀华,PER-A
吴晓波,PER-A
袁晓岑,PER-A
赵登举,PER-A
鲍元恺,PER-A
李长之,PER-A
徐才,PER-A
李红,PER-A
刘伶,PER-A
奉天玉,PER-A
王宏志,PER-A
李维汉,PER-A
杨乐中,PER-A
李景,PER-A
杨大峥,PER-A
陈绍瑜,PER-A
汪忠镐,PER-A
郭达初,PER-A
郭庆云,PER-A
汤洪高,PER-A
李富玉,PER-A
孙振宇,PER-A
董宏君,PER-A
田凤山,PER-A
刘清华,PER-A
朱子,PER-A
黄宗江,PER-A
李文娟,PER-A
蒋永武,PER-A
陈祖德,PER-A
赵金宝,PER-A
陈裕昆,PER-A
沈治平,PER-A
张金明,PER-A
任桂香,PER-A
曹里怀,PER-A
刘易斯,PER-A
张琪,PER-A
刘秀清,PER-A
李广田,PER-A
长妻笃志,PER-A
潘宝卿,PER-A
肖蔚云,PER-A
李希林,PER-A
顾浩,PER-A
董新辉,PER-A
苏萱,PER-A
孙建军,PER-A
刘友明,PER-A
孙福明,PER-A
徐宝琦,PER-A
弘仁,PER-A
李春亭,PER-A
杨忠,PER-A
袁吉荣,PER-A
梁栋材,PER-A
于建玮,PER-A
陈玉书,PER-A
金子昌资,PER-A
甄瑞文,PER-A
李宗琦,PER-A
欣嘉桑,PER-A
濮存昕,PER-A
王茂润,PER-A
邓颖超,PER-A
谢璞,PER-A
杨福景,PER-A
崔殷泽,PER-A
刘剑锋,PER-A
张振,PER-A
韩俊,PER-A
冯秉顺,PER-A
宣俊英,PER-A
葛振林,PER-A
乔惠敏,PER-A
张维庆,PER-A
俞曲园,PER-A
陈甲寅,PER-A
张森林,PER-A
梁金泉,PER-A
梁伟棠,PER-A
赵东宛,PER-A
赵兴林,PER-A
彭俊,PER-A
孙清芳,PER-A
傅学诚,PER-A
唐坚谋,PER-A
罗贤懋,PER-A
刘复之,PER-A
唐元新,PER-A
杨允中,PER-A
袁步兵,PER-A
邢贲思,PER-A
蔡方柏,PER-A
王宏伟,PER-A
李素芝,PER-A
李小林,PER-A
张万友,PER-A
樊小平,PER-A
李志明,PER-A
傅增湘,PER-A
张永安,PER-A
吴亮星,PER-A
赵毅,PER-A
李建保,PER-A
朱莉,PER-A
吴野渡,PER-A
郭莉萍,PER-A
任志国,PER-A
顾丽萍,PER-A
吴乃群,PER-A
吴艳艳,PER-A
宋宝贤,PER-A
刘亚莉,PER-A
杨雪梅,PER-A
王诚安,PER-A
陈滋英,PER-A
侯伟生,PER-A
唐荣新,PER-A
蔡玉峰,PER-A
吴念鲁,PER-A
郭振乾,PER-A
朱华诚,PER-A
徐倩雯,PER-A
郑贤斌,PER-A
陈汉元,PER-A
徐邦达,PER-A
蔡元培,PER-A
孙卫东,PER-A
陶渊明,PER-A
杨魁孚,PER-A
柳智惠,PER-A
刘玉琴,PER-A
陈作霖,PER-A
町村信孝,PER-A
李乃蔚,PER-A
吴亦侠,PER-A
郑,PER-A
李银河,PER-A
陈东飙,PER-A
沅叔,PER-A
刘白羽,PER-A
刘天华,PER-A
董明珠,PER-A
徐自强,PER-A
蔡春祥,PER-A
李宁,PER-A
王绪阳,PER-A
谭学智,PER-A
高开贤,PER-A
徐寅生,PER-A
邢世嘉,PER-A
郭佳敏,PER-A
陈亚平,PER-A
李元伟,PER-A
孙庆玉,PER-A
张帼英,PER-A
陶驷驹,PER-A
赵培荣,PER-A
郭兰英,PER-A
梁宇,PER-A
邓金科,PER-A
阎会强,PER-A
徐婷,PER-A
谢旭人,PER-A
杨国强,PER-A
冯建湘,PER-A
李来柱,PER-A
赵虹,PER-A
郑板桥,PER-A
司马懿,PER-A
谭元寿,PER-A
郭华,PER-A
张慧剑,PER-A
陈婉娴,PER-A
李春利,PER-A
翟泰丰,PER-A
李亚莉,PER-A
袁熙坤,PER-A
周振甫,PER-A
张骞,PER-A
朱熹,PER-A
周振应,PER-A
王绪振,PER-A
李小鹏,PER-A
任小林,PER-A
周涛,PER-A
杨风海,PER-A
李玫,PER-A
唐玄宗,PER-A
李宝泉,PER-A
薛驹,PER-A
孙彦,PER-A
谭（嗣同）,PER-A
周云武,PER-A
杨阳,PER-A
陈嘉庚,PER-A
李洪峰,PER-A
隋永举,PER-A
陈原,PER-A
燕玲,PER-A
杨白冰,PER-A
李其炎,PER-A
张辉,PER-A
李国宝,PER-A
杨健,PER-A
杨博,PER-A
王德瑛,PER-A
李晓楠,PER-A
李五成,PER-A
李晓芳,PER-A
陈维伟,PER-A
沈文,PER-A
邓惜华,PER-A
陈树春,PER-A
周梁淑怡,PER-A
林京子,PER-A
俞雪芬,PER-A
陈德成,PER-A
董寅初,PER-A
陶晔,PER-A
廖京生,PER-A
谢杨,PER-A
刘恩铭,PER-A
刘阿彩,PER-A
李九信,PER-A
朱琪,PER-A
梁智鸿,PER-A
刘仲藜,PER-A
朱应鹿,PER-A
翟伟,PER-A
张浩,PER-A
何玉棠,PER-A
刘鹏,PER-A
安玲,PER-A
李初建,PER-A
李鸣生,PER-A
梁秀珍,PER-A
陈德良,PER-A
林菊凤,PER-A
孙希岳,PER-A
方荣翔,PER-A
梅葆玖,PER-A
阎懋,PER-A
张兴让,PER-A
范慕韩,PER-A
李昌镐,PER-A
杨健强,PER-A
李春霖,PER-A
李默庵,PER-A
秦孝公,PER-A
溥儒,PER-A
王孝行,PER-A
秦艺源,PER-A
陈福田,PER-A
凤艳,PER-A
周晓沛,PER-A
张琴,PER-A
李雪梅,PER-A
李云飞,PER-A
宋来君,PER-A
张慧晶,PER-A
周斌,PER-A
袁宝华,PER-A
张殿明,PER-A
曹禺,PER-A
李淑梅,PER-A
司马昭,PER-A
杨力舟,PER-A
姚建铨,PER-A
李四光,PER-A
李歇浦,PER-A
刘斯奋,PER-A
朱梦魁,PER-A
桂训华,PER-A
金晓昀,PER-A
刘淇,PER-A
杨光,PER-A
李柱铭,PER-A
蔡葵,PER-A
刘凤英,PER-A
吴佩民,PER-A
宋汉良,PER-A
赵德富,PER-A
王林昌,PER-A
刘精松,PER-A
何洪泽,PER-A
刘健仪,PER-A
张晓丽,PER-A
李振霞,PER-A
宋惠民,PER-A
姜翠华,PER-A
刘永兴,PER-A
孙方友,PER-A
李揆成,PER-A
许少玲,PER-A
朴钟焕,PER-A
曾先国,PER-A
王梓木,PER-A
阎东霞,PER-A
孔祥荣,PER-A
李大钊,PER-A
张璇,PER-A
吴大铁,PER-A
谭权书,PER-A
刘茵茵,PER-A
朱开轩,PER-A
崔木岚,PER-A
李述,PER-A
朱光潜,PER-A
徐琳,PER-A
李崇淮,PER-A
刘皇发,PER-A
倪夏莲,PER-A
曲嘉良,PER-A
徐莹,PER-A
李元,PER-A
刘文典,PER-A
李际均,PER-A
任彦申,PER-A
央金卓嘎,PER-A
张春柏,PER-A
张怡宁,PER-A
蒋丞稷,PER-A
宋晓波,PER-A
林景文,PER-A
蔡季舟,PER-A
翟美卿,PER-A
陈明义,PER-A
陈振华,PER-A
方荣欣,PER-A
田奎玉,PER-A
马宗晋,PER-A
李光天,PER-A
李德生,PER-A
杨光富,PER-A
邓乐军,PER-A
张显臣,PER-A
赵丽蓉,PER-A
吴方军,PER-A
赵志浩,PER-A
陈冲,PER-A
郭秀珊,PER-A
唐师曾,PER-A
杨西,PER-A
王缉思,PER-A
吴寒芬,PER-A
陶寿淇,PER-A
冉炜君,PER-A
陈锦华,PER-A
李碧炎,PER-A
刘志丹,PER-A
吴清源,PER-A
沈洁,PER-A
李燕玲,PER-A
徐少华,PER-A
李九龙,PER-A
肖辉,PER-A
汝信,PER-A
潘汉荣,PER-A
王忠林,PER-A
宋学义,PER-A
陈明珠,PER-A
姬鹏飞,PER-A
张鑫炎,PER-A
杨涌,PER-A
果永毅,PER-A
梁俭,PER-A
黄如楷,PER-A
徐惟诚,PER-A
马万祺,PER-A
尹王桢,PER-A
段君毅,PER-A
李登海,PER-A
吕培俭,PER-A
谭竹青,PER-A
邓长姣,PER-A
李悦,PER-A
王宝庆,PER-A
董其昌,PER-A
陈敏章,PER-A
王荣生,PER-A
刘于鹤,PER-A
孙悦,PER-A
杨皇后,PER-A
陈至立,PER-A
伍皓,PER-A
张连忠,PER-A
吴化文,PER-A
张朝臣,PER-A
玄春浩,PER-A
孙毅,PER-A
赵延年,PER-A
唐国强,PER-A
田泓,PER-A
杨国屏,PER-A
徐兴顺,PER-A
杨代蒂,PER-A
邓廷桢,PER-A
马晓晖,PER-A
马长鸿,PER-A
刘小光,PER-A
董维义,PER-A
李文艺,PER-A
李长水,PER-A
宋敬波,PER-A
吴阶平,PER-A
陈赓,PER-A
杨成武,PER-A
杨达林,PER-A
宿茂臻,PER-A
昌黎,PER-A
樊新河,PER-A
孙军,PER-A
张宏,PER-A
张文光,PER-A
钱冠林,PER-A
陈林,PER-A
高卢麟,PER-A
何腾蛟,PER-A
王娴,PER-A
郑传本,PER-A
李瑞成,PER-A
张文康,PER-A
杨洁,PER-A
徐弘,PER-A
朱训,PER-A
亓瑜萍,PER-A
徐笑康,PER-A
张津京,PER-A
张楠,PER-A
陈玲,PER-A
李静,PER-A
何鸿（申音）,PER-A
陈震,PER-A
张春燕,PER-A
李凤岭,PER-A
田汉,PER-A
刘振华,PER-A
顾秀莲,PER-A
刘千石,PER-A
彭少麟,PER-A
李世铭,PER-A
郑乃〈王光〉,PER-A
李文卿,PER-A
张振富,PER-A
顾骧,PER-A
曾宪梓,PER-A
杨森,PER-A
刘江华,PER-A
王玲,PER-A
朱明瑛,PER-A
杨汝生,PER-A
王昭君,PER-A
郭永才,PER-A
郑秀明,PER-A
邓小平,PER-A
赵忠贤,PER-A
蔡子民,PER-A
陈慕华,PER-A
吴玉章,PER-A
解振华,PER-A
陈伟光,PER-A
陆伟国,PER-A
吕荣斌,PER-A
赵丑富,PER-A
杨小虎,PER-A
刘荷芬,PER-A
胡洁青,PER-A
傅熹年,PER-A
赵洪杰,PER-A
徐霞客,PER-A
李赋宁,PER-A
郭旭光,PER-A
陈毛弟,PER-A
杨永刚,PER-A
刘蓓,PER-A
郝贵平,PER-A
梁馨,PER-A
邓伟,PER-A
陈耀庭,PER-A
刘月才,PER-A
秦始皇,PER-A
韩玉刚,PER-A
师昌绪,PER-A
邓兆棠,PER-A
刘本立,PER-A
丁晓莲,PER-A
李奇生,PER-A
章宏志,PER-A
任建民,PER-A
盛澄华,PER-A
朱育诚,PER-A
赵勇,PER-A
李松梅,PER-A
黄毅诚,PER-A
郭树言,PER-A
张敬涛,PER-A
李纪恒,PER-A
李文云,PER-A
李佑生,PER-A
梁廷芳,PER-A
王汉斌,PER-A
吴仪,PER-A
张雅茹,PER-A
曹文轩,PER-A
郑杭生,PER-A
任晓明,PER-A
陈道福,PER-A
王忠瑜,PER-A
袁亚平,PER-A
孙友田,PER-A
闵惠芬,PER-A
李家祥,PER-A
赵秀亭,PER-A
李德洙,PER-A
曾国藩,PER-A
周许明,PER-A
刘江,PER-A
吴天明,PER-A
刘伯承,PER-A
陈宗兴,PER-A
刘五岳,PER-A
陈光毅,PER-A
李双双,PER-A
宋瑞祥,PER-A
廖昌永,PER-A
吕聪敏,PER-A
赵世衡,PER-A
赵庭友,PER-A
董炯,PER-A
黄苗子,PER-A
闵乃本,PER-A
陶伯钧,PER-A
宋文鑫,PER-A
曾钰成,PER-A
潘绥铭,PER-A
梁光烈,PER-A
薛申,PER-A
李工真,PER-A
李凤林,PER-A
杨建中,PER-A
王兆祥,PER-A
苑苑,PER-A
潘文俊,PER-A
李建华,PER-A
张德铨,PER-A
刘得志,PER-A
俞正声,PER-A
杨次公,PER-A
张克辉,PER-A
樊爱国,PER-A
王凤桐,PER-A
苏芮,PER-A
谢兆萍,PER-A
杨殿富,PER-A
朱连康,PER-A
徐光春,PER-A
汤炳权,PER-A
温琬,PER-A
金志贤,PER-A
刘国正,PER-A
郑清,PER-A
孙大栋,PER-A
户漳井俊介,PER-A
吴金锁,PER-A
俞晓松,PER-A
朱棣,PER-A
李健强,PER-A
宋清渭,PER-A
张国光,PER-A
刘国裕,PER-A
李世济,PER-A
杨槐,PER-A
贝聿铭,PER-A
陈占安,PER-A
王忠诚,PER-A
吴国松,PER-A
刘效,PER-A
刘国江,PER-A
王阳元,PER-A
赵桂花,PER-A
赵翠青,PER-A
钱大昕,PER-A
刘强,PER-A
张守义,PER-A
郑绪岚,PER-A
杨文水,PER-A
蒋筑英,PER-A
刘昌业,PER-A
孙大志,PER-A
曾黎明,PER-A
张谦,PER-A
郑浩,PER-A
李勤,PER-A
邹常忠,PER-A
朱长仁,PER-A
吴爱英,PER-A
曹焕荣,PER-A
田期玉,PER-A
李鹏,PER-A
茂林,PER-A
王世襄,PER-A
尹光雄,PER-A
李伟达,PER-A
李兰学,PER-A
周义霖,PER-A
刘汉铨,PER-A
李克强,PER-A
韩香莲,PER-A
严汉祥,PER-A
杨国梁,PER-A
李燕霞,PER-A
刘羡冰,PER-A
刘炎新,PER-A
颜苏平,PER-A
王永祥,PER-A
杨影,PER-A
陈建军,PER-A
徐春梅,PER-A
刘家新,PER-A
王宏甲,PER-A
刘焯华,PER-A
林毓英,PER-A
陈澄中,PER-A
田北俊,PER-A
孙中山,PER-A
钱国梁,PER-A
吴俊明,PER-A
吴铨叙,PER-A
吉鸿昌,PER-A
陈贤玲,PER-A
津田康道,PER-A
李文江,PER-A
王玉祥,PER-A
蔡升培,PER-A
李自成,PER-A
余晓路,PER-A
张栗庵,PER-A
雷光旭,PER-A
李书军,PER-A
倪志福,PER-A
徐心华,PER-A
曾建徽,PER-A
郝建田,PER-A
刘旋,PER-A
蒋建平,PER-A
卢嘉锡,PER-A
赵振宇,PER-A
杨维桢,PER-A
刘思扬,PER-A
朱建信,PER-A
刘汉立,PER-A
刘,PER-A
郑喜春,PER-A
吴福,PER-A
唐绍仪,PER-A
朱清时,PER-A
赵梓森,PER-A
武藤敏郎,PER-A
李蒙,PER-A
贾宝鹏,PER-A
沈石溪,PER-A
吴捷,PER-A
沈从文,PER-A
刘泽民,PER-A
李菊,PER-A
彭丽媛,PER-A
杨泰芳,PER-A
郭继卫,PER-A
徐,PER-A
杨汝岱,PER-A
黄宇忠,PER-A
宋雅,PER-A
宋仁宗,PER-A
冯之浚,PER-A
王振兴,PER-A
吴彦强,PER-A
吴彪,PER-A
黄国俊,PER-A
王绍鏊,PER-A
朱恩涛,PER-A
李伯勇,PER-A
李蕾,PER-A
李灏,PER-A
张秉贵,PER-A
蒋天麟,PER-A
刘兰芝,PER-A
郑云业,PER-A
李八百,PER-A
杨汝,PER-A
杨明方,PER-A
刘耀明,PER-A
孙道临,PER-A
王兆国,PER-A
李三鸣,PER-A
王辉,PER-A
丁文昌,PER-A
鲍洪俊,PER-A
洪德元,PER-A
王汝,PER-A
赵蓓蓓,PER-A
彭小民,PER-A
唐咸明,PER-A
吴文英,PER-A
李永义,PER-A
伍柏麟,PER-A
杨刘成,PER-A
李英伟,PER-A
邹瑜,PER-A
吴树青,PER-A
郑守仪,PER-A
陈佐湟,PER-A
徐天红,PER-A
李井泉,PER-A
吴俊,PER-A
李晓,PER-A
邹岳汉,PER-A
陈鹏,PER-A
张恨水,PER-A
杨尚昆,PER-A
李谪仙,PER-A
陈桂林,PER-A
赵正义,PER-A
胡云峰,PER-A
张少华,PER-A
董仲舒,PER-A
张皓若,PER-A
任瑞萍,PER-A
何敏嘉,PER-A
陈歆耕,PER-A
恽代英,PER-A
胡庆华,PER-A
赵志勇,PER-A
俞云波,PER-A
李碧,PER-A
吴文焘,PER-A
杨艺,PER-A
朱元,PER-A
杨嘉华,PER-A
张献忠,PER-A
巩晓彬,PER-A
李冰,PER-A
潘家洵,PER-A
方炳祯,PER-A
李凤兰,PER-A
熊光楷,PER-A
李国华,PER-A
林锦华,PER-A
李景汉,PER-A
赵淼,PER-A
王秉锐,PER-A
张廷翰,PER-A
姚红霞,PER-A
杨鸿年,PER-A
葛洪,PER-A
陈建生,PER-A
邵一夫,PER-A
杨洪江,PER-A
吴高盛,PER-A
吴蔼仪,PER-A
汤雪辉,PER-A
刘振英,PER-A
戴秉国,PER-A
奉恒高,PER-A
黄红芳,PER-A
刘长瑜,PER-A
李兆麟,PER-A
赵景泉,PER-A
余卓成,PER-A
李瑞年,PER-A
沈珏平,PER-A
袁茂堂,PER-A
袁步桂,PER-A
杨良,PER-A
赵国良,PER-A
唐志坚,PER-A
徐青,PER-A
张新民,PER-A
郭超人,PER-A
吴文斌,PER-A
张国华,PER-A
李金元,PER-A
秦文君,PER-A
李华盛,PER-A
晓籁,PER-A
真锅淑郎,PER-A
杜宜瑾,PER-A
陈舜礼,PER-A
秦杰,PER-A
郭永志,PER-A
刘备,PER-A
胡玉成,PER-A
李小需,PER-A
小泽一郎,PER-A
魏江春,PER-A
董践真,PER-A
刘忠泽,PER-A
刘步兰,PER-A
赵启正,PER-A
郅振璞,PER-A
梁国庆,PER-A
张小玉,PER-A
吴修平,PER-A
孙明,PER-A
诗丽婉,PER-A
何渊清,PER-A
柳斌,PER-A
水上泷太郎,PER-A
萧文刚,PER-A
殷秀梅,PER-A
刘闯,PER-A
朱佩,PER-A
李永波,PER-A
李铁,PER-A
朱淑真,PER-A
马宝玉,PER-A
李铭新,PER-A
张荣伟,PER-A
吕骥,PER-A
李梅素,PER-A
刘龙,PER-A
李强,PER-A
张珏,PER-A
杨文榜,PER-A
周洁茹,PER-A
许中田,PER-A
谭凤坤,PER-A
王旭东,PER-A
杜毅,PER-A
张宏亮,PER-A
李国安,PER-A
顾良明,PER-A
杨振声,PER-A
朱曙光,PER-A
刘文彩,PER-A
岳万民,PER-A
徐锡安,PER-A
袁晞,PER-A
朱自清,PER-A
李准,PER-A
曹双明,PER-A
张玉来,PER-A
张彦宁,PER-A
孙俊,PER-A
闵恩泽,PER-A
陈尚,PER-A
吴蔚然,PER-A
赵连庆,PER-A
张岱,PER-A
李秋梅,PER-A
吴光宇,PER-A
王芳,PER-A
吴邦国,PER-A
赵晖,PER-A
陈怀国,PER-A
侯宗宾,PER-A
卢秋田,PER-A
王清茂,PER-A
赵南起,PER-A
陈铭德,PER-A
李明,PER-A
李华明,PER-A
李兆焯,PER-A
郭美芳,PER-A
马凤桐,PER-A
陈晓萍,PER-A
秦晖,PER-A
周懋庸,PER-A
陈其一,PER-A
孙起孟,PER-A
张来武,PER-A
冈田武史,PER-A
曹和平,PER-A
刘昕明,PER-A
刘维林,PER-A
张九桓,PER-A
伍云霞,PER-A
吴清辉,PER-A
刘安元,PER-A
陈明,PER-A
曹日昌,PER-A
邹广田,PER-A
何黄彪,PER-A
何麟,PER-A
胡志军,PER-A
金钟焕,PER-A
陈振南,PER-A
崔世昌,PER-A
李荣融,PER-A
张彦中,PER-A
晁元君,PER-A
王振林,PER-A
杨白劳,PER-A
刘军,PER-A
樊禹,PER-A
陈云林,PER-A
胡焕庸,PER-A
刘镇,PER-A
黄丕烈,PER-A
谢晖,PER-A
刘忠德,PER-A
权炳铉,PER-A
杨世和,PER-A
杜雪田,PER-A
陈俊华,PER-A
谢国祥,PER-A
刘振富,PER-A
张慧敏,PER-A
徐光正,PER-A
张铭羽,PER-A
沈钧儒,PER-A
朱幼麟,PER-A
高文旭,PER-A
李继业,PER-A
朱胜文,PER-A
杨武军,PER-A
陈小敏,PER-A
吴荣恪,PER-A
洪绂曾,PER-A
郭,PER-A
郎芳,PER-A
孙开林,PER-A
梁漱溟,PER-A
魏玲,PER-A
李恒勇,PER-A
王嘉廉,PER-A
李丰云,PER-A
顾俊,PER-A
朴成华,PER-A
曹其真,PER-A
张洁清,PER-A
刘胜玉,PER-A
王永民,PER-A
赵洪祝,PER-A
刘瑞奇,PER-A
邱,PER-A
石田东四郎,PER-A
李蓝,PER-A
张倩,PER-A
邓自力,PER-A
李维民,PER-A
阎维文,PER-A
李长和,PER-A
刘士超,PER-A
盛华仁,PER-A
李树文,PER-A
李伯钊,PER-A
孟宪励,PER-A
周宣王,PER-A
杨文忠,PER-A
阳靖,PER-A
陈国强,PER-A
李宪立,PER-A
赵,PER-A
周文元,PER-A
麦广梁,PER-A
萧珊,PER-A
郑昱鲤,PER-A
刘名启,PER-A
李培金,PER-A
关礼杰,PER-B
郎平,PER-B
叶水茂,PER-B
元跃旗,PER-B
素攀,PER-B
王文采,PER-B
王光英,PER-B
曾文正,PER-B
尤,PER-B
瓦伦,PER-B
沈学础,PER-B
刀爱民,PER-B
王中才,PER-B
水上源藏,PER-B
万斯,PER-B
郑冬梅,PER-B
黄保尧,PER-B
卜凡舟,PER-B
何伟,PER-B
张维,PER-B
粟裕,PER-B
马勒,PER-B
陆光成,PER-B
杜达富,PER-B
慈禧,PER-B
差瓦立,PER-B
林同春,PER-B
史玉琴,PER-B
董力生,PER-B
措如才朗,PER-B
左熹,PER-B
金正日,PER-B
方东曙,PER-B
老舍,PER-B
丁聪,PER-B
熊金勇,PER-B
代伊,PER-B
胡卫红,PER-B
黄龙云,PER-B
王青,PER-B
孟,PER-B
亨特,PER-B
谢军,PER-B
毛野德,PER-B
吕敬正,PER-B
饶贵民,PER-B
钱竹汀,PER-B
武侠,PER-B
约吉,PER-B
红孩子,PER-B
韩德培,PER-B
任先发,PER-B
淘淘,PER-B
浚,PER-B
尤先科,PER-B
雨石,PER-B
查阜西,PER-B
于珍,PER-B
马书林,PER-B
陶伯泉,PER-B
谷登堡,PER-B
施密德,PER-B
史静寰,PER-B
黄豆豆,PER-B
莫文祥,PER-B
王频,PER-B
成方圆,PER-B
扎博加,PER-B
余华,PER-B
林菱,PER-B
温宪,PER-B
魏,PER-B
梁丽,PER-B
向兵,PER-B
史瓦西,PER-B
安,PER-B
舍舍利,PER-B
钱兴中,PER-B
严（复）右,PER-B
长生,PER-B
爱迪生,PER-B
蒙蒂,PER-B
郎青山,PER-B
堀达也,PER-B
薄一波,PER-B
陆曦,PER-B
仇石,PER-B
孟德,PER-B
冰心,PER-B
钟添发,PER-B
皮内达,PER-B
付家俊,PER-B
曾彩美,PER-B
林敬益,PER-B
祝华新,PER-B
项,PER-B
程学源,PER-B
龙永图,PER-B
邹常城,PER-B
哈努,PER-B
何竹康,PER-B
溥心,PER-B
许银川,PER-B
范国睿,PER-B
卓别林,PER-B
高村正彦,PER-B
严剑葵,PER-B
列宁,PER-B
肖特,PER-B
姚胜利,PER-B
柏华,PER-B
金复载,PER-B
回良玉,PER-B
林修德,PER-B
田富达,PER-B
欧,PER-B
梅丽莎,PER-B
卓玛,PER-B
奥蒂,PER-B
罗宾汉,PER-B
二云居士,PER-B
高庆奎,PER-B
摩尔,PER-B
张耕,PER-B
高云才,PER-B
王亚宁,PER-B
马丁,PER-B
王海,PER-B
王安石,PER-B
肖钢,PER-B
熊卿材,PER-B
席德华,PER-B
铃木胜利,PER-B
任继愈,PER-B
泽琳,PER-B
卜卫,PER-B
孔令仁,PER-B
寇,PER-B
黄卫平,PER-B
范仲淹,PER-B
赖利,PER-B
维尤金,PER-B
白石,PER-B
佐多稻子,PER-B
白志健,PER-B
叶笃正,PER-B
盖茨,PER-B
贝利,PER-B
希尔,PER-B
韩文海,PER-B
夏雨,PER-B
于忠凯,PER-B
喜,PER-B
明治,PER-B
江世礼,PER-B
沙莲香,PER-B
乾隆,PER-B
耶内,PER-B
胡德平,PER-B
马太依,PER-B
龙新民,PER-B
科达,PER-B
叶圣陶,PER-B
林孔,PER-B
冯,PER-B
安子介,PER-B
史大桢,PER-B
竹下登,PER-B
靳瑞,PER-B
白烨,PER-B
祁连,PER-B
张伯伦,PER-B
顾准,PER-B
康熙,PER-B
孔夫子,PER-B
周长,PER-B
钱济才,PER-B
纪美玲,PER-B
毕文静,PER-B
雷达,PER-B
许辉年,PER-B
黄作兴,PER-B
江建国,PER-B
长野,PER-B
三毛,PER-B
佩纳,PER-B
温格,PER-B
江大海,PER-B
阎海旺,PER-B
叶诚旺,PER-B
余狱兴,PER-B
雷抒雁,PER-B
萧乾,PER-B
齐,PER-B
何基沣,PER-B
福特,PER-B
曼利,PER-B
王盛烈,PER-B
范长江,PER-B
方敬文,PER-B
谢子长,PER-B
曹岩,PER-B
贝耶,PER-B
边文庭,PER-B
奚启新,PER-B
梁达,PER-B
黄宏发,PER-B
皮蓬,PER-B
皮利,PER-B
熊其英,PER-B
穆青,PER-B
元戎,PER-B
韩,PER-B
大西,PER-B
钟建生,PER-B
关广富,PER-B
高富林,PER-B
颜世贵,PER-B
何美华,PER-B
成志明,PER-B
王巨才,PER-B
冷小刚,PER-B
小冬,PER-B
傅同春,PER-B
多利,PER-B
宋健,PER-B
拉贝,PER-B
范培开,PER-B
陶琳,PER-B
眭录明,PER-B
董,PER-B
古爱金,PER-B
范肖梅,PER-B
齐秀兰,PER-B
戴,PER-B
周培源,PER-B
洛则,PER-B
子隐,PER-B
韩德乾,PER-B
何祚庥,PER-B
郁文,PER-B
钟戴苍,PER-B
欧文,PER-B
江宝章,PER-B
王健,PER-B
张扬,PER-B
关纪新,PER-B
常戎,PER-B
谭伯源,PER-B
齐桓公,PER-B
贝特福,PER-B
叶君远,PER-B
施雅风,PER-B
林万海,PER-B
史改梅,PER-B
丁关根,PER-B
赖云阁,PER-B
连贯,PER-B
久间章生,PER-B
叶建第,PER-B
胡富国,PER-B
高志明,PER-B
赛伯,PER-B
普桑,PER-B
杜铁环,PER-B
张又侠,PER-B
比耶,PER-B
常江,PER-B
路易斯,PER-B
老子,PER-B
王琳娜,PER-B
凡·高,PER-B
王明,PER-B
何,PER-B
韩铁城,PER-B
罗承烈,PER-B
魏根深,PER-B
宗相文,PER-B
包,PER-B
伊奈恭子,PER-B
桑特,PER-B
章师明,PER-B
季,PER-B
焦菊隐,PER-B
林,PER-B
马文瑞,PER-B
孙权,PER-B
何承天,PER-B
高天正,PER-B
田亮,PER-B
陆游,PER-B
蓬达利,PER-B
马恩汉,PER-B
拉奥,PER-B
包拯,PER-B
贺典大雄,PER-B
杜尔,PER-B
藤森,PER-B
符国师,PER-B
占绪江,PER-B
钟声,PER-B
王安忆,PER-B
大禹,PER-B
许权中,PER-B
庞朴,PER-B
利维,PER-B
权宁武,PER-B
叶公超,PER-B
铁凝,PER-B
傅抱石,PER-B
谢国材,PER-B
张虎生,PER-B
阿难,PER-B
洪秀全,PER-B
王梦奎,PER-B
高洪波,PER-B
霍汉姬,PER-B
宇文,PER-B
彦涵,PER-B
马跃南,PER-B
卞德培,PER-B
图布新,PER-B
元定宗,PER-B
彭小兰,PER-B
芦剑,PER-B
叶挺,PER-B
耿全礼,PER-B
王忍之,PER-B
阿加西,PER-B
王文教,PER-B
于蓝,PER-B
高放,PER-B
山田规三生,PER-B
汪明新,PER-B
滕子京,PER-B
汪芜生,PER-B
盖亭,PER-B
洪堡,PER-B
包公,PER-B
高华,PER-B
胡立教,PER-B
张纯如,PER-B
丰芸,PER-B
谷牧,PER-B
于永波,PER-B
彭士禄,PER-B
周勇,PER-B
方英梅,PER-B
由喜贵,PER-B
厉以宁,PER-B
王西安,PER-B
鲍毕,PER-B
夏尚武,PER-B
史密斯,PER-B
塔基,PER-B
兰保景,PER-B
张吉龙,PER-B
庆承瑞,PER-B
史运丽,PER-B
王近山,PER-B
科恩,PER-B
周正庆,PER-B
巧儿,PER-B
钟书,PER-B
张利明,PER-B
黄宏生,PER-B
王发林,PER-B
贺敬之,PER-B
费子文,PER-B
岳飞,PER-B
达赖喇嘛,PER-B
喜莲,PER-B
卡沙特,PER-B
次仁多吉,PER-B
胡必成,PER-B
蓝世章,PER-B
王立民,PER-B
束怀德,PER-B
谷口清太郎,PER-B
谢冰心,PER-B
工藤纪夫,PER-B
郁,PER-B
王秀芬,PER-B
潘吉星,PER-B
车范根,PER-B
斯隆,PER-B
孟富强,PER-B
京京,PER-B
家佳,PER-B
马托,PER-B
上田,PER-B
张体义,PER-B
邝日容,PER-B
胡跃平,PER-B
金志坚,PER-B
侯,PER-B
培根,PER-B
王益,PER-B
彭菎生,PER-B
潘文凯,PER-B
焦英,PER-B
叶利钦,PER-B
希思,PER-B
康能娟,PER-B
张美远,PER-B
舒德,PER-B
吕全深,PER-B
贾学山,PER-B
哪吒,PER-B
隆班,PER-B
肖琳,PER-B
砚秋,PER-B
高梦旦,PER-B
程连木,PER-B
加尧姆,PER-B
严复,PER-B
陆敬严,PER-B
金明玉,PER-B
喻招弟,PER-B
薛,PER-B
原洪,PER-B
万名盈,PER-B
小林光一,PER-B
须汉兴,PER-B
米勒,PER-B
王义堂,PER-B
常有功,PER-B
胡启立,PER-B
周景富,PER-B
宋德福,PER-B
司开松,PER-B
黄维,PER-B
占旭刚,PER-B
伦差,PER-B
亨,PER-B
索罗,PER-B
周长江,PER-B
沈国放,PER-B
叶连松,PER-B
谭盾,PER-B
孔二库,PER-B
琼,PER-B
程邃,PER-B
颜丹晨,PER-B
费孝通,PER-B
周元,PER-B
阿里,PER-B
唐军,PER-B
张德邻,PER-B
孔,PER-B
张嘎,PER-B
何光,PER-B
闻一多,PER-B
卢奇,PER-B
冯统一,PER-B
牟新生,PER-B
范敬宜,PER-B
艾知生,PER-B
陶铸,PER-B
上杉,PER-B
曾序勇,PER-B
项苏云,PER-B
贝原俊民,PER-B
石登,PER-B
梅门造,PER-B
周亮,PER-B
唐国丽,PER-B
石枫,PER-B
松永近米,PER-B
于光远,PER-B
范胜国,PER-B
关牧村,PER-B
詹天佑,PER-B
王民岗,PER-B
包蹇,PER-B
周中革,PER-B
冯启明,PER-B
弘光,PER-B
欧阳逸冰,PER-B
卢格,PER-B
毕桂发,PER-B
王举,PER-B
林国英,PER-B
杰克,PER-B
平伯,PER-B
骆家辉,PER-B
张永根,PER-B
王新庆,PER-B
小平,PER-B
丽萍,PER-B
海明威,PER-B
许其亮,PER-B
樱内,PER-B
鲁亚,PER-B
曲南男,PER-B
朱基,PER-B
许雄英,PER-B
荻村,PER-B
谢顺吉,PER-B
东史郎,PER-B
林弟,PER-B
碧海舟,PER-B
程彤,PER-B
柏三元,PER-B
何利,PER-B
乔治,PER-B
姚保国,PER-B
华佗,PER-B
毛泽东,PER-B
许会,PER-B
许长青,PER-B
纪玉杰,PER-B
耿飚,PER-B
谭震,PER-B
京野由梨,PER-B
朱力行,PER-B
基里延科,PER-B
马多,PER-B
傅全有,PER-B
辜,PER-B
谭富英,PER-B
肖海亮,PER-B
明仁,PER-B
坦登,PER-B
金里奇,PER-B
王协成,PER-B
史来贺,PER-B
杰杰,PER-B
范,PER-B
史鄂侯,PER-B
江人民,PER-B
张雪,PER-B
成剑文,PER-B
宝庆,PER-B
宇妥,PER-B
马明宇,PER-B
欧安利,PER-B
卡翁达,PER-B
卡拉,PER-B
厉无畏,PER-B
金庸,PER-B
艾振华,PER-B
安江,PER-B
胡润四,PER-B
傅,PER-B
平山郁夫,PER-B
丁,PER-B
庄红卫,PER-B
王德泉,PER-B
老鹰,PER-B
钱学森,PER-B
石嘉成,PER-B
高允连,PER-B
和国才,PER-B
卓顺国,PER-B
祝巧文,PER-B
周建人,PER-B
张监税,PER-B
米,PER-B
许晶,PER-B
韩愈,PER-B
多吉才让,PER-B
敦坎,PER-B
李舸,PER-B
张太雷,PER-B
VeraSchwarcz,PER-B
村山富市,PER-B
周南,PER-B
宋培效,PER-B
钮小明,PER-B
亨利,PER-B
何德来,PER-B
谢世杰,PER-B
罗瑞卿,PER-B
释迦,PER-B
汪锋,PER-B
海顿,PER-B
冯其庸,PER-B
乔丹,PER-B
孔令涛,PER-B
马思忠,PER-B
胡适之,PER-B
黄璜,PER-B
韦纯束,PER-B
冯启敏,PER-B
莫亚,PER-B
高桥温,PER-B
藤本吉郎,PER-B
国正,PER-B
周作人,PER-B
施,PER-B
王景山,PER-B
祝英台,PER-B
靳,PER-B
明义,PER-B
原正市,PER-B
高峰,PER-B
让和,PER-B
邹士贵,PER-B
孙继海,PER-B
普朝柱,PER-B
大西武雄,PER-B
安杰依,PER-B
夏财兴,PER-B
臧海传,PER-B
温,PER-B
休斯,PER-B
林璎,PER-B
裘恒,PER-B
柯为湘,PER-B
绍伊古,PER-B
王非,PER-B
唐公房,PER-B
周国平,PER-B
河村宏,PER-B
白恩培,PER-B
库克,PER-B
张文学,PER-B
卢梭,PER-B
阿的江,PER-B
白云,PER-B
张震,PER-B
侯健,PER-B
张岩,PER-B
图图,PER-B
章念生,PER-B
金春兰,PER-B
古天乐,PER-B
白清才,PER-B
团伊玖磨,PER-B
于长洪,PER-B
于青,PER-B
布佐,PER-B
房维中,PER-B
蜀牛,PER-B
叶秋,PER-B
韩叙,PER-B
张喜兰,PER-B
卢功勋,PER-B
许崇德,PER-B
高潮,PER-B
丁德文,PER-B
许永跃,PER-B
陆江,PER-B
巴盖里,PER-B
西施,PER-B
范明乐,PER-B
柯琦,PER-B
盖德,PER-B
安振东,PER-B
王觉斯,PER-B
张工,PER-B
罗豪才,PER-B
晋文公,PER-B
林笑云,PER-B
桀,PER-B
查培新,PER-B
单仲偕,PER-B
左文龙,PER-B
毛冬声,PER-B
姜,PER-B
左思,PER-B
杜矢甲,PER-B
速水优,PER-B
文辅相,PER-B
万克,PER-B
向隅,PER-B
肖秧,PER-B
粟光前,PER-B
崔悦温,PER-B
陆士新,PER-B
安南,PER-B
高祀仁,PER-B
素蓬,PER-B
张克侠,PER-B
陶勤,PER-B
滕文生,PER-B
王维,PER-B
宫,PER-B
耿,PER-B
沙雷,PER-B
冯尚喜,PER-B
杜林梅,PER-B
夏建军,PER-B
柳相铁,PER-B
谭恩美,PER-B
蜀虎,PER-B
潘小扬,PER-B
巴金,PER-B
项英,PER-B
高野纪元,PER-B
牛文元,PER-B
黄传会,PER-B
穆伊,PER-B
斯壮,PER-B
覃,PER-B
周远清,PER-B
韩发,PER-B
丹明,PER-B
达利,PER-B
卡福,PER-B
任维东,PER-B
吉姆,PER-B
肖海花,PER-B
约翰,PER-B
黄登仁,PER-B
原焘,PER-B
卢卫中,PER-B
周策纵,PER-B
周大新,PER-B
王丙乾,PER-B
比热拉,PER-B
富士纯子,PER-B
哲夫,PER-B
文春华,PER-B
黄华,PER-B
庖丁,PER-B
韬奋,PER-B
裴学德,PER-B
乾,PER-B
肖内坎,PER-B
神崎武法,PER-B
刘正威,PER-B
潘开明,PER-B
田,PER-B
吉佩定,PER-B
杰格,PER-B
王进喜,PER-B
班禅,PER-B
卢新宁,PER-B
王义锡,PER-B
卡特,PER-B
佐戈,PER-B
田纪云,PER-B
安莉,PER-B
王刚,PER-B
黄育川,PER-B
佐拉,PER-B
王成香,PER-B
伍霞,PER-B
左青,PER-B
叶热尔,PER-B
张瑞,PER-B
周刚,PER-B
陆奇光,PER-B
丁肇中,PER-B
布朗,PER-B
张付华,PER-B
周章喜,PER-B
王学文,PER-B
侯树栋,PER-B
和平新党,PER-B
汪波,PER-B
披威,PER-B
谢非,PER-B
乔石,PER-B
成银生,PER-B
黄汉强,PER-B
邬娜,PER-B
王波,PER-B
张仓吉,PER-B
牟善初,PER-B
元元,PER-B
石鲁,PER-B
齐白石,PER-B
曲志红,PER-B
胡卫东,PER-B
朱育理,PER-B
谈松华,PER-B
孟学农,PER-B
席小平,PER-B
马汉,PER-B
王娜梅,PER-B
金元东,PER-B
丁小艾,PER-B
加藤一,PER-B
周柏年,PER-B
方丹,PER-B
王治郅,PER-B
王继珠,PER-B
田成平,PER-B
伍达德,PER-B
张保军,PER-B
崔志远,PER-B
曹火星,PER-B
张长海,PER-B
步正发,PER-B
唐胜利,PER-B
张登义,PER-B
沈,PER-B
华盛顿,PER-B
范文茶,PER-B
简宁,PER-B
程维高,PER-B
罗冰生,PER-B
许光明,PER-B
菅直人,PER-B
寇健明,PER-B
陶仲历,PER-B
王占,PER-B
施盈富,PER-B
关家庆,PER-B
山崎拓,PER-B
岳海岩,PER-B
楚庄,PER-B
张士诚,PER-B
史伯,PER-B
栗栗,PER-B
王文龙,PER-B
吉增海,PER-B
周付宇,PER-B
王宝来,PER-B
雄欢,PER-B
王平刚,PER-B
张维东,PER-B
今井敬,PER-B
黄小常,PER-B
渡边和郎,PER-B
黑呼,PER-B
罗森道,PER-B
牛顿,PER-B
亮,PER-B
申雪,PER-B
何道泉,PER-B
孔繁森,PER-B
雪岩,PER-B
范小青,PER-B
罗永源,PER-B
史秀英,PER-B
高钟勋,PER-B
周真国,PER-B
陆宜芬,PER-B
谢,PER-B
顾云飞,PER-B
柳永,PER-B
比松,PER-B
华芸,PER-B
雷布金,PER-B
何泰权,PER-B
隋菲菲,PER-B
成吉思汗,PER-B
金桑,PER-B
罗茂城,PER-B
王厚德,PER-B
哈桑,PER-B
江青,PER-B
祝注先,PER-B
丁翠萍,PER-B
丁东,PER-B
葛剑雄,PER-B
何鲁丽,PER-B
固辉,PER-B
段世杰,PER-B
黄克立,PER-B
素,PER-B
林若崴,PER-B
涂谨申,PER-B
裴树军,PER-B
里根,PER-B
王选,PER-B
尚秀云,PER-B
托德,PER-B
张吾乐,PER-B
韩济生,PER-B
勒古,PER-B
施利特,PER-B
仝丽,PER-B
卡多佐,PER-B
程程,PER-B
卢仝,PER-B
周瑜,PER-B
夏佳理,PER-B
小凡,PER-B
舒,PER-B
王丽萍,PER-B
于幼军,PER-B
钱树根,PER-B
成思危,PER-B
马友友,PER-B
苏东坡,PER-B
康生,PER-B
孔波雷,PER-B
白波,PER-B
冯牧,PER-B
宏,PER-B
王殿平,PER-B
群培,PER-B
连经,PER-B
王平,PER-B
根本二郎,PER-B
付家峻,PER-B
曾庆存,PER-B
丹增次仁,PER-B
尹树广,PER-B
王国章,PER-B
周同宾,PER-B
丁采瑛,PER-B
黄胄,PER-B
张雅心,PER-B
顾诵芬,PER-B
钟隆惠,PER-B
丘拜斯,PER-B
金海英,PER-B
马澄清,PER-B
尚德义,PER-B
马善记,PER-B
黄瑶,PER-B
范文荣,PER-B
商铭渔,PER-B
尚,PER-B
雨丝,PER-B
胡德风,PER-B
卢强,PER-B
王昆,PER-B
杜重远,PER-B
黄薇,PER-B
张劲夫,PER-B
具本茂,PER-B
华以刚,PER-B
柳青,PER-B
太阳神,PER-B
谢里夫,PER-B
程津培,PER-B
张超,PER-B
牛俊国,PER-B
姜映梅,PER-B
戴和旺,PER-B
一合,PER-B
黄金丹,PER-B
何新华,PER-B
王群,PER-B
康德苏,PER-B
晋希天,PER-B
翁霍,PER-B
鲍尔,PER-B
陈福今,PER-B
丁显宝,PER-B
柳,PER-B
回建,PER-B
黄综翰,PER-B
孔戴,PER-B
戴韫,PER-B
冯强,PER-B
科勒,PER-B
纳亚,PER-B
贾军,PER-B
观音,PER-B
伊索,PER-B
朱丽兰,PER-B
潘维军,PER-B
梁树健,PER-B
郅顺义,PER-B
丁贵明,PER-B
谢拉,PER-B
丁文政,PER-B
司马迁,PER-B
子京,PER-B
金日光,PER-B
晏鸽,PER-B
开来,PER-B
付众,PER-B
伍精华,PER-B
珍珠,PER-B
张苒,PER-B
冯树森,PER-B
袁世海,PER-B
金力文,PER-B
罗玉芬,PER-B
丁保藻,PER-B
老,PER-B
黄有泉,PER-B
王学萍,PER-B
王火,PER-B
张大千,PER-B
阿英,PER-B
鲁班,PER-B
王嫣,PER-B
曲兵,PER-B
周莲,PER-B
彭丹,PER-B
张永一,PER-B
王登龙,PER-B
孟子,PER-B
卢金,PER-B
许立群,PER-B
齐怀远,PER-B
辛森,PER-B
庄,PER-B
宋双,PER-B
叶志连,PER-B
马永康,PER-B
罗致光,PER-B
素林,PER-B
鉴真,PER-B
张大脚,PER-B
桥本,PER-B
林红梅,PER-B
剑平,PER-B
于友先,PER-B
翟,PER-B
张松,PER-B
义菊英,PER-B
巴乔,PER-B
官杉井,PER-B
于同申,PER-B
常生强,PER-B
舒圣佑,PER-B
黄豫生,PER-B
钱钟书,PER-B
贺龙,PER-B
欧阳修,PER-B
惠永正,PER-B
迟金声,PER-B
楼继伟,PER-B
耶律楚材,PER-B
米元章,PER-B
牛天赐,PER-B
高迪,PER-B
吕,PER-B
钟敬文,PER-B
吴擎柱,PER-B
恩来,PER-B
西林春,PER-B
马哈健,PER-B
皮克林,PER-B
孙保杰,PER-B
陆柏兴,PER-B
黄学锋,PER-B
周实,PER-B
张继,PER-B
其庸,PER-B
金宇中,PER-B
左,PER-B
唐顺山,PER-B
加腾,PER-B
柯小刚,PER-B
叶选平,PER-B
牛本一,PER-B
果丽,PER-B
牛,PER-B
吕厄,PER-B
毕加索,PER-B
张德培,PER-B
同治,PER-B
马乔,PER-B
殷德厚,PER-B
马小宁,PER-B
柯灵,PER-B
瓦里,PER-B
滨四津敏子,PER-B
肖乾,PER-B
沈雷,PER-B
于金山,PER-B
蔺新江,PER-B
屠善澄,PER-B
Rousseau,PER-B
丛学娣,PER-B
陶纯,PER-B
博内夫,PER-B
本特森,PER-B
张南皮,PER-B
于源春,PER-B
莱顿,PER-B
庞利,PER-B
伞天,PER-B
王震西,PER-B
游若旭,PER-B
竹林,PER-B
黄丹华,PER-B
丘成桐,PER-B
成元生,PER-B
全哲洙,PER-B
毕小凡,PER-B
贝恩,PER-B
宝廷,PER-B
小红龙,PER-B
丁美媛,PER-B
常复琼,PER-B
柯白,PER-B
叶佩英,PER-B
颜龙安,PER-B
沙基克,PER-B
张左己,PER-B
霍志谐,PER-B
上田美保,PER-B
翟启运,PER-B
左金文,PER-B
裘山山,PER-B
施明慎,PER-B
操,PER-B
梅方权,PER-B
汤,PER-B
崔亚林,PER-B
云土,PER-B
张万年,PER-B
文启东,PER-B
曾范兴健,PER-B
贝德士,PER-B
谢启光,PER-B
张全景,PER-B
王培增,PER-B
孙英,PER-B
威尔,PER-B
阮经宙,PER-B
山崎,PER-B
王朝,PER-B
郑成功,PER-B
王贵,PER-B
汉斯,PER-B
王珠,PER-B
柳随年,PER-B
灵灵,PER-B
成建云,PER-B
庄少勤,PER-B
关友明,PER-B
魏世成,PER-B
陶,PER-B
阿南,PER-B
农德孟,PER-B
成红霞,PER-B
江,PER-B
蚩尤,PER-B
樊尚,PER-B
伯杰,PER-B
沃特,PER-B
魏勒,PER-B
高长青,PER-B
雷菊芳,PER-B
严,PER-B
列,PER-B
孟泰,PER-B
强小陆,PER-B
靳继全,PER-B
戴利,PER-B
艾奇,PER-B
米博华,PER-B
庄子,PER-B
车继轩,PER-B
白玉霜,PER-B
罗常培,PER-B
路坦,PER-B
丁一飞,PER-B
王立诚,PER-B
曾繁钦,PER-B
周冠五,PER-B
罗昌爱,PER-B
夏圭,PER-B
何光远,PER-B
汉施,PER-B
冯觉新,PER-B
王雪冰,PER-B
黄元福,PER-B
林文益,PER-B
唐,PER-B
沙尔,PER-B
齐达内,PER-B
花,PER-B
孟东菊,PER-B
才口布,PER-B
于庆丰,PER-B
常则民,PER-B
王孟奇,PER-B
方天丰,PER-B
肖扬,PER-B
符小渤,PER-B
达穷,PER-B
苏步青,PER-B
宋飞,PER-B
白居易,PER-B
王新建,PER-B
董学礼,PER-B
余志正,PER-B
鲁宾,PER-B
许国连,PER-B
沈括,PER-B
珀蒂,PER-B
韩学增,PER-B
孔祥久,PER-B
苏宁,PER-B
丁光训,PER-B
钱志新,PER-B
小渊,PER-B
织女,PER-B
臧克和,PER-B
孔令辉,PER-B
苗立杰,PER-B
叶青,PER-B
大竹英雄,PER-B
蚩,PER-B
王卫国,PER-B
彦坂直人,PER-B
罗立文,PER-B
曹伯纯,PER-B
庞天舒,PER-B
艾华士,PER-B
边巴,PER-B
项珠珠,PER-B
颜,PER-B
任真,PER-B
清水茂,PER-B
焦裕禄,PER-B
张帆,PER-B
康克清,PER-B
鲍林,PER-B
罗旭瑞,PER-B
华洋,PER-B
Likharev,PER-B
唐佩珠,PER-B
包国富,PER-B
艾笑,PER-B
何年,PER-B
扬玉梅,PER-B
高茹,PER-B
巢扬,PER-B
格伦,PER-B
丁广元,PER-B
百川,PER-B
黄伟权,PER-B
纪,PER-B
司徒华,PER-B
林一兵,PER-B
谢峰,PER-B
卢宁军,PER-B
祝孔升,PER-B
河,PER-B
金斯,PER-B
唐铁汉,PER-B
罗盘,PER-B
保拉,PER-B
句号,PER-B
岳森,PER-B
优素福,PER-B
桂,PER-B
霍元甲,PER-B
蓝钦文,PER-B
贺光辉,PER-B
商鞅,PER-B
席咏梅,PER-B
半山,PER-B
季强,PER-B
黄鹂,PER-B
瓦利,PER-B
王二刚,PER-B
鲁之洛,PER-B
王平民,PER-B
时传祥,PER-B
哥特,PER-B
王胜太,PER-B
黄盖,PER-B
温家宝,PER-B
张增军,PER-B
全树仁,PER-B
抱瓮老人,PER-B
林齐美,PER-B
隋非非,PER-B
扎西,PER-B
欧广源,PER-B
侯仁之,PER-B
羿,PER-B
吕岩松,PER-B
左章,PER-B
罗代建,PER-B
靳瑞堂,PER-B
林培中,PER-B
春桃,PER-B
苗地,PER-B
张学津,PER-B
王若飞,PER-B
莱韦,PER-B
方骏,PER-B
安雷,PER-B
多伊奇,PER-B
罗景民,PER-B
张军,PER-B
周强,PER-B
苗苗,PER-B
毛,PER-B
黄容根,PER-B
索宝莉,PER-B
伊杜,PER-B
阿莫,PER-B
邹竞蒙,PER-B
金冲及,PER-B
金珠玛米,PER-B
沙孟海,PER-B
时乐（氵蒙）,PER-B
占堆,PER-B
尹克升,PER-B
杜子端,PER-B
陆静斐,PER-B
仲马,PER-B
鲁迅,PER-B
彭真,PER-B
中岛宏,PER-B
梅向明,PER-B
蝴蝶,PER-B
王菲,PER-B
康奉均,PER-B
杜加里,PER-B
杜加利,PER-B
余长生,PER-B
王启人,PER-B
高达,PER-B
魏金山,PER-B
学昭,PER-B
沈达人,PER-B
沙尔平,PER-B
汪自力,PER-B
罗静,PER-B
贾西平,PER-B
黎兵,PER-B
塞尚,PER-B
黄昆,PER-B
黄振中,PER-B
范康,PER-B
张健,PER-B
何世柱,PER-B
张学群,PER-B
葛庭燧,PER-B
丁建明,PER-B
许宏治,PER-B
李默然,PER-B
黄启璪,PER-B
杜若原,PER-B
静琬,PER-B
包龙图,PER-B
贝聿明,PER-B
佟宝存,PER-B
范成大,PER-B
班汉,PER-B
布什,PER-B
魏崴,PER-B
潘震宙,PER-B
巴赫,PER-B
布福德,PER-B
水井泰子,PER-B
列御寇,PER-B
季羡林,PER-B
柯世康,PER-B
周克玉,PER-B
桥本龙太郎,PER-B
敖其尔,PER-B
唐才常,PER-B
张海丽,PER-B
纳兰,PER-B
高珲,PER-B
塞甘,PER-B
阿奔,PER-B
黄新初,PER-B
高比,PER-B
吕正操,PER-B
王开宇,PER-B
张和平,PER-B
王树茂,PER-B
黎德英,PER-B
大虎,PER-B
袁鹰,PER-B
王大石,PER-B
继生,PER-B
童小平,PER-B
谢欣然,PER-B
凯雷,PER-B
唐广普,PER-B
韦伯,PER-B
艾素,PER-B
林德,PER-B
任一农,PER-B
周,PER-B
汪道涵,PER-B
Shor,PER-B
江绍原,PER-B
卢晶,PER-B
达登,PER-B
余,PER-B
倪征,PER-B
萨兆沩,PER-B
应文华,PER-B
费密,PER-B
张西蕾,PER-B
谷野作太郎,PER-B
尹红英,PER-B
钟腾福,PER-B
禄峰,PER-B
张今,PER-B
王运熙,PER-B
周铁农,PER-B
才旦卓嘎,PER-B
黄宏,PER-B
马占成,PER-B
罗晓勤,PER-B
默林,PER-B
诺亚,PER-B
艾爱国,PER-B
次洛,PER-B
王雷鸣,PER-B
毕,PER-B
陶世安,PER-B
马泰沙,PER-B
张晶,PER-B
鄂继权,PER-B
季红真,PER-B
裘少戎,PER-B
木村一三,PER-B
车泽武,PER-B
王宝森,PER-B
麦达通,PER-B
魏斐德,PER-B
鲍国安,PER-B
久间,PER-B
郝海东,PER-B
王太华,PER-B
卡内基,PER-B
于学俭,PER-B
张好生,PER-B
次仁卓玛,PER-B
茅盾,PER-B
祥子,PER-B
毕全忠,PER-B
王冶坪,PER-B
高严,PER-B
基蒂,PER-B
崔乃夫,PER-B
张铁发,PER-B
孟西安,PER-B
胡福才,PER-B
柯罗,PER-B
帕嘎,PER-B
党建平,PER-B
柳江南,PER-B
井伏鳟二,PER-B
乔玉福,PER-B
裴静之,PER-B
黄文丁,PER-B
辛哈,PER-B
莫菲,PER-B
马谡,PER-B
侯赛因,PER-B
甘罗,PER-B
尹超海,PER-B
李来群,PER-B
严纯华,PER-B
焦健,PER-B
伯利,PER-B
游光荣,PER-B
周德武,PER-B
王爱国,PER-B
桥本光治,PER-B
满振英,PER-B
松井,PER-B
高云江,PER-B
王伍福,PER-B
陆文虎,PER-B
黄秀平,PER-B
金泳三,PER-B
关亮,PER-B
戴安娜,PER-B
汉纳,PER-B
林觉民,PER-B
胡正言,PER-B
西王母,PER-B
蒋留计,PER-B
都都,PER-B
周子隐,PER-B
白剑峰,PER-B
仲礼雨,PER-B
库奇马,PER-B
冈野雅行,PER-B
周少武,PER-B
詹培忠,PER-B
唐树备,PER-B
周恩来,PER-B
邹,PER-B
牛涛,PER-B
布哈林,PER-B
孟明胜,PER-B
钱正英,PER-B
胡明,PER-B
那英,PER-B
辛育龄,PER-B
提香,PER-B
古阳关,PER-B
薛原,PER-B
华华,PER-B
明德纯,PER-B
丁午寿,PER-B
胡,PER-B
尧,PER-B
范军,PER-B
肖平,PER-B
伏羲,PER-B
曲格平,PER-B
石丹,PER-B
坎特,PER-B
何占豪,PER-B
肖克,PER-B
二阶堂进,PER-B
威廉,PER-B
曾庆红,PER-B
温克刚,PER-B
舒曼,PER-B
许传音,PER-B
哈默,PER-B
PeterShor,PER-B
叶诚万,PER-B
罗庸,PER-B
丁松,PER-B
张光胜,PER-B
王希平,PER-B
沙健孙,PER-B
陆新平,PER-B
杜比宁,PER-B
梅绍静,PER-B
王南,PER-B
彭英花,PER-B
康有为,PER-B
罗雪村,PER-B
冯日乾,PER-B
沙祖康,PER-B
汪家趚,PER-B
家宝,PER-B
蒋沙,PER-B
索思泰,PER-B
漆侠,PER-B
朱朗标,PER-B
林圭,PER-B
卢瑞华,PER-B
马内,PER-B
高伟,PER-B
里斯,PER-B
贝克,PER-B
罗高寿,PER-B
王兆兰,PER-B
约翰松,PER-B
潘纳友,PER-B
佐藤,PER-B
周建平,PER-B
散,PER-B
圣德,PER-B
王力,PER-B
孙,PER-B
吴努,PER-B
海非,PER-B
东坡,PER-B
马琳,PER-B
郁风,PER-B
胡久根,PER-B
杜颖,PER-B
皮澳特,PER-B
王如珍,PER-B
姜昆,PER-B
王海晨,PER-B
张平福,PER-B
吴潮升,PER-B
江村罗布,PER-B
马罗,PER-B
野贞子,PER-B
叶公琦,PER-B
王飞,PER-B
姜育恒,PER-B
增平,PER-B
白乐天,PER-B
詹懋海,PER-B
古诺,PER-B
黄世仁,PER-B
彩美,PER-B
图兰朵,PER-B
理查森,PER-B
琼斯,PER-B
金永哲,PER-B
于梅玲,PER-B
张太江,PER-B
代玉清,PER-B
比猜,PER-B
苏晨,PER-B
谢明德,PER-B
康（有为）,PER-B
武东和,PER-B
白求恩,PER-B
杭巨平,PER-B
阿南史代,PER-B
王哲人,PER-B
许和震,PER-B
吕永岩,PER-B
王义胜,PER-B
舒惠国,PER-B
金正南,PER-B
黄泽全,PER-B
田坛,PER-B
高占祥,PER-B
吕东,PER-B
山城宏,PER-B
比比,PER-B
黄克诚,PER-B
耶稣,PER-B
文鑫,PER-B
唐僧,PER-B
法因斯,PER-B
兰红光,PER-B
姜大明,PER-B
潘好好,PER-B
王成汉,PER-B
埃伦,PER-B
方瑞,PER-B
黄小目,PER-B
林见光,PER-B
鲍德温,PER-B
金圣叹,PER-B
白兰芹,PER-B
基罗加,PER-B
王建新,PER-B
镰仓幸子,PER-B
周觉,PER-B
苏高文,PER-B
蓝笛,PER-B
杜利,PER-B
谭,PER-B
罗洗河,PER-B
傅天英,PER-B
许长菁,PER-B
一休,PER-B
经叔平,PER-B
艾伦,PER-B
崔士鑫,PER-B
何栋材,PER-B
沈大力,PER-B
洪流,PER-B
卫晋,PER-B
夏赫,PER-B
伯顿,PER-B
高军,PER-B
柳庆子,PER-B
霍震霆,PER-B
谢丽娟,PER-B
陈保柱,PER-B
知润州,PER-B
梁（启超）,PER-B
叶光,PER-B
普密蓬,PER-B
卡巴,PER-B
耶伦,PER-B
杜近芳,PER-B
马龙,PER-B
区楚良,PER-B
符福渊,PER-B
孙威锋,PER-B
杜甫,PER-B
关贵敏,PER-B
严平,PER-B
温洪,PER-B
许世元,PER-B
嗜云腿,PER-B
华克雄,PER-B
王新生,PER-B
陆军,PER-B
程,PER-B
马林,PER-B
松戈,PER-B
尉健行,PER-B
商国富,PER-B
梁实秋,PER-B
谢宏,PER-B
黄威,PER-B
图灵,PER-B
潘迪,PER-B
章瑞英,PER-B
张家平,PER-B
托尼,PER-B
侯御之,PER-B
张后奇,PER-B
基辛格,PER-B
迪亚,PER-B
卢铭,PER-B
王洛林,PER-B
舒乙,PER-B
颜振育,PER-B
许勇,PER-B
张,PER-B
松下幸之助,PER-B
费正清,PER-B
小美,PER-B
王天然,PER-B
冯友兰,PER-B
王文剑,PER-B
叶剑英,PER-B
华云,PER-B
萨,PER-B
石田,PER-B
张之洞,PER-B
黎明,PER-B
贾永,PER-B
金相厦,PER-B
上帝,PER-B
王仿子,PER-B
内图,PER-B
戴高乐,PER-B
周文吉,PER-B
何继青,PER-B
何玉生,PER-B
拉革,PER-B
彼得,PER-B
王尔琢,PER-B
钱江,PER-B
曹芃生,PER-B
阿君,PER-B
王春梅,PER-B
柳继增,PER-B
左慧英,PER-B
史博岐,PER-B
许维枢,PER-B
卡苏,PER-B
董学生,PER-B
王春芝,PER-B
周榆瑞,PER-B
罗玉文,PER-B
芬利,PER-B
咸丰,PER-B
贾文军,PER-B
胡子克,PER-B
冈光序治,PER-B
琚酒英,PER-B
路小路,PER-B
毛致用,PER-B
池永春,PER-B
龚育之,PER-B
秦红,PER-B
鞠维松,PER-B
胡亚美,PER-B
余世奇,PER-B
慎九范,PER-B
金士尧,PER-B
任元海,PER-B
舒同,PER-B
林兰英,PER-B
茅鹏,PER-B
凌然,PER-B
科库,PER-B
钱皮,PER-B
小星,PER-B
童立和,PER-B
艾立群,PER-B
周森古沙,PER-B
黄大仙,PER-B
和志强,PER-B
乌多文科,PER-B
陆登庭,PER-B
祖光,PER-B
林少文,PER-B
关飞,PER-B
木世俊,PER-B
曾培炎,PER-B
和万春,PER-B
佩洛,PER-B
谢和耐,PER-B
王家诚,PER-B
黄其兴,PER-B
罗涵先,PER-B
林爱茹,PER-B
瑞克,PER-B
于锐,PER-B
何厚铧,PER-B
黄宾虹,PER-B
滕藤,PER-B
金大中,PER-B
黄帝,PER-B
康,PER-B
熊彼特,PER-B
辛业江,PER-B
左翎,PER-B
周顺安,PER-B
王辟之,PER-B
张家军,PER-B
马津,PER-B
武村正义,PER-B
关山月,PER-B
光绪,PER-B
洪达,PER-B
林树哲,PER-B
汪,PER-B
王世诚,PER-B
王维山,PER-B
张梅妮,PER-B
元好问,PER-B
高昌礼,PER-B
旺旺,PER-B
申思,PER-B
差猜,PER-B
拉宾,PER-B
鲁平,PER-B
洛德,PER-B
波特,PER-B
伯德,PER-B
蒲松龄,PER-B
奥田,PER-B
戴维,PER-B
单学鹏,PER-B
宇文虚中,PER-B
王友福,PER-B
白春礼,PER-B
卜兴华,PER-B
王树正,PER-B
于,PER-B
柯文,PER-B
白雪菲,PER-B
王进章,PER-B
游惊涛,PER-B
郜南,PER-B
平托,PER-B
罗点点,PER-B
贾才吉,PER-B
其珠,PER-B
霍顿,PER-B
石米男,PER-B
许仙,PER-B
江山,PER-B
高磊,PER-B
炎帝,PER-B
远征,PER-B
黄丽满,PER-B
阴衍江,PER-B
杜泰,PER-B
戴相龙,PER-B
马吉,PER-B
江春泽,PER-B
买买提,PER-B
陆羽,PER-B
韩文波,PER-B
丹增,PER-B
中江要介,PER-B
王国清,PER-B
马赛洛,PER-B
福塞,PER-B
王大雄,PER-B
弓继权,PER-B
韩素音,PER-B
士百夫,PER-B
张学义,PER-B
萨宁,PER-B
卓奇,PER-B
红娘,PER-B
古继堂,PER-B
董存瑞,PER-B
亚辛,PER-B
恰克,PER-B
章琦,PER-B
左拉,PER-B
高士奇,PER-B
樱内义雄,PER-B
钟馗,PER-B
方毅,PER-B
程安东,PER-B
方成,PER-B
区金蓉,PER-B
吕福源,PER-B
张卫东,PER-B
尚慕杰,PER-B
安邦建,PER-B
伊藤,PER-B
孔子,PER-B
奈娜,PER-B
傅映柏,PER-B
严良,PER-B
屈原,PER-B
金立群,PER-B
王思齐,PER-B
王福章,PER-B
竹田,PER-B
林甘泉,PER-B
田胜立,PER-B
施德良,PER-B
白拜尔,PER-B
彭冲,PER-B
沙基奇,PER-B
马国权,PER-B
庄一中,PER-B
范梅敖,PER-B
周冲民,PER-B
周处,PER-B
黑伯龙,PER-B
王怡,PER-B
Adleman,PER-B
林必炎,PER-B
施晓慧,PER-B
贺本久,PER-B
何秀兰,PER-B
林汉达,PER-B
林散之,PER-B
克雄,PER-B
张保庆,PER-B
法拉第,PER-B
缪双大,PER-B
雷东,PER-B
余秋里,PER-B
张龙,PER-B
欧林,PER-B
马得,PER-B
金美香,PER-B
王存理,PER-B
瑙曼,PER-B
潘小松,PER-B
任建新,PER-B
竹西宽子,PER-B
聂卫平,PER-B
王晨,PER-B
田春美,PER-B
柳萍,PER-B
王九,PER-B
王云龙,PER-B
曾月郁,PER-B
让娜,PER-B
蓝丁寿,PER-B
韦纳,PER-B
冈光,PER-B
孟富林,PER-B
米罗,PER-B
辛维光,PER-B
周伯勋,PER-B
白乐桑,PER-B
严河清,PER-B
黄新茂,PER-B
常昊,PER-B
加利,PER-B
侯解心,PER-B
米拉,PER-B
昙宗,PER-B
霍英东,PER-B
冯长根,PER-B
草木,PER-B
仲子,PER-B
王莉,PER-B
迦叶,PER-B
孙刚,PER-B
马逢国,PER-B
金,PER-B
鲍查多略,PER-B
许有才,PER-B
乍都蒙空,PER-B
会林,PER-B
马金梅,PER-B
厉有为,PER-B
史华兹,PER-B
戈丹,PER-B
卢萍,PER-B
温源宁,PER-B
基廷,PER-B
陆,PER-B
牛得草,PER-B
小门野郎,PER-B
王洁实,PER-B
张树高,PER-B
葛,PER-B
钱虹,PER-B
逄先知,PER-B
王正国,PER-B
罗毅刚,PER-B
金信英,PER-B
莫言,PER-B
王运才,PER-B
周锡瑞,PER-B
万方,PER-B
程茂海,PER-B
盖莱,PER-B
马利,PER-B
佛朗科,PER-B
瑜,PER-B
钱其琛,PER-B
崔永乾,PER-B
庄希泉,PER-B
辛弃疾,PER-B
高敏,PER-B
花木黎,PER-B
顾昂然,PER-B
曾凡凯,PER-B
松井石根,PER-B
张穹,PER-B
强巴,PER-B
姜思农,PER-B
海因兹,PER-B
石永红,PER-B
丁刚,PER-B
黄道生,PER-B
何康,PER-B
钱,PER-B
苏立凡,PER-B
肖怀远,PER-B
许复活,PER-B
毕淇生,PER-B
程思远,PER-B
仁那,PER-B
何其宗,PER-B
中野宽成,PER-B
由昆,PER-B
黄,PER-B
张中行,PER-B
科蒂,PER-B
薛保,PER-B
毛人凤,PER-B
韩坚柱,PER-B
梁山伯,PER-B
杰姆,PER-B
石天曙,PER-B
戚西洋,PER-B
韩晶娜,PER-B
喜宏,PER-B
黄菊,PER-B
贝里,PER-B
冯奎,PER-B
小宁,PER-B
钮茂生,PER-B
王习三,PER-B
张东波,PER-B
冯梦龙,PER-B
龚达发,PER-B
王和,PER-B
威曼,PER-B
伍正禧,PER-B
丁衡高,PER-B
科尔,PER-B
滑兵来,PER-B
王瑶,PER-B
阿童木,PER-B
兰侨,PER-B
黄波,PER-B
单霞丽,PER-B
初,PER-B
许合慧,PER-B
花木兰,PER-B
盛志勇,PER-B
石川一成,PER-B
马晓春,PER-B
王卫生,PER-B
严义埙,PER-B
杜明聪,PER-B
苏克,PER-B
江保安,PER-B
周笑浪,PER-B
彭文,PER-B
雷,PER-B
于辉,PER-B
辛蒂,PER-B
杜侠都,PER-B
王森浩,PER-B
张少农,PER-B
张之路,PER-B
武威,PER-B
崔真实,PER-B
里德,PER-B
因扎吉,PER-B
潘占林,PER-B
肖由明,PER-B
庄世平,PER-B
利里安,PER-B
黎鳌,PER-B
钟怀,PER-B
金钟泌,PER-B
甘道明,PER-B
冯至,PER-B
房凤友,PER-B
于根伟,PER-B
王金兰,PER-B
乌力吉,PER-B
赛康德,PER-B
林峰,PER-B
少奇,PER-B
施建兵,PER-B
张向云,PER-B
园田博之,PER-B
王春立,PER-B
樊,PER-B
汉生,PER-B
藤野文晤,PER-B
洪森,PER-B
唐维红,PER-B
周光召,PER-B
罗优群,PER-B
滕,PER-B
海德,PER-B
韩冰岩,PER-B
王捷,PER-B
尾崎秀树,PER-B
庞卫国,PER-B
欧燕兰,PER-B
钢巴特,PER-B
中山雅史,PER-B
范金城,PER-B
高德占,PER-B
林虎仔,PER-B
白宝仁,PER-B
麻田晋,PER-B
张国基,PER-B
新松,PER-B
雍,PER-B
葛守昆,PER-B
詹祖里,PER-B
王大中,PER-B
王永胜,PER-B
桃子,PER-B
金辉,PER-B
毛河光,PER-B
付勇,PER-B
金增平,PER-B
拓跋,PER-B
申伟,PER-B
稻神,PER-B
张金柱,PER-B
罗星明,PER-B
学文,PER-B
贺鹏飞,PER-B
王黎,PER-B
雨果,PER-B
商辂,PER-B
王广亚,PER-B
潘,PER-B
马京生,PER-B
安家杰,PER-B
高,PER-B
顺治,PER-B
毛良才,PER-B
谢国明,PER-B
上杉光弘,PER-B
史凯日,PER-B
杜,PER-B
靳以,PER-B
王义夫,PER-B
石云生,PER-B
穆桂英,PER-B
朱世保,PER-B
黄文冠,PER-B
罗尚才,PER-B
武文杰,PER-B
王保平,PER-B
谢后和,PER-B
金永波,PER-B
费加罗,PER-B
柳春江,PER-B
觉远,PER-B
周吉庆,PER-B
任现春,PER-B
祝同轨,PER-B
阵容,PER-B
于海,PER-B
姜德明,PER-B
高新亭,PER-B
方齐连,PER-B
普希金,PER-B
布赫,PER-B
兰兰,PER-B
马启智,PER-B
乔全兴,PER-B
叶,PER-B
曲江,PER-B
迪达,PER-B
谢安山,PER-B
赖云图,PER-B
穆家善,PER-B
罗尼,PER-B
林水福,PER-B
金玉顺,PER-B
路易萨,PER-B
努里,PER-B
石宗源,PER-B
阿来,PER-B
萨其仁贵,PER-B
巨洪波,PER-B
密宗,PER-B
李付存,PER-B
武高汉,PER-B
巴高,PER-B
亦秋,PER-B
魏亚南,PER-B
赫藤,PER-B
马寅初,PER-B
何香凝,PER-B
热地,PER-B
程志,PER-B
川江,PER-B
梅兰芳,PER-B
韩二秃,PER-B
谢辛,PER-B
提比,PER-B
马飞孝,PER-B
石广生,PER-B
贺国强,PER-B
林敏求,PER-B
野中广务,PER-B
周永年,PER-B
普穷,PER-B
沈求我,PER-B
洛桑,PER-B
沈允熬,PER-B
卜根良,PER-B
马有礼,PER-B
万兴泉,PER-B
贾治邦,PER-B
仓决,PER-B
盛永华,PER-B
高冠华,PER-B
嘉德,PER-B
文姬,PER-B
西吉特,PER-B
雷锋,PER-B
景宪法,PER-B
魏源,PER-B
郁知非,PER-B
关肃霜,PER-B
诸宸,PER-B
朱来常,PER-B
王贺兵,PER-B
黄团元,PER-B
林恩,PER-B
黄火青,PER-B
罗,PER-B
乔安山,PER-B
魏群,PER-B
唐进修,PER-B
雷鸣球,PER-B
何大一,PER-B
梅杰,PER-B
丁图,PER-B
陆载德,PER-B
计承兵,PER-B
袁（日希）,PER-B
解红,PER-B
高开,PER-B
盛世才,PER-B
司马光,PER-B
张勇,PER-B
柳传志,PER-B
方,PER-B
万学远,PER-B
希拉,PER-B
段心强,PER-B
谢铁骊,PER-B
王蒙,PER-B
章钟,PER-B
胡适,PER-B
伍修权,PER-B
梁,PER-B
王亚林,PER-B
凯莉,PER-B
白大铉,PER-B
奥田硕,PER-B
叶帼英,PER-B
常志海,PER-B
方根燮,PER-B
岳,PER-B
布,PER-B
马宝龙,PER-B
江华,PER-B
尚长荣,PER-B
葛翠琳,PER-B
周士弟,PER-B
夏成水,PER-B
薛梅,PER-B
冯济卡,PER-B
叶飞,PER-B
齐宝华,PER-B
华国锋,PER-B
叶锦福,PER-B
里奇,PER-B
哈吉,PER-B
舒衡哲,PER-B
王蕾,PER-B
王保顺,PER-B
申永烈,PER-B
许广平,PER-B
霍华德,PER-B
张博,PER-B
乐茂盛,PER-B
贝多芬,PER-B
石玉珍,PER-B
赖斯,PER-B
文正,PER-B
柳可白,PER-B
鲍马壮,PER-B
王英凡,PER-B
布罗,PER-B
卢亮,PER-B
贾春旺,PER-B
钟轩礼,PER-B
素帕猜,PER-B
罗宗南,PER-B
祝,PER-B
王卫峰,PER-B
姜庆植,PER-B
姜天云,PER-B
俞律,PER-B
苗波,PER-B
梁启超,PER-B
熊柯,PER-B
冈田,PER-B
马志强,PER-B
中山,PER-B
胡平,PER-B
符祖国,PER-B
钱信忠,PER-B
解波,PER-B
丁芷诺,PER-B
班达,PER-B
茅以升,PER-B
鲍建,PER-B
墨菲,PER-B
力生,PER-B
三娘,PER-B
金大川,PER-B
钱程,PER-B
马连良,PER-B
包叙定,PER-B
雷洁琼,PER-B
金农,PER-B
牟小东,PER-B
克里木,PER-B
乌林松,PER-B
谢颂凯,PER-B
巴克,PER-B
萨苏,PER-B
方文,PER-B
令伟家,PER-B
顿珠多吉,PER-B
习仲勋,PER-B
德西,PER-B
程应斗,PER-B
潘研,PER-B
金守汉,PER-B
达赖,PER-B
米老鼠,PER-B
方智远,PER-B
雍正,PER-B
闻世震,PER-B
左舜生,PER-B
艾江山,PER-B
容闳,PER-B
麦当娜,PER-B
波顿,PER-B
沈被章,PER-B
安民,PER-B
振华,PER-B
木兰,PER-B
王元,PER-B
许,PER-B
甘地,PER-B
丁帆,PER-B
释健钊,PER-B
高四九,PER-B
谢圣明,PER-B
济科,PER-B
温奈科,PER-B
孔金荣,PER-B
浦熙修,PER-B
张久成,PER-B
心,PER-B
傅铁山,PER-B
博塔,PER-B
丰云,PER-B
葛菲,PER-B
史,PER-B
王龙雨,PER-B
处,PER-B
福琼,PER-B
胡绳,PER-B
河锡舟,PER-B
田野,PER-B
宋瑞环,PER-B
姜春云,PER-B
马应珊,PER-B
丁力,PER-B
白林,PER-B
倪绪保,PER-B
于敏,PER-B
王立明,PER-B
阎月凡,PER-B
周鹤洋,PER-B
尼玛,PER-B
钱运录,PER-B
佐科,PER-B
梁立本,PER-B
乌兰,PER-B
罗干,PER-B
王启峰,PER-B
尤伯,PER-B
旺久,PER-B
铃木俊男,PER-B
霍德集,PER-B
孙火旺,PER-B
卡逊,PER-B
长,PER-B
吉祥生,PER-B
圆馆金,PER-B
丁达仁,PER-B
王励勤,PER-B
金开诚,PER-B
埃西,PER-B
张福森,PER-B
女娲,PER-B
王楠,PER-B
觉丹,PER-B
贞雅,PER-B
包勉,PER-B
俊平,PER-B
汪正华,PER-B
何钟泰,PER-B
江永红,PER-B
伍长德,PER-B
马骏,PER-B
伏明霞,PER-B
招弟,PER-B
周长庆,PER-B
白介夫,PER-B
程世来,PER-B
管子,PER-B
马戴,PER-B
江世杰,PER-B
王莽,PER-B
东条英机,PER-B
薛翠兰,PER-B
原民喜,PER-B
卡藻雷,PER-B
道光,PER-B
米芾,PER-B
陶汉明,PER-B
曾召刚,PER-B
孙家正,PER-B
多里瓦,PER-B
杜梅,PER-B
华学明,PER-B
周一良,PER-B
格林,PER-B
雨瑞,PER-B
常,PER-B
金湘,PER-B
雅凯,PER-B
区宗杰,PER-B
鄂积超,PER-B
向凤兰,PER-B
许道宣,PER-B
杜维明,PER-B
他宁,PER-B
王国维,PER-B
金学耕,PER-B
张发强,PER-B
列子,PER-B
庄周,PER-B
孙用和,PER-B
唐关东,PER-B
杜汇良,PER-B
于是之,PER-B
海米莱,PER-B
王寿森,PER-B
桑结加,PER-B
唐达成,PER-B
土井多贺子,PER-B
禄菊,PER-B
万国权,PER-B
王,PER-B
南科夫,PER-B
崔剑平,PER-B
夏,PER-B
周玉,PER-B
墨子,PER-B
马强,PER-B
胡家全,PER-B
车玉明,PER-B
范钦臣,PER-B
完颜,PER-B
殷,PER-B
曾广超,PER-B
乔旺,PER-B
佐藤光夫,PER-B
希勒,PER-B
侯捷,PER-B
启功,PER-B
白立忱,PER-B
张宝印,PER-B
付小健,PER-B
屠由瑞,PER-B
王长泉,PER-B
熊十力,PER-B
罗晋标,PER-B
柴松岳,PER-B
穗积一成,PER-B
季之光,PER-B
印华平,PER-B
万里,PER-B
荒木浩,PER-B
伊萨,PER-B
丁伟,PER-B
龚谷成,PER-B
温红彦,PER-B
威纳,PER-B
夏衍,PER-B
卓科达,PER-B
余德庄,PER-B
贺定一,PER-B
王乐泉,PER-B
哈勃,PER-B
熊仕威,PER-B
张树基,PER-B
歌德,PER-B
索研,PER-B
王启明,PER-B
吉努,PER-B
王光美,PER-B
海部俊树,PER-B
贺评,PER-B
王渝生,PER-B
唐老鸭,PER-B
管仲,PER-B
德尚,PER-B
金紫光,PER-B
兰才基,PER-B
水井,PER-B
天云,PER-B
王彤,PER-B
安徒生,PER-B
周宁,PER-B
黎可漂,PER-B
柳大华,PER-B
诸葛亮,PER-B
王光亚,PER-B
郝岩,PER-B
陆文夫,PER-B
金人庆,PER-B
唐四清,PER-B
谢冕,PER-B
雷戈,PER-B
方惠坚,PER-B
汪金福,PER-B
马,PER-B
冯琼,PER-B
叙多,PER-B
庄有理,PER-B
隋东亮,PER-B
程介南,PER-B
塔克,PER-B
苏盛兰,PER-B
茅忠谨,PER-B
魏冠奇,PER-B
王学强,PER-B
崔承范,PER-B
巴,PER-B
项怀诚,PER-B
谷善庆,PER-B
普布,PER-B
洪顺,PER-B
巴兹,PER-B
启骧,PER-B
郑家富,PER-B
姜福堂,PER-B
佩里,PER-B
安启元,PER-B
庞占福,PER-B
江津,PER-B
张祝基,PER-B
松永光,PER-B
寒风,PER-B
庄丽,PER-B
汪啸风,PER-B
沙龙,PER-B
祝捷,PER-B
胞波,PER-B
兰世章,PER-B
戴勇,PER-B
哈斯,PER-B
王克,PER-B
周溯源,PER-B
唐爱球,PER-B
邱海鹰,PER-B
帕潘,PER-B
毛磊,PER-B
肖更民,PER-B
黄镇东,PER-B
罗滨涛,PER-B
符福洲,PER-B
牛剑峰,PER-B
娜塔·卢布里克,PER-C
梅亚维·利基,PER-C
伊斯梅尔·奥马尔·盖莱,PER-C
费尔迪南·沙德尔,PER-C
瓦尔德兹·普拉西多,PER-C
斯考克罗夫特,PER-C
卡尔·刘易斯,PER-C
汤姆·布莱特,PER-C
费思特·斯特克威尔,PER-C
维克多·许会·罗哈斯,PER-C
斯洛博丹·米洛舍维奇,PER-C
生钦·洛桑坚赞,PER-C
克劳德·阿兴,PER-C
托马斯·哈斯,PER-C
阿卜杜拉·阿赫马尔,PER-C
安德烈斯·阿亚曼多,PER-C
卡洛斯·罗德里格斯,PER-C
伊赛尔·伯林,PER-C
阿布·卢特夫,PER-C
玛哈·哇集拉隆功,PER-C
莫拉蒂诺斯,PER-C
弗·阿尔塞,PER-C
尼古拉斯·基弗,PER-C
安德鲁·卡内基,PER-C
罗伯特·马尔登,PER-C
德维尔纳尔迪,PER-C
卡尔·施泰勒,PER-C
戈迪奥拉·琼斯·玛利亚,PER-C
莉萨·科斯马斯,PER-C
门多萨·格雷罗,PER-C
克劳斯·金克尔,PER-C
艾百布拉·库尔班,PER-C
穆莱耶·布克莱斯,PER-C
雪伦·克莱丽,PER-C
加夫列尔·辛森,PER-C
格拉迪斯·马林,PER-C
比伦特·埃杰维特,PER-C
梅布尔·科菲尔德,PER-C
比·蒂奥莱,PER-C
奥拉西奥·塞尔帕,PER-C
霍尔格·伯尔纳,PER-C
玛丽特·恩斯塔德,PER-C
欧贝德·纳赛利,PER-C
苏·贾亚辛格,PER-C
米格尔·卡沙特,PER-C
赫克托·彼得森,PER-C
瓦尔特·沙佛尔霍夫,PER-C
查尔斯·莱斯,PER-C
海因里希·冯·皮勒,PER-C
克瓦希涅夫斯基,PER-C
罗朗·雷斯,PER-C
迈克尔·乔丹,PER-C
科萨诺维奇·米罗拉德,PER-C
穆斯塔法·纳伊布,PER-C
穆罕默德·舒克利·阿亚西,PER-C
盖哈尔·卡斯帕尔,PER-C
拉斐尔·卡尔德拉,PER-C
迈克尔·维·海登,PER-C
尼·雷日科夫,PER-C
约翰·霍普金斯,PER-C
斯蒂芬·欧文,PER-C
穆里西·拉马略,PER-C
诺罗敦·西哈努克,PER-C
理查德·赛克斯,PER-C
萨乌德·侯赛因,PER-C
约瑟夫·博塔,PER-C
扬·伊利埃斯库,PER-C
伯纳德·米亚特,PER-C
拉洛·亚达夫,PER-C
帕特里斯·马涅埃,PER-C
马格坦戈尔·圭尼贡多,PER-C
马丁·布兰兹,PER-C
马哈茂德·谢里夫,PER-C
阿·卡尔波夫,PER-C
拉尔夫·鲍德温,PER-C
格哈德·施罗德,PER-C
古哈尔·阿尤布·汗,PER-C
儒尼奥尔·拜伊亚诺,PER-C
贾斯旺·辛格,PER-C
罗萨里奥·格林,PER-C
弗朗克·马勒,PER-C
安吉拉·克里斯亚蒂诺,PER-C
德伦特凯维奇,PER-C
阿卜杜拉·法里西,PER-C
费萨尔·哈迪·辛瓦里,PER-C
胡安·拉莫斯,PER-C
鲁·路·迪亚斯,PER-C
伊·萨莫拉诺,PER-C
古斯塔夫·哈格隆德,PER-C
斯托伊奇科夫,PER-C
马克思·卢布里克,PER-C
芭芭拉·弗兰克林,PER-C
塔兹姆·坎,PER-C
弗拉基米尔·尼古拉耶维奇·洛博夫,PER-C
罗兰特·海尼施,PER-C
佩·萨拉维亚,PER-C
斯坦福·威尔,PER-C
阿尔瓦罗·德索托,PER-C
阿木冬·尼牙孜,PER-C
卡·布莱恩特,PER-C
汤姆士·史达福,PER-C
穆勒亚姆·辛格·亚达夫,PER-C
约翰·钱伯斯,PER-C
阿尔达·班德拉,PER-C
奥凯·阿基格比,PER-C
何塞·玛丽亚·阿斯纳尔,PER-C
约翰·普雷斯科特,PER-C
罗德里弋·佩雷斯,PER-C
马克·波拉特,PER-C
莱伊蒂·卡,PER-C
尼尔·阿姆斯特朗,PER-C
布鲁斯·哈克尔,PER-C
耶尔姆—瓦伦,PER-C
鲍里斯·贝克尔,PER-C
杰弗里·加腾,PER-C
迈克尔·托马肖,PER-C
迈克尔·菲本斯,PER-C
让—弗朗索瓦·贝尔热,PER-C
克劳斯·瑙曼,PER-C
马克斯·魏勒,PER-C
所罗门·奥蒂茨,PER-C
艾则孜·库尔班,PER-C
吉多·迪特利亚,PER-C
丽塔·蒂恩耶,PER-C
卡·帕雷德斯,PER-C
帕夫洛夫斯基,PER-C
扎·平图谢维奇,PER-C
班禅额尔德尼·确吉坚赞,PER-C
理查德·哈斯,PER-C
肯尼·希尔,PER-C
切他·他那乍罗,PER-C
何塞·沃特克,PER-C
埃米利奥·莱沃洛·卡斯特亚诺斯,PER-C
詹姆斯·邦德,PER-C
纳伊夫·哈瓦特迈,PER-C
曼弗尔·米勒,PER-C
汉斯·迪尚德,PER-C
塞萨尔·桑巴约,PER-C
卡迈勒·哈拉齐,PER-C
拉洛·普拉萨德·亚达夫,PER-C
罗伯特·曼宁,PER-C
伊·维尔德茨,PER-C
法里德·安塔拉·穆卢克,PER-C
弗兰克·佩斯塔纳,PER-C
安德鲁·格罗夫,PER-C
弗拉季米尔·萨姆索诺夫,PER-C
洛伦索·门多萨,PER-C
康斯坦塔科普洛斯,PER-C
杰奎琳·肯尼迪,PER-C
乔尔·克莱因,PER-C
拉克什曼·卡迪尔加马尔,PER-C
卡·莫拉莱斯,PER-C
帕·布拉托维奇,PER-C
威廉·康拉德·伦琴,PER-C
胡安·莱尼亚,PER-C
安德鲁·汉纳,PER-C
哈桑纳尔·博尔基亚,PER-C
埃里克·索尔海姆,PER-C
苏姗·德拉米妮,PER-C
弗拉基米尔·斯博亚,PER-C
玛丽亚·德尔皮拉尔,PER-C
阿卜杜勒·瓦基尔,PER-C
尤勒斯·韦登博斯,PER-C
阿里西亚·彼特里,PER-C
拉菲克·塔拉尔,PER-C
马泽帕·伊里娜,PER-C
阿尔托·维塔涅米,PER-C
谢尔·斯托维克,PER-C
福图纳托·阿瓦特,PER-C
卡苏·伊拉拉,PER-C
塞·拉米雷斯,PER-C
尼古拉斯·拉迪,PER-C
布伦丹·林奇,PER-C
理查德·赖尔登,PER-C
康斯坦丁内斯库,PER-C
基姆·舍恩霍尔茨,PER-C
胡·塞·耶格罗斯,PER-C
米切尔·布热纳,PER-C
克拉约夫斯基,PER-C
安迪·葛鲁夫,PER-C
亚历山大·卡尔德,PER-C
克努特·沃勒贝克,PER-C
汉斯—海利希·格拉夫,PER-C
阿洛伊泽·比斯多夫,PER-C
让帕斯卡尔·莱维特吕梅,PER-C
费尔南多·安特萨纳,PER-C
克拉克·约翰逊,PER-C
萨利赫·梅基,PER-C
皮诺·阿拉奇,PER-C
卡莱维·海米莱,PER-C
塔瓦雷·巴斯克斯,PER-C
维姆·杜伊森贝赫,PER-C
安德斯·哈尔沃,PER-C
迈克尔·瑞安,PER-C
约翰·莫利纳,PER-C
马克·诺雷尔,PER-C
豪尔赫·基罗加,PER-C
马克·蒂门斯,PER-C
昆特·比尔巴默,PER-C
古斯塔夫·艾菲尔,PER-C
马丁·威廉斯,PER-C
纳瓦兹·谢里夫,PER-C
恩塔翁维基耶·塞弗兰,PER-C
霍斯特·西伯特,PER-C
富兰克林·克雷默,PER-C
耶·别列日纳亚,PER-C
埃默森·费雷拉,PER-C
玛娜·洛佩斯,PER-C
维克多·佩罗塔,PER-C
约翰·蓬达利,PER-C
贝茨·吉尔,PER-C
爱丽丝·克朗弗德,PER-C
穆拉亚姆·辛格·亚达夫,PER-C
努斯拉特·布托,PER-C
亚什旺·辛哈,PER-C
阿尔弗雷德·埃本鲍尔,PER-C
哈尔姆特·巴格尔,PER-C
阿韦尔·马图特斯—胡安,PER-C
纳扎尔巴耶夫,PER-C
卡洛斯·罗比塞克,PER-C
里戈伯特·桑,PER-C
米哈伊洛维奇,PER-C
阿卜杜勒·卡拉勒,PER-C
穆罕默德·古奈姆,PER-C
托马斯·利维,PER-C
罗伯特·麦克法兰,PER-C
阿尔列西阿娜,PER-C
塞尔西奥·纳亚,PER-C
维拉利格·高列维治·哥新,PER-C
米·贝尼特斯,PER-C
胡·塞·埃西索,PER-C
路易斯·桑兹,PER-C
齐奥尔科夫斯基,PER-C
马尔西奥·桑托斯,PER-C
埃米略·德·孔西里斯,PER-C
蒙博托·塞塞·塞科·库库·恩关杜·瓦·扎·邦加,PER-C
塞·阿亚拉,PER-C
卡洛斯·阿马特,PER-C
罗伯特·巴斯柯克,PER-C
爱德华多·扬·莫达,PER-C
柯林·钱德勒,PER-C
麦克尔·郝普,PER-C
罗曼·赫尔佐克,PER-C
曼莫汉·辛格,PER-C
塞·威廉姆斯,PER-C
迈克尔·麦克法登,PER-C
苏茜·马罗尼,PER-C
托马斯·克莱斯蒂尔,PER-C
菲利普·柯里,PER-C
塞萨尔·加维里亚,PER-C
阿夫达拉·布卡拉姆,PER-C
埃尔斯沃斯,PER-C
布赫铁木尔·达瓦买提,PER-C
诺尔曼·白求恩,PER-C
亨利·米歇尔,PER-C
安瓦尔·易卜拉欣,PER-C
佛朗切斯科·蒙塔尔多,PER-C
亚斯特任布斯基,PER-C
戴维·沃尔,PER-C
罗伯特·卡洛斯,PER-C
戴安·达玛诺斯,PER-C
特里克·杜邦,PER-C
凯文·渥维克,PER-C
米歇尔·康德苏,PER-C
玛格丽特·哈谢菲,PER-C
戴维·艾森豪威尔,PER-C
艾莎·博格雷,PER-C
彼得·斯托扬诺夫,PER-C
阿沛·阿旺晋美,PER-C
额勒贝格道尔吉,PER-C
施特劳斯—卡恩,PER-C
阿南·班耶拉春,PER-C
阿什利·梅休,PER-C
帕特里齐亚·托娅,PER-C
卡·里瓦罗拉,PER-C
萨塔基·阿齐兹,PER-C
沃伦·克里斯托弗,PER-C
贝托尔特·布莱希特,PER-C
阿布杜·拉赫曼,PER-C
劳伦斯·萨默斯,PER-C
班宗·堪塔威拉,PER-C
阿不来提·阿不都,PER-C
魏兰德·施密德,PER-C
吉姆·吉尔摩,PER-C
詹姆斯·莱德菲尔德,PER-C
里奇·莱福吉,PER-C
亚历山大·曼尼科夫,PER-C
保罗·肖莫德,PER-C
吉南亚尔·卡塔萨斯米塔,PER-C
罗伯特·哈德,PER-C
格·阿·亚夫林斯基,PER-C
鲁道夫·沙尔平,PER-C
杰伊·约翰逊,PER-C
威廉·麦克多诺,PER-C
于尔约·哈卡宁,PER-C
伯尔纳·蒙吉奈,PER-C
铁木尔·达瓦买提,PER-C
丹尼尔·辛伯洛夫,PER-C
凯末尔·巴依塔斯,PER-C
乌里奇·韦塞尔,PER-C
穆沙希德·侯赛因,PER-C
伯恩德·皮舍茨里德尔,PER-C
克尤木·巴吾东,PER-C
爱伦·唐·安得森,PER-C
雅克·卡蒂埃,PER-C
本雅明·内塔尼亚胡,PER-C
克里斯多夫·冯·多纳尼,PER-C
鲁道夫·塞韦里诺,PER-C
塔马拉·博罗斯,PER-C
阿法纳西耶夫斯基,PER-C
纳芙拉蒂洛娃,PER-C
海尔·沃尔丹塞,PER-C
米卢蒂诺维奇,PER-C
塞法斯·姆西帕,PER-C
安德鲁·葛鲁夫,PER-C
贝尔纳·米耶,PER-C
罗德里戈·乌维利亚,PER-C
科斯塔迪诺夫,PER-C
罗斯·克兰,PER-C
保罗·阿纳斯塔斯,PER-C
詹姆斯·伯德,PER-C
何塞·米格尔·因苏尔萨,PER-C
瓦西里斯·康斯坦塔科普洛斯,PER-C
杰弗·宾格曼,PER-C
埃里克·霍尔德,PER-C
罗伯特·巴乔,PER-C
沙恩·莫斯利,PER-C
迈克·盖尔,PER-C
保罗·贝尔纳,PER-C
瓦西利克·哈努,PER-C
萨阿德·穆斯塔法·穆吉贝尔,PER-C
尼古拉斯·英博登,PER-C
达·阿塞瓦尔,PER-C
卡洛斯·马德里,PER-C
安东·西卡鲁利泽,PER-C
艾伯特·基特森,PER-C
特莱弗·布鲁金,PER-C
托马斯·皮克林,PER-C
亚历山大·克瓦希涅夫斯基,PER-C
詹姆斯·埃里奥特,PER-C
佛朗切斯科·鲁泰利,PER-C
皮埃尔·拉考特,PER-C
马丽亚·蒙蒂,PER-C
阿西夫·阿里·扎尔达里,PER-C
克雷格·巴雷特,PER-C
安德斯·松德斯特伦,PER-C
埃·阿吉莱拉,PER-C
威恩·霍林格,PER-C
大卫·普里诺西尔,PER-C
安德鲁斯·厄韦尔,PER-C
奥克塔维奥·埃拉苏里斯·吉利塞斯蒂,PER-C
帕巴拉·格列朗杰,PER-C
科·斯坎达利迪斯,PER-C
卡迪尔加马尔,PER-C
亨里克·舒姆斯基,PER-C
托马斯·伊尔韦斯,PER-C
克莱斯蒂尔,PER-C
班汉·西巴阿差,PER-C
勃伊科·维塔利·费奥多罗维奇,PER-C
吉斯·索登伯格,PER-C
安德烈斯·帕斯特拉纳,PER-C
托马斯·穆勒,PER-C
贝尔纳·扎乌鲁,PER-C
埃斯佩兰萨·沙基奇,PER-C
弗兰克·斯瓦伦,PER-C
英格·布鲁格曼,PER-C
切尔诺梅尔金,PER-C
斯托伊科维奇,PER-C
保罗·费雷斯科,PER-C
詹姆斯·哈茨费尔德,PER-C
阿布·马希尔,PER-C
安德鲁·汤姆森,PER-C
何—路易斯·切拉维特,PER-C
切萨雷·罗米蒂,PER-C
乔治·史迪文逊,PER-C
迈克尔·杰克逊,PER-C
约瑟·卡尔兰,PER-C
乌·布里苏埃拉,PER-C
阿韦尔·马图特斯,PER-C
马·莱万多夫斯基,PER-C
埃玛尔·斯滕奈斯,PER-C
谢赫·哈西娜,PER-C
弗雷德·伯格斯滕,PER-C
萨尔瓦多·阿卡多,PER-C
巴·叶尔塔耶夫,PER-C
塞缪尔·班克斯,PER-C
儒勒·凡尔纳,PER-C
胡安·托伦兹,PER-C
阿·罗哈斯,PER-C
詹姆斯·米歇尔,PER-C
格雷戈里·科尔曼,PER-C
玛格丽特·里德,PER-C
劳伦斯·莱西格,PER-C
瑞穆·穆罕默德·费萨尔,PER-C
卡洛斯·热尔马诺,PER-C
艾斯海提·克里木拜,PER-C
阿尔均·辛格,PER-C
马克·考斯曼,PER-C
亚米尼·古普塔,PER-C
卢安·根哥斯,PER-C
阿·德米特里延科,PER-C
哈格·根哥布,PER-C
苏吉托·苏威托,PER-C
拉法尔·依坦,PER-C
法鲁克·卡杜米,PER-C
托马斯·芬格尔,PER-C
艾哈迈德·哈马罗什,PER-C
梅利托·萨拉萨尔,PER-C
詹姆斯·沃尔芬森,PER-C
德里克·考夫曼,PER-C
埃娃·斯拉夫科夫斯卡,PER-C
卡林顿,PER-D
马克思,PER-D
安东尼奥,PER-D
比耶克,PER-D
艾尔曼,PER-D
德索托,PER-D
C·曼纽,PER-D
扎耶德,PER-D
沃尔斯,PER-D
埃斯蒂利,PER-D
蒂门斯,PER-D
查德威克,PER-D
马尔科夫,PER-D
桑普森,PER-D
司徒雷登,PER-D
阿克斯沃西,PER-D
爱新觉罗·启骧,PER-D
耶瓦利奇,PER-D
斯肯德,PER-D
斯芬克斯,PER-D
帕萨雷拉,PER-D
巴拉迪尔,PER-D
布拉德利,PER-D
夏克杰,PER-D
森古普塔,PER-D
瓦西里斯,PER-D
迪亚洛,PER-D
吉尔斯,PER-D
朗法吕西,PER-D
斯卡尔法罗,PER-D
若斯潘,PER-D
亚当斯,PER-D
舍尔维,PER-D
拉米雷斯,PER-D
格尔巴德,PER-D
阿济格,PER-D
乌斯曼,PER-D
卡尔德拉,PER-D
萨利姆,PER-D
久卡诺维奇,PER-D
杜森伯格,PER-D
莫里斯,PER-D
戈尔,PER-D
哈梅内伊,PER-D
阿瓦特,PER-D
古莱米,PER-D
威廉·戴利,PER-D
福特纳,PER-D
阿斯普里拉,PER-D
阿卜·阿拉,PER-D
布维兹,PER-D
汤姆斯,PER-D
萨姆索诺夫,PER-D
奥尔莎,PER-D
约纳森,PER-D
克莱,PER-D
苏尔坦,PER-D
斯蒂格勒,PER-D
巴格尔,PER-D
法尔希奇扬,PER-D
尼科利奇,PER-D
佩德罗·内图,PER-D
戴陆西尔,PER-D
阿科斯塔,PER-D
苏迪曼,PER-D
赛送蓬·丰威汉,PER-D
斯坦菲尔德,PER-D
约翰·拉贝,PER-D
冯·皮勒,PER-D
夏姆德,PER-D
比尔巴默,PER-D
卡莱尔,PER-D
阿拉基,PER-D
克里斯蒂,PER-D
赫尔姆斯,PER-D
斯托维克,PER-D
阿列塔,PER-D
麦克阿瑟,PER-D
科斯特洛,PER-D
卡明斯基,PER-D
什科普,PER-D
里瓦尔多,PER-D
穆拉,PER-D
苏库尔,PER-D
久加诺夫,PER-D
帕拉申,PER-D
弗雷泽,PER-D
马·鲁伊斯,PER-D
贝克尔,PER-D
科泽尔,PER-D
阿米尔,PER-D
西蒙纳,PER-D
差瓦利·永猜裕,PER-D
拉夫桑贾尼,PER-D
居来提·土尔地,PER-D
约翰·曼利,PER-D
奥利塞赫,PER-D
冯·叙多,PER-D
格尔尼卡,PER-D
亚达夫,PER-D
皮埃斯,PER-D
约瑟夫森,PER-D
卢卡申科,PER-D
哈克普尔,PER-D
拉普恩特,PER-D
伊萨亚斯,PER-D
莱昂纳德,PER-D
卡比拉,PER-D
塔勒比,PER-D
米仓加奈子,PER-D
马霍维,PER-D
菲娜西,PER-D
阿斯纳尔,PER-D
雷成德,PER-D
巴桑旺堆,PER-D
巴特尔,PER-D
谢列兹尼奥夫,PER-D
斯库拉托夫,PER-D
杜巴古斯,PER-D
哥德巴赫,PER-D
科萨诺维奇,PER-D
托卡耶夫,PER-D
巴尔博扎,PER-D
玛丽亚姆,PER-D
莱齐耶三世,PER-D
霍尔布鲁克,PER-D
厄韦尔,PER-D
曼尔,PER-D
普拉蒂尼,PER-D
威廉姆森,PER-D
利利奇,PER-D
默多克,PER-D
罗·阿库纳,PER-D
格格里,PER-D
罗尔纯,PER-D
贾斯蒂卡,PER-D
萨佐诺娃,PER-D
沙兹利,PER-D
莱昂纳多,PER-D
索拉纳,PER-D
桑约托,PER-D
科林斯,PER-D
伊丽莎白一世,PER-D
蒙特罗,PER-D
爱因斯坦,PER-D
卡洛斯,PER-D
阿尔维斯,PER-D
马歇尔,PER-D
勒维·杜梅,PER-D
努乔马,PER-D
塔什瓦依,PER-D
弗洛伊德,PER-D
莫洛伊,PER-D
克莱切尔,PER-D
特鲁西耶,PER-D
玛尔塔,PER-D
约翰·休姆,PER-D
保罗·邦珀,PER-D
贾那布尔,PER-D
纳波利塔诺,PER-D
法赫德,PER-D
埃·索尔吉,PER-D
卡尔波夫,PER-D
古斯梅,PER-D
姆维拉,PER-D
萨乌丁,PER-D
斯图拉普,PER-D
麦克莱恩,PER-D
麦克布莱德,PER-D
巴嘎班迪,PER-D
扎尔达里,PER-D
扎琳娜,PER-D
奇贝萨昆达,PER-D
别列佐夫斯基,PER-D
斯尼,PER-D
斯文赫定,PER-D
差瓦利,PER-D
马科斯,PER-D
吉德里,PER-D
杜伊森贝赫,PER-D
普罗斯,PER-D
马德里,PER-D
塔瓦亚,PER-D
布雷特,PER-D
莫克罗斯,PER-D
金克尔,PER-D
卢波斯,PER-D
希拉·威曼,PER-D
里肯斯,PER-D
索达诺,PER-D
戈登·布朗,PER-D
林根费特尔,PER-D
克斯波兹克,PER-D
马克·卢蒲,PER-D
赫尔南德斯,PER-D
戈尔登,PER-D
马图特斯,PER-D
普里布克,PER-D
鲁普夫,PER-D
尤尔科夫,PER-D
玛哈哇集拉隆功,PER-D
柴可夫斯基,PER-D
维古佐娃,PER-D
凯恩斯,PER-D
邱吉尔,PER-D
卡塔林娜,PER-D
格勒尔,PER-D
谢莉斯,PER-D
谢尔盖耶夫,PER-D
萨莫拉诺,PER-D
大卫·史东汉,PER-D
马克卢普,PER-D
拉特纳亚克,PER-D
阿尔比,PER-D
布拉泽维奇,PER-D
萨默斯,PER-D
比尔·盖茨,PER-D
迈纳基,PER-D
约万诺维奇,PER-D
阿拉维,PER-D
尼安达,PER-D
阿利耶夫,PER-D
卡尔德隆,PER-D
菲力普斯,PER-D
斯特帕诺娃,PER-D
兰德尔,PER-D
阿萨诺维奇,PER-D
埃尔莫萨,PER-D
拉莫斯,PER-D
斯特拉伯格,PER-D
维埃拉,PER-D
许塞尔,PER-D
苏斯洛夫,PER-D
贡萨尔维斯,PER-D
哈尔斯,PER-D
贡其格道尔吉,PER-D
帕柳卡,PER-D
米开朗琪罗,PER-D
施伦普,PER-D
维尔德茨,PER-D
阿加尼,PER-D
莫西西利,PER-D
吉奥瓦尼,PER-D
苏尔丹诺夫,PER-D
约尔德内斯库,PER-D
夏兰斯基,PER-D
费希尔,PER-D
托·怀塔克,PER-D
法比尤斯,PER-D
汤姆森,PER-D
萨巴赫,PER-D
斯泰莱亚,PER-D
钱德勒,PER-D
布伦特兰,PER-D
伊利亚纳,PER-D
路易斯·布雄,PER-D
贝瑟海姆,PER-D
沃尔丹塞,PER-D
阿卡耶夫,PER-D
罗森施廷格尔,PER-D
安德雷斯,PER-D
伊卜拉依莫夫,PER-D
亚当·斯密,PER-D
亚米尼,PER-D
费雷拉,PER-D
费尔南德斯,PER-D
平图谢维奇,PER-D
乔治·雨瑞,PER-D
巴音朝鲁,PER-D
瓦伦西亚,PER-D
鲁戈瓦,PER-D
阿普顿,PER-D
普鲁·克杰,PER-D
希拉克,PER-D
乌兰夫,PER-D
埃尔南德斯,PER-D
弗洛尔,PER-D
阿克布,PER-D
威尔弟,PER-D
戴克尔,PER-D
图拉姆,PER-D
安德森,PER-D
曼德拉,PER-D
穆苏克瓦,PER-D
塔法雷尔,PER-D
古拉尔赤克,PER-D
伊尔韦斯,PER-D
奥·维古佐娃,PER-D
西尔瓦,PER-D
沃伦,PER-D
约翰逊,PER-D
贝贝托,PER-D
尼赫鲁,PER-D
洛桑益尼,PER-D
爱克曼,PER-D
里·罗哈斯,PER-D
莫迪凯,PER-D
什皮列尼亚,PER-D
卡勃莱拉,PER-D
韦德里纳,PER-D
里贝斯,PER-D
巴丘卡耶夫,PER-D
冈波斯,PER-D
埃塞贝里亚,PER-D
麦克德莫特,PER-D
瑟苏耶夫,PER-D
韦登博斯,PER-D
西卡鲁利泽,PER-D
德莱尔,PER-D
吉瓦尔什,PER-D
萨利赫,PER-D
塞弗,PER-D
阿莫卡奇,PER-D
斯瓦伦,PER-D
巴拉克,PER-D
莫尔纳尔,PER-D
莫勒姆,PER-D
洛佩斯,PER-D
蒙博托,PER-D
叶尔塔耶夫,PER-D
斯马加,PER-D
诺沃特娜,PER-D
阿扎姆,PER-D
普罗西内茨,PER-D
马哈祖布,PER-D
比达尔,PER-D
莫扎特,PER-D
马利夫,PER-D
沙莉娜斯,PER-D
洛特卡,PER-D
乌格勃,PER-D
安格里尼,PER-D
桑帕约,PER-D
克莱蒙特,PER-D
哈尔沃,PER-D
布里奇曼,PER-D
博尔基亚,PER-D
根哥斯,PER-D
泽·罗伯特,PER-D
索朗尼玛,PER-D
拉伊诺,PER-D
勒潘塞克,PER-D
克里布,PER-D
阿卜杜拉,PER-D
格萨尔,PER-D
伊梅尔达,PER-D
恩克鲁玛,PER-D
瓦切克,PER-D
弗拉内舍维奇,PER-D
卡佩吉亚尼,PER-D
克里斯滕森,PER-D
乌兰木伦,PER-D
埃拉,PER-D
亨德利,PER-D
瓦杰帕伊,PER-D
菲施勒,PER-D
马尔科维奇,PER-D
维尔纳,PER-D
亚罗约,PER-D
弗舍尔,PER-D
巴尔舍夫斯基,PER-D
德洛尔,PER-D
克列比科夫,PER-D
尤尔契奇,PER-D
斯坦科维奇,PER-D
伯克雷,PER-D
普罗科普,PER-D
差猜·春哈旺,PER-D
古莱德,PER-D
达恩·蒂雄,PER-D
克鲁伊维特,PER-D
施瓦布,PER-D
布鲁赫,PER-D
希萨诺,PER-D
伊拉拉,PER-D
杰斯帕,PER-D
尼克松,PER-D
吉姆·雷腾,PER-D
阿萨德,PER-D
穆巴拉克,PER-D
威尔海姆,PER-D
科普克,PER-D
吉赛尔,PER-D
蒙冈巴,PER-D
萨姆森,PER-D
苏珊·汉森,PER-D
谢苗诺娃,PER-D
埃斯特拉达,PER-D
萨哈洛夫,PER-D
赫苏斯,PER-D
拉迪曼,PER-D
戴夫·伯克,PER-D
迈克伦堡,PER-D
施瓦辛格,PER-D
伊克贝巴,PER-D
伊利耶,PER-D
福恩特斯,PER-D
阿德里亚娜,PER-D
拉希德,PER-D
康吉维奇,PER-D
胡安·路易斯,PER-D
马达维基亚,PER-D
阿布·阿拉,PER-D
韦奇立,PER-D
爱新觉罗·连经,PER-D
巴蒂斯库,PER-D
芮德凯,PER-D
德瓦姆达,PER-D
雷奥默尔,PER-D
米亚托维奇,PER-D
亨宁伯格,PER-D
纳西里,PER-D
恩多洛夫,PER-D
萨比赫,PER-D
乔·翁卡达,PER-D
吉洪诺夫,PER-D
兰普顿,PER-D
布拉基玛,PER-D
昔卡普瓦夏,PER-D
多斯汀,PER-D
巴尔切拉,PER-D
多恩布施,PER-D
格拉尼奇,PER-D
罗德曼,PER-D
朱利亚斯,PER-D
乔瓦尼,PER-D
汉密尔顿,PER-D
赫尔佐格,PER-D
巴波罗,PER-D
迈达尼,PER-D
卡斯帕罗夫,PER-D
释迦牟尼,PER-D
森西尼,PER-D
苏巴吉亚,PER-D
罗伯特,PER-D
戈麦斯,PER-D
索朗次西,PER-D
赫克托,PER-D
扎瓦尔津,PER-D
努军·巴蜀莫,PER-D
川·立派,PER-D
帕斯特拉纳,PER-D
法尔考,PER-D
德吉卓嘎,PER-D
麦克哈菲,PER-D
拉赫莫诺夫,PER-D
贾亚拉莉达,PER-D
罗斯科普夫,PER-D
埃克兰德,PER-D
乔治·马歇,PER-D
奥伯特,PER-D
布莱特,PER-D
米夏勒克,PER-D
安托尼奥斯,PER-D
那热瓦甫,PER-D
德弗斯,PER-D
施特鲁泽,PER-D
埃文·毛赛尔,PER-D
达莲古尔班,PER-D
阿赫马尔,PER-D
罗季奥诺夫,PER-D
克林顿,PER-D
多泽德尔,PER-D
斯梅林,PER-D
马叙伦,PER-D
维拉潘,PER-D
米罗诺夫,PER-D
弥勒佛,PER-D
米亚特,PER-D
阿涅利,PER-D
埃里克森,PER-D
利普顿,PER-D
披威·攀威察军,PER-D
库尼科娃,PER-D
克罗科洛,PER-D
费舍尔,PER-D
布恩斯特拉,PER-D
里·厄普顿,PER-D
西姆贝叶,PER-D
巴扎克,PER-D
切乔维奇,PER-D
鲍里斯,PER-D
姆班加维,PER-D
玛·琼斯,PER-D
德贝内西亚,PER-D
托尔斯泰,PER-D
哈密顿,PER-D
萨哈夫,PER-D
豪斯曼,PER-D
哈比比,PER-D
苏吉特,PER-D
范瓦伦,PER-D
佩莱斯,PER-D
索菲娅,PER-D
巴蒂斯图塔,PER-D
索尼亚,PER-D
约翰·里德,PER-D
让·莫内,PER-D
古杰拉尔,PER-D
恩格斯,PER-D
平图塞维奇,PER-D
约翰·列农,PER-D
沃尔特拉,PER-D
谢希姆,PER-D
弗兰克林,PER-D
哥伦布,PER-D
比亚吉奥,PER-D
索别斯基,PER-D
奥斯玛,PER-D
古尼·贡多,PER-D
奇丹巴拉姆,PER-D
格罗夫,PER-D
德雷斯德尔,PER-D
德波尔,PER-D
贝尔热,PER-D
奥兰迪斯,PER-D
纳兰性德,PER-D
巴图巴雅尔,PER-D
弗伦西娅,PER-D
穆瓦松,PER-D
菲本斯,PER-D
卡斯特罗,PER-D
布约亚,PER-D
哈姆丹,PER-D
马尔西奥,PER-D
瓦塔纳,PER-D
冈萨雷斯,PER-D
西德克,PER-D
格雷特施莱格,PER-D
拉那烈,PER-D
卡立德,PER-D
亨利八世,PER-D
塔纳特,PER-D
劳德鲁普,PER-D
麦克雷,PER-D
鲁迪内,PER-D
赫里斯坚科,PER-D
普莱西亚多,PER-D
马尔廷,PER-D
别列日纳亚,PER-D
苏维萨雷塔,PER-D
布卡拉姆,PER-D
丘吉尔,PER-D
库尔希德,PER-D
戴克瑞,PER-D
萨达姆,PER-D
儒尼奥尔,PER-D
阿拉奇,PER-D
迈克·鲍林,PER-D
曼奇诺,PER-D
克伦威尔,PER-D
哈尔莫科,PER-D
威尔莫特,PER-D
施拉普纳,PER-D
托娅,PER-D
克朗弗德,PER-D
拉特纳帕拉,PER-D
潘特里奇,PER-D
穆萨,PER-D
阿德瓦尼,PER-D
维埃里,PER-D
穆萨维,PER-D
雷克斯罗特,PER-D
贾亚辛格,PER-D
斯托克顿,PER-D
博伊德,PER-D
达文波特,PER-D
施特劳斯,PER-D
普里米奇里奥,PER-D
马罗尼,PER-D
奥尔特加,PER-D
维纳斯,PER-D
拉菲尔,PER-D
丹·卡尼扎,PER-D
亚贝尔,PER-D
埃亚德马,PER-D
舍韦内芒,PER-D
加维里亚,PER-D
古纳兰,PER-D
库瓦斯,PER-D
韦尔特克,PER-D
奥蒂茨,PER-D
巴西尔,PER-D
里奥斯,PER-D
司马义·艾买提,PER-D
沃姆,PER-D
魏格尔,PER-D
尼利斯,PER-D
卡扎菲,PER-D
巴拉科夫,PER-D
丁科·沙基奇,PER-D
祖宾·梅塔,PER-D
勃拉姆斯,PER-D
弗拉维奥,PER-D
斯佩思,PER-D
佩雷拉,PER-D
德拉格米尔,PER-D
哈达姆,PER-D
哈西娜,PER-D
克马尔,PER-D
恩赫赛汗,PER-D
塔兹姆,PER-D
阿贝蒂,PER-D
斯宾塞,PER-D
诺贝尔,PER-D
特雷则加特,PER-D
拉腊基,PER-D
塞·法因斯,PER-D
因苏尔萨,PER-D
马可·波罗,PER-D
威廉·配第,PER-D
麦卡锡,PER-D
乔德曼,PER-D
格兰特,PER-D
米尔斯,PER-D
普里马科夫,PER-D
卢卡斯,PER-D
罗林斯,PER-D
卡尔文,PER-D
萨莫拉,PER-D
勒布朗,PER-D
宇妥·元丹贡布,PER-D
巴班吉达,PER-D
安德烈亚塔,PER-D
霍索恩,PER-D
施勒格尔,PER-D
巴克利,PER-D
比猜·利达军,PER-D
罗塞蒂,PER-D
希丁克,PER-D
奥尔森,PER-D
哈拉尔,PER-D
乌云其木格,PER-D
沃尔芬森,PER-D
拉·甘地,PER-D
弗朗斯潘塞,PER-D
密特拉,PER-D
斯珀林,PER-D
科瓦舍维奇,PER-D
盖瑞·吐克,PER-D
勃兰特,PER-D
雷诺,PER-D
科菲·安南,PER-D
西蒙斯,PER-D
布莱辛格,PER-D
雅达夫,PER-D
布拉托维奇,PER-D
洛桑桑单,PER-D
卡尔巴希,PER-D
图拉宗左达,PER-D
贝克汉姆,PER-D
施图岑贝格,PER-D
阿维兰热,PER-D
圭尼贡多,PER-D
富布莱特,PER-D
玛丽亚,PER-D
加里亚莫娃,PER-D
克莱默,PER-D
韦勒,PER-D
桑兰西,PER-D
博尔格,PER-D
施瓦茨,PER-D
布泽克,PER-D
达·芬奇,PER-D
潘德克,PER-D
罗·迪多纳,PER-D
阿尔斯通,PER-D
斯克尔斯,PER-D
凡尔纳,PER-D
布思罗伊德,PER-D
阿布巴卡尔,PER-D
成克杰,PER-D
布里坦,PER-D
比埃尔霍夫,PER-D
阿拉德,PER-D
里瓦斯,PER-D
普瓦任斯基,PER-D
莫里菲尔德,PER-D
塞莱斯廷,PER-D
莱雷,PER-D
伊丽莎白二世,PER-D
斯捷帕申,PER-D
奥沃纳,PER-D
弗雷,PER-D
莫利纳,PER-D
阿兰·陈,PER-D
边巴扎西,PER-D
塞迪略,PER-D
塞韦里诺,PER-D
克里斯托弗,PER-D
赖尔登,PER-D
穆里西,PER-D
班达拉奈克,PER-D
拉埃,PER-D
耶尔马兹,PER-D
塔维斯托克,PER-D
莫斯利,PER-D
桑切斯,PER-D
阿吉莱拉,PER-D
约翰森,PER-D
佩斯利,PER-D
韦戈斯特,PER-D
埃洛瓦,PER-D
哈里里,PER-D
斯文森,PER-D
索科洛夫,PER-D
戈贝尔斯,PER-D
卡斯佩扎克,PER-D
沙拉拉,PER-D
布莱希特,PER-D
科雷切亚,PER-D
鸠山由纪夫,PER-D
伊索丽亚娜,PER-D
豪·冈玻斯,PER-D
卡佩基亚尼,PER-D
奥登西亚,PER-D
马斯泰尔,PER-D
内塔尼亚胡,PER-D
巴雷罗,PER-D
沃尔斯基,PER-D
鲍谟尔,PER-D
恩扬卡,PER-D
科尔维,PER-D
克莱里季斯,PER-D
劳伦斯,PER-D
卡西亚诺,PER-D
伯恩丝,PER-D
贝恩哈德,PER-D
马哈蒂尔,PER-D
阿姆斯特朗,PER-D
埃利斯,PER-D
安德烈亚,PER-D
布克莱斯,PER-D
扎多尔诺夫,PER-D
巴力斯塔,PER-D
克林斯曼,PER-D
罗纳尔多,PER-D
约翰·马吉,PER-D
巴特勒,PER-D
佩德罗,PER-D
德约卡夫,PER-D
多迪克,PER-D
格林斯潘,PER-D
普罗哈斯卡,PER-D
乔治·布什,PER-D
基拉维,PER-D
哈洛宁,PER-D
弗洛,PER-D
哈·萨内蒂,PER-D
马尔蒂尼,PER-D
基特森,PER-D
涅姆佐夫,PER-D
费萨尔,PER-D
哈里·卡门,PER-D
恩奎斯特,PER-D
韦尔申,PER-D
布拉特,PER-D
戴维森,PER-D
罗斯奈,PER-D
佩罗塔,PER-D
斯托扬诺夫,PER-D
姆博马,PER-D
特里希特,PER-D
德·绍京,PER-D
阿拉法特,PER-D
贡布扎布,PER-D
斯皮诺茨,PER-D
加拉赫,PER-D
巴克里,PER-D
德马雷,PER-D
希特勒,PER-D
辛吉斯,PER-D
巴卡·迭斯,PER-D
维基奥内,PER-D
奇卢巴,PER-D
姆隆戈提,PER-D
莱斯利,PER-D
亨德尔,PER-D
拉尔森,PER-D
阿尔方索,PER-D
戴维斯,PER-D
萨达纳帕尔,PER-D
沙穆亚里拉,PER-D
赫尔默,PER-D
佩雷斯,PER-D
索戈尔,PER-D
卢西奇,PER-D
里佩尔,PER-D
斯托伊科,PER-D
鲁弗,PER-D
戈尔曼,PER-D
阿莱曼,PER-D
玛裕勒,PER-D
松德斯特伦,PER-D
罗斯林,PER-D
阿纳尼,PER-D
苏佐诺,PER-D
罗密欧,PER-D
奥其尔巴特,PER-D
克雷格,PER-D
奥本海默,PER-D
希尔顿,PER-D
维莱斯,PER-D
其·赛汗比列格,PER-D
哈里·科恩,PER-D
埃里克,PER-D
吉奥科维奇,PER-D
佩尔松,PER-D
德拉克洛瓦,PER-D
巴尔扎克,PER-D
塞福拉,PER-D
阿·沙拉拉,PER-D
加纳奥,PER-D
里库佩罗,PER-D
穆勒,PER-D
柏拉图,PER-D
贝娅特丽克丝,PER-D
特林布尔,PER-D
普里莫拉茨,PER-D
罗马里奥,PER-D
皮耶罗,PER-D
瓦尔德内尔,PER-D
阿南德,PER-D
恩乔莱,PER-D
穆尔里,PER-D
埃布希姆,PER-D
鲁杰罗,PER-D
吉恩·赛尔南,PER-D
哈桑二世,PER-D
门格斯图,PER-D
尼科洛夫,PER-D
弗里格,PER-D
弗勒德,PER-D
彼得·皮奥,PER-D
丘萨克,PER-D
怀特莫尔,PER-D
布热津斯基,PER-D
塔米尔,PER-D
贝尼迪克特,PER-D
萨拉斯,PER-D
塞尔,PER-D
克雷蒂安,PER-D
罗格尼,PER-D
拉马丹,PER-D
埃尔那尼,PER-D
特雷乌,PER-D
希拉里,PER-D
科菲尔德,PER-D
威廉·巴尔,PER-D
马丁·布朗,PER-D
穆斯塔法,PER-D
波尔斯特,PER-D
麦克斯韦,PER-D
皮埃罗,PER-D
阿尔代尔,PER-D
萨马兰奇,PER-D
德乔治,PER-D
霍德尔,PER-D
雷格斯,PER-D
彼得·汉默,PER-D
舒尔兹,PER-D
塔吉扎德,PER-D
鲁本斯,PER-D
索罗斯,PER-D
班克斯,PER-D
卡尔德拉斯,PER-D
杰克逊,PER-D
卡里莫夫,PER-D
肯尼迪,PER-D
谢尔顿,PER-D
冈玻斯,PER-D
纽伯瑞,PER-D
阿里江普尔,PER-D
库马拉通加,PER-D
坦比杜赖,PER-D
贾·邓詹,PER-D
塞尔帕,PER-D
戈麦尔斯基,PER-D
瓦西列斯库,PER-D
达哥斯塔,PER-D
尼尔森,PER-D
沃尔,PER-D
范克里夫,PER-D
索尼亚·甘地,PER-D
马沙契克,PER-D
阿齐兹,PER-D
利平斯基,PER-D
阿尤布·汗,PER-D
阿加尼亚,PER-D
阿不都·黑力力,PER-D
卡纳斯,PER-D
伊利埃斯库,PER-D
葛鲁夫,PER-D
杜特鲁,PER-D
彼得·皮澳特,PER-D
赫卡比,PER-D
姆贝基,PER-D
尤金·斯泰恩,PER-D
塔拉修克,PER-D
哈姆迪,PER-D
米洛舍维奇,PER-D
本·阿里,PER-D
莫里茨,PER-D
卡拉辛,PER-D
卡伦布,PER-D
伯奇费尔,PER-D
莱奥纳多,PER-D
里贝罗,PER-D
斯特罗耶夫,PER-D
斯塔尼奇,PER-D
厄普顿,PER-D
托曼戴尔,PER-D
密特朗,PER-D
吉·高吉安,PER-D
布莱尔,PER-D
阿夫扎尔,PER-D
卡蒂埃,PER-D
奇拉维特,PER-D
魏茨曼,PER-D
克雷默,PER-D
斯米尔诺夫,PER-D
斯班瑟,PER-D
乌尔马尼斯,PER-D
彼得罗夫斯基,PER-D
勒罗伊,PER-D
芬格尔,PER-D
曼西利亚,PER-D
波奇诺克,PER-D
西蒙尼,PER-D
萨林什赫,PER-D
马拉多纳,PER-D
普罗迪,PER-D
奥尔布赖特,PER-D
奥纳西斯,PER-D
蒙娜丽莎,PER-D
卡·加马拉,PER-D
帕巴拉,PER-D
瓦斯蒂茨,PER-D
普里斯特利,PER-D
奈瑟武德,PER-D
费里曼,PER-D
日里诺夫斯基,PER-D
麦克马洪,PER-D
约翰—格伦,PER-D
苏格拉底,PER-D
雷米特,PER-D
桑佩尔,PER-D
韦尔特罗尼,PER-D
蒙托亚,PER-D
余尔根·施泰因,PER-D
米卢廷诺维奇,PER-D
桑特拉奇,PER-D
考夫曼,PER-D
德索阿萨,PER-D
因迪克,PER-D
科尔曼,PER-D
德米雷尔,PER-D
德西尔吉,PER-D
布莱迈耶,PER-D
皮尔庞特,PER-D
皮尔斯,PER-D
萨阿德,PER-D
卡马拉,PER-D
布尔加克,PER-D
麦克法兰,PER-D
德尼尔森,PER-D
麦克莱伦,PER-D
吉尔摩,PER-D
海德尔,PER-D
乔伊纳,PER-D
罗斯,PER-D
穆吉贝尔,PER-D
迪特利亚,PER-D
亨利·劳斯,PER-D
巴克尔,PER-D
狄拉克,PER-D
特雷莎,PER-D
安瓦尔,PER-D
古鲁门蒂,PER-D
韦斯特,PER-D
乔·布林,PER-D
古特雷斯,PER-D
穆加贝,PER-D
克雷安加,PER-D
约翰·西,PER-D
杨·兰森斯,PER-D
纳西尔别克,PER-D
帕雷德斯,PER-D
克拉克,PER-D
奥伯斯塔,PER-D
卡尔夫,PER-D
扎加洛,PER-D
奥斯瓦尔多,PER-D
维尔普拉兹,PER-D
哈拉齐,PER-D
里·阿普顿,PER-D
戴维·沃伦,PER-D
韦尔,PER-D
格雷尔,PER-D
哈塔米,PER-D
巴特鲍,PER-D
福格茨,PER-D
恩塔翁维基耶,PER-D
钱伯斯,PER-D
厄尔,PER-D
里扎拉祖,PER-D
巴尔德拉马,PER-D
考斯曼,PER-D
卢普莱斯库,PER-D
勃伊科,PER-D
拉斐尔,PER-D
卢日科夫,PER-D
阿巴查,PER-D
科斯坚科,PER-D
莫诺里,PER-D
巴特里特,PER-D
霍梅尼,PER-D
费尔南多,PER-D
贝拉米,PER-D
卢克曼,PER-D
恩杜尔,PER-D
莎士比亚,PER-D
詹姆斯,PER-D
塞莱斯,PER-D
普里米切里奥,PER-D
卡巴杰,PER-D
盖洛普,PER-D
麦柯里,PER-D
诺瓦克,PER-D
费奥多罗夫,PER-D
查尔斯,PER-D
克莱门特,PER-D
努尔,PER-D
赫拉维,PER-D
西伯特,PER-D
布兰克,PER-D
萨缪尔森,PER-D
纳诺,PER-D
冠罗尼,PER-D
开普勒,PER-D
阿克谢年科,PER-D
马斯哈多夫,PER-D
蒂瑟林顿,PER-D
玛尔蒂娜,PER-D
阿科皮扬,PER-D
普雷斯科特,PER-D
赛福鼎·艾则孜,PER-D
比特·利沃,PER-D
米歇尔,PER-D
奥尔加,PER-D
贝尔戈米,PER-D
鲁西亚努,PER-D
艾迪森,PER-D
艾迪·墨菲,PER-D
阿耶勒,PER-D
撒切尔,PER-D
萨哈布,PER-D
塔纳卡,PER-D
基尔西,PER-D
纳拉亚南,PER-D
贝·布托,PER-D
利亚蒂,PER-D
塔拉尔,PER-D
玛利欧,PER-D
李·汉密尔顿,PER-D
德沙特兰,PER-D
梅内姆,PER-D
埃德蒙多,PER-D
斯特拉普,PER-D
黑尔·毕什,PER-D
贝迪埃,PER-D
宾格曼,PER-D
普契尼,PER-D
鲁伊斯,PER-D
多纳尼,PER-D
冯·诺依曼,PER-D
猜亚瓦,PER-D
科特·马祖尔,PER-D
萨尔玛,PER-D
哥达德,PER-D
何·卡多萨,PER-D
格拉夫,PER-D
威尔逊,PER-D
丹尼尔,PER-D
佩特雷斯库,PER-D
施拉姆夫,PER-D
柴斯特,PER-D
巴拉洛娃,PER-D
苏哈托,PER-D
麦克法登,PER-D
泽鲁阿勒,PER-D
