平安银行,Financial
万科A,RealEstate
国农科技,MedicalHealth
世纪星源,Utilities
深振业A,RealEstate
全新好,Utilities
神州高铁,Industry
中国宝安,Utilities
美丽生态,Industry
深物业A,RealEstate
南玻A,Industry
沙河股份,RealEstate
深康佳A,Consumer
深中华A,Industry
神州长城,Industry
深深宝A,Consumer
深华发A,InformationTechnology
深科技,InformationTechnology
深赤湾A,Industry
深天地A,Industry
特力A,Industry
飞亚达A,Consumer
深圳能源,Utilities
国药一致,MedicalHealth
深深房A,RealEstate
富奥股份,Industry
中粮地产,RealEstate
深桑达A,Telecom
神州数码,InformationTechnology
中国天楹,Utilities
华联控股,RealEstate
深南电A,Utilities
深大通,InformationTechnology
中集集团,Industry
东旭蓝天,Utilities
中洲控股,RealEstate
中航善达,RealEstate
深纺织A,InformationTechnology
泛海控股,RealEstate
*ST康达,MedicalHealth
德赛电池,InformationTechnology
深天马A,InformationTechnology
方大集团,Industry
皇庭国际,RealEstate
深赛格,Financial
华锦股份,Materials
中金岭南,Materials
农产品,Financial
深圳华强,InformationTechnology
中兴通讯,Telecom
北方国际,Industry
中国长城,InformationTechnology
华控赛格,Utilities
华侨城A,RealEstate
特发信息,Telecom
海王生物,MedicalHealth
盐田港,Industry
深圳机场,Industry
天健集团,RealEstate
广聚能源,Materials
中信海直,Industry
TCL集团,Consumer
宜华健康,MedicalHealth
中成股份,Financial
丰原药业,MedicalHealth
川化股份,Financial
华数传媒,InformationTechnology
中联重科,Industry
常山北明,InformationTechnology
国际实业,Materials
申万宏源,Financial
东方市场,Utilities
美的集团,Consumer
潍柴动力,Industry
许继电气,Utilities
冀东水泥,Industry
金融街,RealEstate
ST生化,MedicalHealth
长虹华意,Consumer
胜利股份,Utilities
藏格控股,Materials
*ST地矿,Utilities
沈阳机床,Industry
英特集团,MedicalHealth
东旭光电,InformationTechnology
渤海金控,Financial
民生控股,Financial
合肥百货,Financial
小天鹅A,Consumer
通程控股,Financial
吉林化纤,Materials
南京公用,Utilities
*ST宜化,Materials
东阿阿胶,MedicalHealth
徐工机械,Industry
兴业矿业,Materials
华天酒店,Consumer
粤高速A,Industry
张家界,Consumer
晨鸣纸业,Consumer
山东路桥,Industry
鄂武商A,Financial
绿景控股,RealEstate
国新健康,MedicalHealth
南华生物,InformationTechnology
京粮控股,MedicalHealth
中润资源,RealEstate
珠海港,Industry
华塑控股,Industry
金路集团,Materials
丽珠集团,MedicalHealth
渝开发,RealEstate
国际医学,Financial
荣安地产,RealEstate
四环生物,MedicalHealth
中兵红箭,Industry
长航凤凰,Industry
长虹美菱,Consumer
广州浪奇,Materials
岭南控股,Consumer
红太阳,Materials
紫光学大,InformationTechnology
柳工,Industry
广弘控股,Utilities
大冷股份,Industry
穗恒运A,Utilities
华金资本,InformationTechnology
万家乐,Consumer
万泽股份,RealEstate
华映科技,InformationTechnology
广宇发展,RealEstate
云南白药,MedicalHealth
粤电力A,Utilities
中天金融,RealEstate
佛山照明,InformationTechnology
皖能电力,Utilities
中原环保,Utilities
金浦钛业,Materials
金圆股份,Industry
航天发展,Industry
湖南投资,Industry
江铃汽车,Industry
创元科技,Industry
靖远煤电,Materials
沙隆达A,Materials
泰山石油,Materials
神州信息,InformationTechnology
西部创业,Industry
莱茵体育,RealEstate
万向钱潮,Industry
我爱我家,Financial
烽火电子,Telecom
陕国投A,Financial
供销大集,Financial
渝三峡A,Materials
海南海药,MedicalHealth
海德股份,Financial
泸州老窖,Consumer
苏常柴A,Industry
新大洲A,Materials
海马汽车,Industry
粤宏远A,RealEstate
广东甘化,MedicalHealth
威孚高科,Industry
北部湾港,Industry
哈工智能,Industry
*ST东电,Utilities
汇源通信,Telecom
金洲慈航,Consumer
黔轮胎A,Materials
启迪古汉,MedicalHealth
太阳能,Utilities
平潭发展,MedicalHealth
大通燃气,Utilities
宝塔实业,Industry
古井贡酒,Consumer
东北制药,MedicalHealth
兴蓉环境,Utilities
青岛双星,Materials
建投能源,Utilities
韶能股份,Utilities
盛达矿业,Materials
渤海股份,Utilities
顺利办,InformationTechnology
华媒控股,InformationTechnology
阳光股份,RealEstate
中迪投资,RealEstate
西安旅游,Consumer
天首发展,Consumer
焦作万方,Materials
大东海A,Consumer
京汉股份,RealEstate
海航投资,RealEstate
中油资本,Financial
海螺型材,Industry
新华联,RealEstate
恒立实业,Industry
吉林敖东,MedicalHealth
长安汽车,Industry
远大控股,Financial
天茂集团,Financial
高新发展,Industry
*ST钒钛,Materials
铜陵有色,Materials
顺发恒业,RealEstate
三木集团,Utilities
合金投资,Materials
英力特,Materials
风华高科,InformationTechnology
茂化实华,Materials
万方发展,Utilities
西王食品,MedicalHealth
仁和药业,MedicalHealth
格力电器,Consumer
泰达股份,Utilities
*ST金岭,Materials
金科股份,RealEstate
中钨高新,Materials
珠海中富,Consumer
长春高新,MedicalHealth
天夏智慧,InformationTechnology
永安林业,Consumer
湖北广电,InformationTechnology
经纬纺机,Financial
美好置业,RealEstate
荣丰控股,RealEstate
金鸿控股,Utilities
盈方微,InformationTechnology
阳光城,RealEstate
上峰水泥,Industry
当代东方,InformationTechnology
智度股份,InformationTechnology
恒天海龙,Materials
襄阳轴承,Industry
大连友谊,Financial
山推股份,Industry
视觉中国,InformationTechnology
东方电子,Utilities
远兴能源,Materials
中山公用,Utilities
东北证券,Financial
华讯方舟,Telecom
国城矿业,Materials
宝新能源,Utilities
亚太实业,RealEstate
惠天热电,Utilities
*ST华泽,Materials
滨海能源,Utilities
炼石有色,Materials
沈阳化工,Materials
模塑科技,Industry
厦门信达,InformationTechnology
正虹科技,MedicalHealth
恒逸石化,Materials
浙江震元,MedicalHealth
*ST双环,Materials
大冶特钢,Materials
河钢股份,Materials
贝瑞基因,MedicalHealth
京蓝科技,Utilities
锦龙股份,Financial
丰乐种业,MedicalHealth
中兴商业,Financial
黑芝麻,Consumer
韶钢松山,Materials
苏宁环球,RealEstate
中原传媒,InformationTechnology
*ST新能,Utilities
西安饮食,Consumer
湖南发展,Utilities
美锦能源,Materials
京东方A,InformationTechnology
鲁泰A,Consumer
华东科技,InformationTechnology
国元证券,Financial
燕京啤酒,Consumer
四川美丰,Materials
泰禾集团,RealEstate
振华科技,InformationTechnology
罗牛山,MedicalHealth
中交地产,RealEstate
*ST南风,Materials
航发控制,Industry
普洛药业,MedicalHealth
国海证券,Financial
锌业股份,Materials
西藏发展,Consumer
漳州发展,Industry
*ST三维,Materials
新华制药,MedicalHealth
浩物股份,Industry
中色股份,Materials
中百集团,Financial
斯太尔,Industry
本钢板材,Materials
西藏矿业,Materials
通化金马,MedicalHealth
漳泽电力,Utilities
中航飞机,Industry
广发证券,Financial
中核科技,Industry
新兴铸管,Materials
三毛派神,Consumer
平庄能源,Materials
美达股份,Materials
长江证券,Financial
武汉中商,Financial
北新建材,Industry
北大医药,MedicalHealth
万年青,Industry
泰合健康,MedicalHealth
甘肃电投,Utilities
盐湖股份,Materials
华闻传媒,InformationTechnology
英洛华,Materials
凯撒旅游,Consumer
中国武夷,RealEstate
中水渔业,MedicalHealth
酒鬼酒,Consumer
一汽轿车,Industry
四川九洲,Consumer
北京文化,InformationTechnology
*ST金宇,RealEstate
银河生物,Utilities
云铝股份,Materials
铁岭新城,RealEstate
创维数字,Consumer
冰轮环境,Industry
陕西金叶,Consumer
德展健康,Materials
美利云,Consumer
*ST慧业,Industry
航锦科技,Materials
岳阳兴长,Materials
神雾节能,Utilities
京山轻机,Industry
山东海化,Materials
超声电子,InformationTechnology
太钢不锈,Materials
启迪桑德,Utilities
东莞控股,Industry
天音控股,Financial
鲁西化工,Materials
五矿稀土,Materials
粤桂股份,Utilities
长城动漫,InformationTechnology
鑫茂科技,Telecom
秦川机床,Industry
财信发展,RealEstate
中信国安,Utilities
承德露露,Consumer
华茂股份,Consumer
高鸿股份,Telecom
石化机械,Industry
冀东装备,Industry
五粮液,Consumer
国风塑业,Materials
顺鑫农业,Consumer
海印股份,Financial
银星能源,Utilities
三湘印象,Consumer
安凯客车,Industry
张裕A,Consumer
吉电股份,Utilities
新希望,MedicalHealth
天山股份,Industry
云南铜业,Materials
潍柴重机,Industry
中广核技,Utilities
华联股份,Financial
湖北能源,Utilities
同力水泥,Industry
海南高速,Industry
中鼎股份,Industry
峨眉山A,Consumer
茂业通信,Telecom
法尔胜,Industry
欢瑞世纪,InformationTechnology
*ST东凌,MedicalHealth
双汇发展,Consumer
津滨发展,RealEstate
鞍钢股份,Materials
赣能股份,Utilities
现代投资,Industry
航天科技,Industry
新洋丰,Materials
云内动力,Industry
厦门港务,Industry
浙商中拓,Financial
景峰医药,MedicalHealth
数源科技,RealEstate
大亚圣象,Consumer
南宁糖业,MedicalHealth
*ST天化,Materials
钱江摩托,Industry
山大华特,MedicalHealth
电广传媒,InformationTechnology
嘉凯城,RealEstate
金陵药业,MedicalHealth
南方汇通,Utilities
海信科龙,Consumer
*ST佳电,Utilities
河北宣工,Industry
众合科技,Industry
福星股份,RealEstate
一汽夏利,Industry
中钢国际,Industry
兰州黄河,Consumer
中粮生化,MedicalHealth
中关村,Utilities
华菱钢铁,Materials
神火股份,Materials
四川双马,Industry
华西股份,Materials
冀中能源,Materials
紫光股份,InformationTechnology
*ST凯迪,Utilities
南天信息,InformationTechnology
新乡化纤,Materials
*ST建峰,Materials
中国重汽,Industry
广济药业,MedicalHealth
ST河化,Materials
欣龙控股,Consumer
中通客车,Industry
东方能源,Utilities
首钢股份,Materials
锡业股份,Materials
中南建设,RealEstate
东方钽业,Materials
华东医药,MedicalHealth
天保基建,RealEstate
长源电力,Utilities
盈峰环境,Utilities
蓝焰控股,Materials
安泰科技,Materials
中科三环,Materials
高升控股,Telecom
*ST中基,MedicalHealth
佛塑科技,Materials
银泰资源,Materials
华铁股份,Industry
浪潮信息,InformationTechnology
桂林旅游,Consumer
中弘股份,RealEstate
众泰汽车,Industry
银亿股份,RealEstate
*ST中绒,Consumer
西山煤电,Materials
大庆华科,Materials
越秀金控,Financial
华工科技,InformationTechnology
九芝堂,MedicalHealth
诚志股份,Materials
闽东电力,Utilities
*ST皇台,Consumer
中国中期,Industry
新大陆,InformationTechnology
隆平高科,MedicalHealth
华润三九,MedicalHealth
宗申动力,Industry
豫能控股,Utilities
招商公路,Industry
招商蛇口,RealEstate
新和成,MedicalHealth
鸿达兴业,Materials
伟星股份,Consumer
华邦健康,Materials
德豪润达,InformationTechnology
精功科技,Industry
华兰生物,MedicalHealth
大族激光,InformationTechnology
天奇股份,Industry
传化智联,Industry
盾安环境,Consumer
凯恩股份,Consumer
中航机电,Industry
永新股份,Consumer
霞客环保,Materials
世荣兆业,RealEstate
东信和平,Telecom
*ST华信,Utilities
亿帆医药,MedicalHealth
京新药业,MedicalHealth
中捷资源,Industry
科华生物,MedicalHealth
海特高新,Industry
苏宁易购,Financial
航天电器,InformationTechnology
山东威达,Industry
分众传媒,InformationTechnology
思源电气,Utilities
七匹狼,Consumer
达安基因,MedicalHealth
巨轮智能,Industry
苏泊尔,Consumer
丽江旅游,Consumer
旺能环境,Consumer
华帝股份,Consumer
联创电子,InformationTechnology
久联发展,Materials
双鹭药业,MedicalHealth
黔源电力,Utilities
南京港,Industry
登海种业,MedicalHealth
华孚时尚,Consumer
兔宝宝,Industry
美年健康,MedicalHealth
国光电器,InformationTechnology
轴研科技,Industry
宝鹰股份,Industry
宁波华翔,Industry
紫光国微,InformationTechnology
三花智控,Consumer
中工国际,Industry
同洲电子,Consumer
云南能投,Materials
德美化工,Materials
得润电子,InformationTechnology
横店东磁,InformationTechnology
中钢天源,Materials
威尔泰,Utilities
云南旅游,Consumer
粤水电,Industry
浙江交科,Industry
宏润建设,Industry
远光软件,InformationTechnology
华峰氨纶,Materials
东华软件,InformationTechnology
瑞泰科技,Industry
景兴纸业,Consumer
黑猫股份,Materials
獐子岛,MedicalHealth
*ST众和,Materials
长城影视,InformationTechnology
凯瑞德,InformationTechnology
软控股份,Industry
国轩高科,Utilities
沙钢股份,Materials
雪莱特,InformationTechnology
大港股份,InformationTechnology
太阳纸业,Consumer
苏州固锝,InformationTechnology
中材科技,Materials
金螳螂,Industry
万邦德,Industry
孚日股份,Consumer
海鸥住工,Consumer
万丰奥威,Industry
东方海洋,MedicalHealth
新野纺织,Consumer
鲁阳节能,Industry
新海宜,Telecom
金智科技,Utilities
江苏国泰,Financial
中泰化学,Materials
国脉科技,Telecom
青岛金王,Materials
生意宝,InformationTechnology
南岭民爆,Materials
山河智能,Industry
浔兴股份,Consumer
海翔药业,MedicalHealth
天康生物,MedicalHealth
广东鸿图,Industry
冠福股份,MedicalHealth
广博股份,InformationTechnology
恒宝股份,Telecom
信隆健康,Industry
莱宝高科,InformationTechnology
沃华医药,MedicalHealth
沧州明珠,Materials
兴化股份,Materials
三钢闽光,Materials
威海广泰,Industry
三变科技,Utilities
天润数娱,InformationTechnology
罗平锌电,Materials
三维通信,Telecom
中国海诚,Industry
东港股份,Consumer
紫鑫药业,MedicalHealth
康强电子,InformationTechnology
韵达股份,Industry
科陆电子,Utilities
*ST天马,Industry
梦网集团,InformationTechnology
天邦股份,MedicalHealth
湘潭电化,Materials
银轮股份,Industry
南极电商,Financial
露天煤业,Materials
中环股份,Utilities
沃尔核材,Materials
利欧股份,InformationTechnology
恒星科技,Industry
广宇集团,RealEstate
天津普林,InformationTechnology
东南网架,Industry
安纳达,Materials
麦达数字,InformationTechnology
顺络电子,InformationTechnology
拓邦股份,InformationTechnology
东华科技,Industry
贤丰控股,InformationTechnology
宁波银行,Financial
印纪传媒,InformationTechnology
宏达高科,Consumer
中核钛白,Materials
荣盛发展,RealEstate
新光圆成,RealEstate
北纬科技,InformationTechnology
西部材料,Materials
通润装备,Industry
北斗星通,Industry
广电运通,InformationTechnology
石基信息,InformationTechnology
报喜鸟,Consumer
湖南黄金,Materials
通富微电,InformationTechnology
正邦科技,MedicalHealth
汉钟精机,Industry
三特索道,Consumer
常铝股份,Materials
远望谷,InformationTechnology
悦心健康,Industry
中航三鑫,Industry
宁波东力,Industry
红宝丽,Materials
莱茵生物,MedicalHealth
东方锆业,Materials
深圳惠程,Utilities
智光电气,Utilities
芭田股份,Materials
楚江新材,Materials
澳洋科技,Materials
创新医疗,MedicalHealth
游族网络,InformationTechnology
东方网络,InformationTechnology
江特电机,Utilities
御银股份,InformationTechnology
延华智能,Industry
中航光电,InformationTechnology
纳思达,InformationTechnology
粤传媒,InformationTechnology
云海金属,Materials
怡亚通,Industry
海得控制,Utilities
华天科技,InformationTechnology
全聚德,Consumer
广百股份,Financial
*ST巴士,InformationTechnology
利达光电,InformationTechnology
成飞集成,Industry
劲嘉股份,Consumer
融捷股份,Industry
如意集团,Consumer
*ST凡谷,Telecom
二三四五,InformationTechnology
方正电机,Utilities
证通电子,InformationTechnology
嘉应制药,MedicalHealth
东晶电子,InformationTechnology
云投生态,Industry
九鼎新材,Materials
金风科技,Utilities
海亮股份,Materials
大连重工,Industry
国统股份,Industry
海利得,Materials
*ST准油,Materials
合肥城建,RealEstate
达意隆,Industry
飞马国际,Industry
宏达新材,Materials
南洋股份,Utilities
特尔佳,Industry
大立科技,InformationTechnology
诺普信,Materials
三全食品,Consumer
合力泰,InformationTechnology
拓日新能,Utilities
恒康医疗,MedicalHealth
天宝食品,MedicalHealth
东华能源,Materials
福晶科技,InformationTechnology
鱼跃医疗,MedicalHealth
三力士,Materials
濮耐股份,Industry
江南化工,Materials
奥特迅,Utilities
合兴包装,Consumer
鸿博股份,Consumer
科大讯飞,InformationTechnology
奥维通信,Telecom
启明信息,InformationTechnology
塔牌集团,Industry
民和股份,MedicalHealth
安妮股份,Consumer
大华股份,InformationTechnology
恒邦股份,Materials
天威视讯,InformationTechnology
奥特佳,Industry
威华股份,Consumer
歌尔股份,InformationTechnology
九阳股份,Consumer
通产丽星,Consumer
滨江集团,RealEstate
澳洋顺昌,Industry
北化股份,Materials
帝龙文化,InformationTechnology
华东数控,Industry
大洋电机,Utilities
联化科技,Materials
步步高,Financial
上海莱士,MedicalHealth
川大智胜,InformationTechnology
泰和新材,Materials
海陆重工,Utilities
兆新股份,Materials
利尔化学,Materials
升达林业,Utilities
*ST德奥,Consumer
拓维信息,InformationTechnology
恩华药业,MedicalHealth
*ST东南,Materials
新华都,Financial
西仪股份,Industry
浙富控股,Utilities
陕天然气,Utilities
卫士通,InformationTechnology
美邦服饰,Consumer
华明装备,Utilities
东方雨虹,Industry
川润股份,Industry
水晶光电,InformationTechnology
华昌化工,Materials
桂林三金,MedicalHealth
万马股份,Utilities
友阿股份,Financial
神开股份,Industry
久其软件,InformationTechnology
联络互动,InformationTechnology
光迅科技,Telecom
博深工具,Industry
天润曲轴,Industry
亚太股份,Industry
世联行,RealEstate
保龄宝,MedicalHealth
奇正藏药,MedicalHealth
超华科技,InformationTechnology
宇顺电子,InformationTechnology
中科新材,Consumer
星期六,Consumer
奥飞娱乐,InformationTechnology
罗莱生活,Consumer
信立泰,MedicalHealth
精艺股份,Materials
辉煌科技,InformationTechnology
博云新材,Industry
中电兴发,Utilities
圣农发展,MedicalHealth
太阳电缆,Utilities
齐心集团,Consumer
西部建设,Industry
美盈森,Consumer
洋河股份,Consumer
南国置业,RealEstate
*ST云网,Consumer
北新路桥,Industry
威创股份,InformationTechnology
中利集团,Utilities
东方园林,Industry
海大集团,MedicalHealth
三泰控股,InformationTechnology
日海智能,Telecom
南山控股,RealEstate
焦点科技,InformationTechnology
亚联发展,Telecom
众生药业,MedicalHealth
久立特材,Materials
乐通股份,Materials
海峡股份,Industry
华英农业,MedicalHealth
理工环科,Utilities
*ST百特,Industry
普利特,Materials
洪涛股份,Industry
永太科技,Materials
富安娜,Consumer
新朋股份,Industry
皇氏集团,Consumer
得利斯,Consumer
皖通科技,InformationTechnology
仙琚制药,MedicalHealth
罗普斯金,Industry
英威腾,Utilities
科华恒盛,Utilities
人人乐,Financial
赛象科技,Industry
奥普光电,Industry
积成电子,Utilities
格林美,Materials
新纶科技,Utilities
巨力索具,Industry
慈文传媒,InformationTechnology
海宁皮城,Financial
潮宏基,Consumer
柘中股份,Industry
泰尔股份,Industry
高乐股份,Consumer
精华制药,MedicalHealth
北京科锐,Utilities
漫步者,InformationTechnology
顺丰控股,Industry
杰瑞股份,Industry
天神娱乐,InformationTechnology
兴民智通,Industry
赫美集团,Consumer
富临运业,Industry
森源电气,Utilities
北讯集团,Telecom
同德化工,Materials
神剑股份,Materials
汉王科技,InformationTechnology
隆基机械,Industry
中恒电气,Utilities
永安药业,MedicalHealth
台海核电,Industry
康力电梯,Industry
太极股份,InformationTechnology
卓翼科技,InformationTechnology
亚太药业,MedicalHealth
北方华创,InformationTechnology
伟星新材,Industry
千方科技,InformationTechnology
丽鹏股份,Industry
亚厦股份,Industry
新北洋,InformationTechnology
国创高新,Consumer
章源钨业,Materials
宏创控股,Materials
科远股份,InformationTechnology
双箭股份,Materials
蓝帆医疗,Materials
合众思壮,InformationTechnology
东山精密,InformationTechnology
大北农,MedicalHealth
天原集团,Materials
维信诺,InformationTechnology
新亚制程,InformationTechnology
南洋科技,InformationTechnology
信邦制药,MedicalHealth
长青股份,Materials
北京利尔,Industry
力生制药,MedicalHealth
联发股份,Consumer
双象股份,Materials
星网锐捷,Telecom
梦洁股份,Consumer
建研集团,Industry
海普瑞,MedicalHealth
省广集团,InformationTechnology
中远海科,InformationTechnology
和而泰,InformationTechnology
爱仕达,Consumer
嘉欣丝绸,Consumer
四维图新,InformationTechnology
远东传动,Industry
多氟多,Materials
齐翔腾达,Materials
雅克科技,Materials
广联达,InformationTechnology
必康股份,MedicalHealth
汉森制药,MedicalHealth
雷科防务,Industry
高德红外,InformationTechnology
海康威视,InformationTechnology
爱施德,Financial
深南股份,Telecom
康盛股份,Consumer
天虹股份,Financial
毅昌股份,Consumer
达实智能,InformationTechnology
科伦药业,MedicalHealth
中原特钢,Industry
贵州百灵,MedicalHealth
凯撒文化,InformationTechnology
胜利精密,Industry
*ST尤夫,Materials
云南锗业,Materials
兆驰股份,Consumer
杭氧股份,Industry
棕榈股份,Industry
九安医疗,MedicalHealth
太安堂,MedicalHealth
万里扬,Industry
长江润发,MedicalHealth
兴森科技,InformationTechnology
誉衡药业,MedicalHealth
江苏神通,Industry
启明星辰,InformationTechnology
闰土股份,Materials
众业达,Utilities
龙星化工,Materials
金洲管道,Materials
巨星科技,Industry
中南文化,InformationTechnology
盛路通信,Telecom
晨鑫科技,InformationTechnology
中原内配,Industry
国星光电,InformationTechnology
康得新,Materials
摩恩电气,Utilities
长高集团,Utilities
华软科技,Materials
松芝股份,Industry
百川股份,Materials
欧菲科技,InformationTechnology
青龙管业,Industry
益生股份,MedicalHealth
天业通联,Industry
赣锋锂业,Materials
珠江啤酒,Consumer
嘉事堂,MedicalHealth
沪电股份,InformationTechnology
众应互联,InformationTechnology
海格通信,Telecom
天齐锂业,Materials
二六三,Telecom
申通快递,Industry
三维工程,Industry
金正大,Materials
中超控股,Utilities
双环传动,Industry
*ST圣莱,Consumer
榕基软件,InformationTechnology
立讯精密,InformationTechnology
宝莫股份,Materials
雏鹰农牧,MedicalHealth
常宝股份,Materials
富春环保,Utilities
新筑股份,Industry
双塔食品,Consumer
广田集团,Industry
润邦股份,Industry
江海股份,InformationTechnology
希努尔,Consumer
嘉麟杰,Consumer
大金重工,Industry
金固股份,Industry
浙江永强,Consumer
山东墨龙,Industry
通鼎互联,Telecom
恒基达鑫,Industry
荣盛石化,Materials
华斯股份,Consumer
佳隆股份,Consumer
ST辉丰,Materials
雅化集团,Materials
汉缆股份,Utilities
科林环保,Industry
山西证券,Financial
利源精制,Materials
骅威文化,InformationTechnology
搜于特,Consumer
弘高创意,Industry
大康农业,MedicalHealth
协鑫集成,Utilities
涪陵榨菜,Consumer
老板电器,Consumer
天广中茂,Industry
天汽模,Industry
中顺洁柔,Consumer
达华智能,InformationTechnology
蓝丰生化,Materials
宝馨科技,Industry
金字火腿,Consumer
旷达科技,Consumer
恺英网络,InformationTechnology
科士达,Utilities
银河电子,Consumer
日发精机,Industry
齐峰新材,Consumer
浙江众成,Consumer
天桥起重,Industry
光正集团,Utilities
山东矿机,Industry
新时达,Utilities
英飞拓,InformationTechnology
海源机械,Industry
金财互联,InformationTechnology
天顺风能,Utilities
新界泵业,Industry
金杯电工,Utilities
杭锅股份,Utilities
林州重机,Industry
西泵股份,Industry
海联金汇,Industry
司尔特,Materials
云图控股,Materials
亚太科技,Materials
鸿路钢构,Industry
中化岩土,Industry
万和电气,Consumer
杰赛科技,Telecom
东方铁塔,Industry
新联电子,Utilities
春兴精工,InformationTechnology
金新农,MedicalHealth
凯美特气,Materials
千红制药,MedicalHealth
尚荣医疗,MedicalHealth
*ST宝鼎,Industry
南方轴承,Industry
惠博普,Materials
三七互娱,InformationTechnology
辉隆股份,Materials
洽洽食品,Consumer
巨人网络,InformationTechnology
亚威股份,Industry
通达股份,Utilities
徐家汇,Financial
兄弟科技,Materials
森马服饰,Consumer
天沃科技,Industry
顺灏股份,Consumer
益盛药业,MedicalHealth
唐人神,MedicalHealth
百润股份,Consumer
步森股份,Consumer
*ST因美,Consumer
德力股份,Consumer
索菲亚,Consumer
清新环境,Utilities
明牌珠宝,Consumer
群兴玩具,Consumer
通达动力,Utilities
雷柏科技,InformationTechnology
闽发铝业,Materials
中京电子,InformationTechnology
圣阳股份,Utilities
未名医药,MedicalHealth
好想你,Consumer
海能达,Telecom
西陇科学,Materials
双星新材,Consumer
围海股份,Industry
奥拓电子,InformationTechnology
史丹利,Materials
瑞康医药,MedicalHealth
万安科技,Industry
恒大高新,InformationTechnology
八菱科技,Industry
日上集团,Industry
比亚迪,Industry
豪迈科技,Industry
海南瑞泽,Industry
金禾实业,Materials
山东章鼓,Industry
盛通股份,Consumer
领益智造,InformationTechnology
龙蟒佰利,Materials
世纪华通,InformationTechnology
以岭药业,MedicalHealth
*ST龙力,MedicalHealth
姚记扑克,Consumer
大连电瓷,Utilities
亚夏汽车,Industry
江苏国信,Utilities
捷顺科技,InformationTechnology
爱康科技,Utilities
东方精工,Industry
朗姿股份,Consumer
北玻股份,Industry
奥佳华,Consumer
哈尔斯,Consumer
长青集团,Consumer
露笑科技,Utilities
丹邦科技,InformationTechnology
艾格拉斯,InformationTechnology
瑞和股份,Industry
三垒股份,Industry
融钰集团,Utilities
亚玛顿,Industry
完美世界,InformationTechnology
光启技术,Industry
金达威,MedicalHealth
宜昌交运,Industry
成都路桥,Industry
仁智股份,Materials
华西能源,Utilities
德尔未来,Consumer
道明光学,Materials
申科股份,Industry
棒杰股份,Consumer
安洁科技,InformationTechnology
金安国纪,InformationTechnology
赞宇科技,Materials
勤上股份,InformationTechnology
雪人股份,Industry
跨境通,Financial
永高股份,Industry
荣之联,InformationTechnology
万润股份,Materials
佛慈制药,MedicalHealth
华宏科技,Industry
青青稞酒,Consumer
仁东控股,Financial
卫星石化,Materials
博彦科技,InformationTechnology
加加食品,Consumer
利君股份,Industry
扬子新材,Industry
海思科,MedicalHealth
万润科技,InformationTechnology
共达电声,InformationTechnology
摩登大道,Consumer
中科金财,InformationTechnology
雪迪龙,Industry
凯文教育,InformationTechnology
茂硕电源,InformationTechnology
克明面业,Consumer
京威股份,Industry
普邦股份,Industry
长鹰信质,Industry
首航节能,Utilities
德联集团,Materials
鞍重股份,Industry
奥马电器,Consumer
康达新材,Materials
国盛金控,Financial
龙泉股份,Industry
东江环保,Utilities
西部证券,Financial
兴业科技,Consumer
东诚药业,MedicalHealth
顺威股份,Consumer
浙江美大,Consumer
珠江钢琴,Consumer
福建金森,MedicalHealth
ST长生,MedicalHealth
奋达科技,Consumer
龙洲股份,Industry
宏大爆破,Materials
猛狮科技,Industry
华东重机,Industry
亿利达,Industry
乔治白,Consumer
金河生物,MedicalHealth
远大智能,Industry
美亚光电,Industry
冀凯股份,Industry
睿康股份,Utilities
双成药业,MedicalHealth
顾地科技,Industry
煌上煌,Consumer
百洋股份,MedicalHealth
红旗连锁,Financial
博实股份,Industry
美盛文化,InformationTechnology
新疆浩源,Utilities
奥瑞金,Consumer
海欣食品,Consumer
浙江世宝,Industry
新宝股份,Consumer
良信电器,Utilities
众信旅游,Consumer
光洋股份,Industry
天赐材料,Materials
欧浦智网,Industry
思美传媒,InformationTechnology
东易日盛,Industry
牧原股份,MedicalHealth
登云股份,Industry
金贵银业,Materials
岭南股份,Industry
友邦吊顶,Industry
麦趣尔,Consumer
金一文化,Consumer
金轮股份,Industry
金莱特,Consumer
海洋王,InformationTechnology
跃岭股份,Industry
龙大肉食,Consumer
一心堂,MedicalHealth
特一药业,MedicalHealth
好利来,InformationTechnology
电光科技,Industry
萃华珠宝,Consumer
燕塘乳业,Consumer
雄韬股份,Utilities
利民股份,Materials
王子新材,Consumer
国信证券,Financial
葵花药业,MedicalHealth
中矿资源,Materials
万达电影,InformationTechnology
爱迪尔,Consumer
光华科技,Materials
三圣股份,Industry
富煌钢构,Industry
木林森,Consumer
仙坛股份,MedicalHealth
埃斯顿,Utilities
世龙实业,Materials
国光股份,Materials
龙津药业,MedicalHealth
易尚展示,Consumer
昇兴股份,Consumer
永东股份,Materials
东方新星,Industry
永兴特钢,Materials
南兴装备,Industry
华通医药,MedicalHealth
天际股份,Consumer
凤形股份,Industry
多喜爱,Consumer
金发拉比,Consumer
汇洁股份,Consumer
蓝黛传动,Industry
索菱股份,InformationTechnology
先锋电子,Utilities
国恩股份,Materials
普路通,Industry
科迪乳业,Consumer
真视通,InformationTechnology
众兴菌业,MedicalHealth
康弘药业,MedicalHealth
快意电梯,Industry
文科园林,Industry
柏堡龙,Consumer
久远银海,InformationTechnology
高科石化,Materials
中坚科技,Industry
三夫户外,Consumer
奇信股份,Industry
可立克,InformationTechnology
凯龙股份,Materials
万里石,Industry
银宝山新,Industry
华源控股,Consumer
鹭燕医药,MedicalHealth
建艺集团,Industry
瑞尔特,Consumer
坚朗五金,Industry
通宇通讯,Telecom
东音股份,Industry
永和智控,Industry
世嘉科技,Industry
第一创业,Financial
帝欧家居,Consumer
环球印务,Consumer
天顺股份,Industry
微光股份,Utilities
洪汇新材,Materials
吉宏股份,Consumer
丰元股份,Materials
华锋股份,Materials
江阴银行,Financial
苏州恒久,InformationTechnology
红墙股份,Materials
山东赫达,Materials
亚泰国际,Industry
创新股份,Consumer
路畅科技,Telecom
崇达技术,InformationTechnology
和科达,Industry
黄山胶囊,MedicalHealth
富森美,Financial
东方中科,Industry
桂发祥,Consumer
凯莱英,MedicalHealth
中装建设,Industry
凯中精密,Utilities
和胜股份,Materials
纳尔股份,Materials
易明医药,MedicalHealth
高争民爆,Materials
贝肯能源,Materials
星网宇达,Industry
名雕股份,Industry
裕同科技,Consumer
比音勒芬,Consumer
弘亚数控,Industry
同为股份,InformationTechnology
新宏泽,Consumer
英维克,Industry
道恩股份,Materials
张家港行,Financial
华统股份,Consumer
视源股份,InformationTechnology
翔鹭钨业,Materials
泰嘉股份,Industry
同兴达,InformationTechnology
英联股份,Consumer
盐津铺子,Consumer
高斯贝尔,Consumer
威星智能,Industry
科达利,InformationTechnology
麦格米特,Utilities
道道全,MedicalHealth
皮阿诺,Consumer
捷荣技术,InformationTechnology
美芝股份,Industry
三晖电气,Industry
力盛赛车,InformationTechnology
洁美科技,InformationTechnology
星帅尔,Consumer
瀛通通讯,InformationTechnology
实丰文化,Consumer
今飞凯达,Industry
盘龙药业,MedicalHealth
钧达股份,Industry
传艺科技,InformationTechnology
周大生,Consumer
绿康生化,MedicalHealth
金溢科技,InformationTechnology
香山股份,Industry
伟隆股份,Industry
天圣制药,MedicalHealth
新天药业,MedicalHealth
安奈儿,Consumer
三利谱,InformationTechnology
智能自控,Industry
元隆雅图,InformationTechnology
长缆科技,Utilities
卫光生物,MedicalHealth
美格智能,InformationTechnology
金龙羽,Utilities
中设股份,Industry
凌霄泵业,Industry
京泉华,InformationTechnology
沃特股份,Materials
绿茵生态,Industry
惠威科技,InformationTechnology
东方嘉盛,Industry
弘宇股份,Industry
中宠股份,MedicalHealth
科力尔,Utilities
华通热力,Utilities
川恒股份,Materials
中大力德,Industry
意华股份,Telecom
赛隆药业,MedicalHealth
英派斯,Consumer
哈三联,MedicalHealth
大博医疗,MedicalHealth
铭普光磁,InformationTechnology
宇环数控,Industry
金逸影视,InformationTechnology
华阳集团,Industry
华森制药,MedicalHealth
德生科技,Telecom
集泰股份,Materials
庄园牧场,Consumer
佛燃股份,Utilities
中新赛克,InformationTechnology
奥士康,InformationTechnology
中欣氟材,Materials
深南电路,InformationTechnology
金奥博,Materials
蒙娜丽莎,Industry
名臣健康,Materials
德赛西威,InformationTechnology
联诚精密,Industry
伊戈尔,InformationTechnology
润都股份,MedicalHealth
盈趣科技,InformationTechnology
华西证券,Financial
泰永长征,Utilities
华夏航空,Industry
润建通信,Telecom
宏川智慧,Industry
锋龙股份,Industry
明德生物,MedicalHealth
特锐德,Utilities
神州泰岳,InformationTechnology
乐普医疗,MedicalHealth
南风股份,Industry
探路者,Consumer
莱美药业,MedicalHealth
汉威科技,Industry
天海防务,Industry
安科生物,MedicalHealth
立思辰,InformationTechnology
鼎汉技术,Utilities
华测检测,Utilities
新宁物流,Industry
亿纬锂能,InformationTechnology
爱尔眼科,MedicalHealth
北陆药业,MedicalHealth
网宿科技,Telecom
中元股份,Utilities
硅宝科技,Materials
银江股份,InformationTechnology
大禹节水,MedicalHealth
吉峰农机,Financial
宝德股份,Financial
机器人,Industry
华星创业,Telecom
红日药业,MedicalHealth
华谊兄弟,InformationTechnology
金亚科技,Telecom
天龙光电,Utilities
阳普医疗,MedicalHealth
宝通科技,InformationTechnology
金龙机电,InformationTechnology
同花顺,InformationTechnology
钢研高纳,Industry
中科电气,Industry
超图软件,InformationTechnology
新宙邦,Materials
梅泰诺,InformationTechnology
上海凯宝,MedicalHealth
九洲电气,Utilities
回天新材,Materials
朗科科技,InformationTechnology
星辉娱乐,InformationTechnology
赛为智能,InformationTechnology
华力创通,InformationTechnology
台基股份,InformationTechnology
天源迪科,InformationTechnology
合康新能,Utilities
福瑞股份,MedicalHealth
世纪鼎利,Telecom
三五互联,InformationTechnology
中青宝,InformationTechnology
欧比特,InformationTechnology
鼎龙股份,Materials
万邦达,Utilities
三维丝,Utilities
万顺股份,Consumer
蓝色光标,InformationTechnology
东方财富,Financial
康旗股份,InformationTechnology
中能电气,Utilities
天龙集团,InformationTechnology
豫金刚石,Industry
海兰信,InformationTechnology
三川智慧,Industry
安诺其,Materials
南都电源,Utilities
金利华电,Utilities
碧水源,Utilities
华谊嘉信,InformationTechnology
三聚环保,Utilities
当升科技,Materials
华平股份,InformationTechnology
数字政通,InformationTechnology
GQY视讯,InformationTechnology
国民技术,InformationTechnology
思创医惠,InformationTechnology
数码科技,InformationTechnology
易成新能,Industry
恒信东方,Telecom
奥克股份,Materials
劲胜智能,InformationTechnology
海默科技,Industry
银之杰,InformationTechnology
康芝药业,MedicalHealth
荃银高科,MedicalHealth
长信科技,InformationTechnology
文化长城,Consumer
盛运环保,Utilities
金通灵,Industry
科新机电,Industry
金刚玻璃,Industry
国联水产,MedicalHealth
华伍股份,Industry
易联众,InformationTechnology
智云股份,Industry
高新兴,Telecom
精准信息,Industry
双林股份,Industry
振芯科技,Industry
乾照光电,InformationTechnology
达刚路机,Industry
乐视网,InformationTechnology
龙源技术,Utilities
西部牧业,MedicalHealth
建新股份,Materials
吉药控股,MedicalHealth
新开源,Materials
华仁药业,MedicalHealth
向日葵,Utilities
万讯自控,Industry
顺网科技,InformationTechnology
中航电测,Industry
长盈精密,InformationTechnology
坚瑞沃能,Utilities
嘉寓股份,Industry
东方日升,Utilities
瑞普生物,MedicalHealth
经纬辉开,Utilities
阳谷华泰,Materials
智飞生物,MedicalHealth
亚光科技,Industry
汇川技术,Utilities
易世达,Utilities
锐奇股份,Industry
银河磁体,Materials
锦富技术,InformationTechnology
泰胜风能,Utilities
新国都,InformationTechnology
英唐智控,InformationTechnology
青松股份,Materials
华策影视,InformationTechnology
大富科技,Telecom
宝利国际,Materials
信维通信,InformationTechnology
先河环保,Utilities
晨光生物,MedicalHealth
晓程科技,InformationTechnology
中环装备,Utilities
和顺电气,Utilities
沃森生物,MedicalHealth
星普医科,MedicalHealth
宋城演艺,Consumer
中金环境,Industry
汤臣倍健,Consumer
香雪制药,MedicalHealth
天舟文化,InformationTechnology
量子生物,MedicalHealth
世纪瑞尔,InformationTechnology
昌红科技,Industry
科融环境,Utilities
科泰电源,Utilities
瑞凌股份,Industry
安居宝,RealEstate
神雾环保,Utilities
恒泰艾普,Materials
振东制药,MedicalHealth
新研股份,Industry
秀强股份,Consumer
华中数控,Industry
雷曼股份,InformationTechnology
先锋新材,Materials
通源石油,Materials
天瑞仪器,Industry
东方国信,InformationTechnology
迪威迅,InformationTechnology
万达信息,InformationTechnology
天晟新材,Materials
汉得信息,InformationTechnology
东富龙,MedicalHealth
中电环保,Utilities
智慧松德,Industry
元力股份,Materials
朗源股份,MedicalHealth
鸿特科技,Financial
中海达,InformationTechnology
腾邦国际,Consumer
四方达,Industry
华峰超纤,Materials
佐力药业,MedicalHealth
捷成股份,InformationTechnology
东软载波,Telecom
力源信息,InformationTechnology
通裕重工,Utilities
永清环保,Utilities
美亚柏科,InformationTechnology
神农基因,MedicalHealth
维尔利,Utilities
潜能恒信,Materials
科斯伍德,Materials
佳士科技,Industry
福安药业,MedicalHealth
长荣股份,Industry
长海股份,Materials
铁汉生态,Industry
纳川股份,Industry
翰宇药业,MedicalHealth
高盟新材,Materials
海伦哲,Industry
聚龙股份,InformationTechnology
聚光科技,Utilities
舒泰神,MedicalHealth
天喻信息,Telecom
理邦仪器,MedicalHealth
欣旺达,InformationTechnology
恒顺众昇,Utilities
天泽信息,InformationTechnology
森远股份,Industry
亿通科技,Telecom
易华录,InformationTechnology
佳讯飞鸿,Telecom
日科化学,Materials
电科院,Utilities
千山药机,MedicalHealth
东方电热,Consumer
安利股份,Materials
鸿利智汇,InformationTechnology
金运激光,InformationTechnology
银禧科技,Materials
科大智能,Industry
北京君正,InformationTechnology
正海磁材,Materials
金力泰,Materials
上海钢联,InformationTechnology
光韵达,InformationTechnology
富瑞特装,Industry
拓尔思,InformationTechnology
永利股份,Materials
银信科技,InformationTechnology
洲明科技,InformationTechnology
金城医药,MedicalHealth
开尔新材,Industry
方直科技,InformationTechnology
上海新阳,Materials
美晨生态,Industry
冠昊生物,MedicalHealth
东宝生物,MedicalHealth
飞力达,Industry
瑞丰光电,InformationTechnology
佳云科技,InformationTechnology
瑞丰高材,Materials
迪安诊断,MedicalHealth
天玑科技,InformationTechnology
宝莱特,MedicalHealth
乐金健康,Consumer
新开普,InformationTechnology
依米康,Consumer
初灵信息,InformationTechnology
光线传媒,InformationTechnology
金信诺,Telecom
卫宁健康,InformationTechnology
仟源医药,MedicalHealth
常山药业,MedicalHealth
星星科技,InformationTechnology
开山股份,Industry
精锻科技,Industry
新天科技,Industry
新莱应材,Industry
雅本化学,Materials
巴安水务,Utilities
隆华节能,Utilities
佳创视讯,InformationTechnology
通光线缆,Utilities
兴源环境,Utilities
尔康制药,MedicalHealth
佳沃股份,MedicalHealth
联建光电,InformationTechnology
中威电子,InformationTechnology
华宇软件,InformationTechnology
开能健康,Consumer
和佳股份,MedicalHealth
阳光电源,Utilities
梅安森,Industry
三丰智能,Industry
海联讯,InformationTechnology
华昌达,Industry
和晶科技,InformationTechnology
紫天科技,Industry
金明精机,Industry
三盛教育,InformationTechnology
温州宏丰,Utilities
苏交科,Industry
国瓷材料,Materials
安科瑞,Utilities
飞利信,InformationTechnology
朗玛信息,InformationTechnology
利德曼,MedicalHealth
荣科科技,InformationTechnology
华录百纳,InformationTechnology
吴通控股,Telecom
蓝英装备,Industry
博雅生物,MedicalHealth
三六五网,InformationTechnology
利亚德,InformationTechnology
蓝盾股份,InformationTechnology
三诺生物,MedicalHealth
富春股份,InformationTechnology
汉鼎宇佑,InformationTechnology
长方集团,InformationTechnology
同有科技,InformationTechnology
聚飞光电,InformationTechnology
云意电气,Industry
裕兴股份,Materials
远方信息,Industry
慈星股份,Industry
中际旭创,Telecom
吉艾科技,Financial
宜通世纪,Telecom
任子行,InformationTechnology
邦讯技术,Telecom
天山生物,MedicalHealth
戴维医疗,MedicalHealth
掌趣科技,InformationTechnology
晶盛机电,Utilities
珈伟股份,Utilities
博晖创新,MedicalHealth
麦捷科技,InformationTechnology
海达股份,Materials
同大股份,Materials
硕贝德,InformationTechnology
华灿光电,InformationTechnology
旋极信息,InformationTechnology
德威新材,Materials
凯利泰,MedicalHealth
中颖电子,InformationTechnology
宜安科技,Materials
海伦钢琴,Consumer
华虹计通,InformationTechnology
苏大维格,InformationTechnology
天壕环境,Utilities
兆日科技,InformationTechnology
津膜科技,Utilities
迪森股份,Utilities
新文化,InformationTechnology
银邦股份,Materials
开元股份,InformationTechnology
润和软件,InformationTechnology
科恒股份,InformationTechnology
麦迪电气,Industry
天银机电,Consumer
联创互联,InformationTechnology
太空智造,Industry
红宇新材,Industry
南大光电,InformationTechnology
泰格医药,MedicalHealth
长亮科技,InformationTechnology
金卡智能,Industry
华鹏飞,Industry
永贵电器,Industry
北信源,InformationTechnology
东土科技,Telecom
东华测试,Industry
蒙草生态,Industry
光一科技,Utilities
我武生物,MedicalHealth
楚天科技,MedicalHealth
全通教育,InformationTechnology
炬华科技,Utilities
天翔环境,Industry
博腾股份,MedicalHealth
中文在线,InformationTechnology
恒华科技,InformationTechnology
创意信息,InformationTechnology
东方网力,InformationTechnology
汇金股份,InformationTechnology
绿盟科技,InformationTechnology
安控科技,Industry
汇中股份,Industry
扬杰科技,InformationTechnology
恒通科技,Industry
鹏翎股份,Industry
易事特,Utilities
赢时胜,InformationTechnology
鼎捷软件,InformationTechnology
东方通,InformationTechnology
安硕信息,InformationTechnology
溢多利,MedicalHealth
斯莱克,Industry
光环新网,Telecom
三联虹普,Materials
雪浪环境,Industry
飞天诚信,InformationTechnology
富邦股份,Materials
国祯环保,Utilities
艾比森,InformationTechnology
天华超净,InformationTechnology
康跃科技,Industry
腾信股份,InformationTechnology
中来股份,Utilities
天孚通信,Telecom
菲利华,Materials
迪瑞医疗,MedicalHealth
天和防务,Industry
飞凯材料,Materials
京天利,InformationTechnology
劲拓股份,Industry
花园生物,MedicalHealth
宝色股份,Industry
地尔汉宇,Consumer
博济医药,MedicalHealth
科隆股份,Materials
九强生物,MedicalHealth
凯发电气,Utilities
三环集团,InformationTechnology
道氏技术,Materials
正业科技,Industry
金盾股份,Industry
迦南科技,MedicalHealth
芒果超媒,Financial
中光防雷,Telecom
伊之密,Industry
苏试试验,Industry
南华仪器,Industry
昆仑万维,InformationTechnology
浩丰科技,InformationTechnology
五洋停车,Industry
力星股份,Industry
博世科,Utilities
鲁亿通,Utilities
航新科技,Industry
环能科技,Utilities
唐德影视,InformationTechnology
红相股份,Utilities
四通新材,Materials
强力新材,Materials
诚益通,Industry
暴风集团,InformationTechnology
富临精工,Industry
蓝思科技,InformationTechnology
金石东方,MedicalHealth
中泰股份,Industry
广生堂,MedicalHealth
清水源,Materials
鹏辉能源,InformationTechnology
美康生物,MedicalHealth
运达科技,InformationTechnology
鲍斯股份,Industry
普丽盛,Industry
金雷风电,Utilities
双杰电气,Utilities
康斯特,Industry
乐凯新材,Materials
全信股份,Utilities
浩云科技,InformationTechnology
汉邦高科,InformationTechnology
先导智能,Industry
创业软件,InformationTechnology
山河药辅,MedicalHealth
三鑫医疗,MedicalHealth
深信服,InformationTechnology
康拓红外,InformationTechnology
耐威科技,Industry
赢合科技,Industry
全志科技,InformationTechnology
金科文化,InformationTechnology
惠伦晶体,InformationTechnology
田中精机,Industry
华铭智能,InformationTechnology
迈克生物,MedicalHealth
星徽精密,Industry
高伟达,InformationTechnology
赛摩电气,Utilities
迅游科技,InformationTechnology
四方精创,InformationTechnology
信息发展,InformationTechnology
日机密封,Industry
厚普股份,Industry
新元科技,Industry
德尔股份,Industry
景嘉微,Industry
聚隆科技,Consumer
胜宏科技,InformationTechnology
合纵科技,Utilities
杭州高新,Materials
神思电子,InformationTechnology
光力科技,Industry
濮阳惠成,Materials
万孚生物,MedicalHealth
沃施股份,Industry
蓝海华腾,Utilities
赛升药业,MedicalHealth
东杰智能,Industry
蓝晓科技,Materials
恒锋工具,Industry
中飞股份,Materials
华自科技,Utilities
通合科技,Utilities
山鼎设计,Industry
润欣科技,InformationTechnology
盛天网络,InformationTechnology
美尚生态,Industry
中科创达,InformationTechnology
富祥股份,MedicalHealth
温氏股份,MedicalHealth
高澜股份,Industry
启迪设计,Industry
海顺新材,Consumer
新易盛,Telecom
昊志机电,Industry
天邑股份,Telecom
川金诺,Materials
名家汇,Industry
苏奥传感,Industry
维宏股份,InformationTechnology
新美星,Industry
金冠电气,Utilities
雪榕生物,MedicalHealth
中亚股份,Industry
恒泰实达,InformationTechnology
友讯达,Utilities
三德科技,Industry
久之洋,InformationTechnology
海波重科,Industry
盛讯达,InformationTechnology
新光药业,MedicalHealth
科大国创,InformationTechnology
爱司凯,Industry
世名科技,Materials
辰安科技,InformationTechnology
博思软件,InformationTechnology
中潜股份,Consumer
中国应急,Industry
幸福蓝海,InformationTechnology
健帆生物,MedicalHealth
达志科技,Materials
优博讯,Telecom
今天国际,InformationTechnology
冰川网络,InformationTechnology
陇神戎发,MedicalHealth
达威股份,Materials
农尚环境,Industry
广信材料,Materials
同益股份,Materials
横河模具,Materials
深冷股份,Industry
先进数通,InformationTechnology
新晨科技,InformationTechnology
朗科智能,InformationTechnology
联得装备,InformationTechnology
雄帝科技,InformationTechnology
川环科技,Industry
博创科技,Telecom
优德精密,Industry
和仁科技,InformationTechnology
古鳌科技,Industry
万集科技,InformationTechnology
集智股份,Industry
三超新材,Industry
路通视信,Telecom
丝路视觉,InformationTechnology
理工光科,Industry
贝达药业,MedicalHealth
佳发教育,InformationTechnology
中富通,Telecom
汇金科技,InformationTechnology
乐心医疗,MedicalHealth
神宇股份,Telecom
科信技术,Telecom
激智科技,InformationTechnology
精测电子,Industry
星源材质,Materials
天能重工,Utilities
太辰光,Telecom
平治信息,Telecom
安车检测,Industry
兴齐眼药,MedicalHealth
中旗股份,Materials
容大感光,Materials
开润股份,Consumer
会畅通讯,Telecom
数字认证,InformationTechnology
贝斯特,Industry
晨曦航空,Industry
英飞特,InformationTechnology
赛托生物,MedicalHealth
海辰药业,MedicalHealth
奥联电子,Industry
美联新材,Materials
天铁股份,Materials
熙菱信息,InformationTechnology
江龙船艇,Industry
移为通信,Telecom
万里马,Consumer
华凯创意,Industry
新雷能,Utilities
欧普康视,MedicalHealth
利安隆,Materials
吉大通信,Telecom
诚迈科技,InformationTechnology
雄塑科技,Industry
瑞特股份,Industry
康泰生物,MedicalHealth
飞荣达,InformationTechnology
立昂技术,Telecom
长川科技,Industry
恒锋信息,InformationTechnology
金太阳,Industry
拓斯达,Industry
思特奇,InformationTechnology
汇纳科技,InformationTechnology
晨化股份,Materials
美力科技,Industry
宣亚国际,InformationTechnology
富瀚微,InformationTechnology
欣天科技,Telecom
尚品宅配,Consumer
安靠智电,Utilities
寒锐钴业,Materials
金银河,Industry
光库科技,Telecom
维业股份,Industry
博士眼镜,Financial
捷捷微电,InformationTechnology
万兴科技,InformationTechnology
三雄极光,InformationTechnology
华瑞股份,Utilities
华测导航,InformationTechnology
亿联网络,Telecom
新劲刚,Industry
普利制药,MedicalHealth
久吾高科,Utilities
光莆股份,InformationTechnology
开立医疗,MedicalHealth
彩讯股份,InformationTechnology
达安股份,Industry
同和药业,MedicalHealth
扬帆新材,Materials
广和通,Telecom
凯普生物,MedicalHealth
德艺文创,Consumer
正丹股份,Materials
透景生命,MedicalHealth
万通智控,Industry
南京聚隆,Materials
正元智慧,InformationTechnology
超频三,InformationTechnology
星云股份,Industry
杭州园林,Industry
太龙照明,InformationTechnology
金陵体育,Consumer
雷迪克,Industry
正海生物,MedicalHealth
世纪天鸿,InformationTechnology
晶瑞股份,Materials
民德电子,InformationTechnology
弘信电子,InformationTechnology
延江股份,Consumer
中孚信息,InformationTechnology
江苏雷利,Utilities
圣邦股份,InformationTechnology
科锐国际,Consumer
科蓝软件,InformationTechnology
鹏鹞环保,Utilities
飞鹿股份,Materials
江丰电子,Materials
必创科技,Industry
杰恩设计,Industry
沪宁股份,Industry
大烨智能,Utilities
富满电子,InformationTechnology
国科微,InformationTechnology
佩蒂股份,MedicalHealth
建科院,Industry
华大基因,MedicalHealth
英科医疗,MedicalHealth
中科信息,InformationTechnology
电连技术,InformationTechnology
隆盛科技,Industry
英搏尔,Industry
朗新科技,InformationTechnology
海特生物,MedicalHealth
中石科技,Materials
艾德生物,MedicalHealth
智动力,InformationTechnology
赛意信息,InformationTechnology
创业黑马,Utilities
澄天伟业,Telecom
双一科技,Materials
联合光电,InformationTechnology
中环环保,Utilities
盛弘股份,Utilities
兆丰股份,Industry
爱乐达,Industry
电工合金,Materials
万马科技,Telecom
光威复材,Materials
岱勒新材,Industry
森霸传感,InformationTechnology
天宇股份,MedicalHealth
创源文化,Consumer
九典制药,MedicalHealth
阿石创,Materials
威唐工业,Industry
聚灿光电,InformationTechnology
精研科技,InformationTechnology
万隆光电,Telecom
广哈通信,Telecom
永福股份,Industry
英可瑞,Utilities
凯伦股份,Industry
国立科技,Materials
华信新材,Materials
长盛轴承,Industry
安达维尔,Industry
海川智能,Industry
怡达股份,Materials
新余国科,Industry
一品红,MedicalHealth
捷佳伟创,Industry
药石科技,MedicalHealth
宏达电子,InformationTechnology
润禾材料,Materials
乐歌股份,Consumer
科创信息,InformationTechnology
科创新源,Materials
设研院,Industry
西菱动力,Industry
光弘科技,InformationTechnology
百华悦邦,InformationTechnology
科顺股份,Industry
奥飞数据,InformationTechnology
明阳电路,InformationTechnology
御家汇,Materials
华宝股份,Consumer
越博动力,Industry
天地数码,Materials
欣锐科技,Utilities
汉嘉设计,Industry
锐科激光,InformationTechnology
宁德时代,Utilities
浦发银行,Financial
白云机场,Industry
东风汽车,Industry
中国国贸,RealEstate
首创股份,Utilities
上海机场,Industry
包钢股份,Materials
华能国际,Utilities
皖通高速,Industry
华夏银行,Financial
民生银行,Financial
日照港,Industry
上港集团,Industry
宝钢股份,Materials
中原高速,Industry
上海电力,Utilities
山东钢铁,Materials
浙能电力,Utilities
华能水电,Utilities
中远海能,Industry
华电国际,Utilities
中国石化,Materials
南方航空,Industry
中信证券,Financial
三一重工,Industry
福建高速,Industry
楚天高速,Industry
招商银行,Financial
歌华有线,InformationTechnology
中直股份,Industry
四川路桥,Industry
保利地产,RealEstate
中国联通,Telecom
宁波联合,Utilities
浙江广厦,RealEstate
九鼎投资,Financial
黄山旅游,Consumer
万东医疗,MedicalHealth
中国医药,MedicalHealth
厦门象屿,Industry
五矿发展,Financial
古越龙山,Consumer
海信电器,Consumer
国投资本,Financial
华润双鹤,MedicalHealth
皖维高新,Materials
南京高科,RealEstate
宇通客车,Industry
冠城大通,RealEstate
葛洲坝,Industry
银鸽投资,Consumer
浙江富润,Utilities
凤凰光学,InformationTechnology
中船科技,Industry
上海梅林,Consumer
*ST保千,InformationTechnology
新疆天业,Materials
康欣新材,Consumer
宋都股份,RealEstate
澄星股份,Materials
人福医药,MedicalHealth
金花股份,MedicalHealth
东风科技,Industry
海泰发展,Utilities
博信股份,Utilities
中葡股份,Consumer
同仁堂,MedicalHealth
东方金钰,Consumer
中视传媒,InformationTechnology
特变电工,Utilities
同济堂,MedicalHealth
ST明科,Materials
易见股份,Financial
大名城,RealEstate
哈高科,RealEstate
云天化,Materials
开创国际,MedicalHealth
广州发展,Utilities
林海股份,Industry
同方股份,InformationTechnology
明星电力,Utilities
青山纸业,Consumer
上汽集团,Industry
永鼎股份,Telecom
重庆路桥,Industry
美尔雅,Consumer
亚盛集团,MedicalHealth
国金证券,Financial
诺德股份,InformationTechnology
北方稀土,Materials
天成控股,Utilities
浙江东日,Financial
东睦股份,Materials
东方航空,Industry
三峡水利,Utilities
西宁特钢,Materials
中国卫星,Industry
长江投资,Industry
浙江东方,Financial
郑州煤电,Materials
宏图高科,Financial
兰花科创,Materials
铁龙物流,Industry
杭钢股份,Materials
金健米业,MedicalHealth
弘业股份,Utilities
太极集团,MedicalHealth
波导股份,Telecom
岷江水电,Utilities
重庆啤酒,Consumer
东湖高新,Industry
乐凯胶片,Consumer
当代明诚,InformationTechnology
浪莎股份,Consumer
中青旅,Consumer
西部资源,Utilities
兴发集团,Materials
金发科技,Materials
*ST新亿,Industry
商赢环球,Consumer
长春一东,Industry
ST坊展,Utilities
*ST船舶,Industry
航天机电,Utilities
维科技术,InformationTechnology
建发股份,Industry
华创阳安,Financial
华升股份,Consumer
永泰能源,Materials
中体产业,InformationTechnology
大龙地产,RealEstate
巨化股份,Materials
天坛生物,MedicalHealth
香江控股,RealEstate
中闽能源,Utilities
新日恒力,Industry
福田汽车,Industry
联美控股,Utilities
武汉控股,Utilities
太原重工,Industry
上海建工,Industry
上海贝岭,InformationTechnology
黄河旋风,Industry
卧龙地产,RealEstate
美都能源,Utilities
中国巨石,Materials
雅戈尔,RealEstate
东安动力,Industry
安通控股,Industry
瑞茂通,Industry
S佳通,Materials
生益科技,InformationTechnology
光电股份,Industry
格力地产,RealEstate
莲花健康,Consumer
国中水务,Utilities
兖州煤业,Materials
吉林森工,MedicalHealth
锦州港,Industry
华资实业,MedicalHealth
长城电工,Utilities
*ST创兴,Industry
中牧股份,MedicalHealth
复星医药,MedicalHealth
伊力特,Consumer
*ST大唐,Telecom
金种子酒,Consumer
江苏吴中,Utilities
生物股份,MedicalHealth
*ST哈空,Utilities
福日电子,InformationTechnology
有研新材,Materials
安彩高科,Utilities
新湖中宝,RealEstate
*ST罗顿,Industry
紫江企业,Consumer
西藏药业,MedicalHealth
江泉实业,Utilities
亚星客车,Industry
长春经开,RealEstate
浙江医药,MedicalHealth
中再资环,Utilities
全柴动力,Industry
南山铝业,Materials
江苏阳光,Consumer
海航控股,Industry
太龙药业,MedicalHealth
鲁商置业,RealEstate
天津松江,RealEstate
瀚叶股份,MedicalHealth
圣济堂,MedicalHealth
ST昌九,Materials
城市传媒,InformationTechnology
沧州大化,Materials
凌钢股份,Materials
金鹰股份,Consumer
圆通速递,Industry
ST山水,Utilities
民丰特纸,Consumer
桂冠电力,Utilities
铜峰电子,InformationTechnology
*ST椰岛,Consumer
云南城投,RealEstate
华业资本,RealEstate
时代万恒,Financial
中昌数据,InformationTechnology
青海华鼎,Industry
万通地产,RealEstate
*ST成城,Financial
延长化建,Industry
两面针,Materials
南纺股份,Financial
冠农股份,MedicalHealth
中恒集团,MedicalHealth
梦舟股份,Materials
广汇能源,Materials
大湖股份,MedicalHealth
首旅酒店,Consumer
广晟有色,Materials
凯乐科技,Telecom
阳光照明,InformationTechnology
北方股份,Industry
ST景谷,MedicalHealth
北京城建,RealEstate
海正药业,MedicalHealth
国电南自,Utilities
赣粤高速,Industry
外运发展,Industry
航天信息,InformationTechnology
开开实业,MedicalHealth
嘉化能源,Materials
ST昌鱼,MedicalHealth
恒瑞医药,MedicalHealth
亿利洁能,Materials
东方创业,Financial
重庆港九,Industry
中央商场,Financial
太化股份,Utilities
南钢股份,Materials
钱江水利,Utilities
浦东建设,Industry
羚锐制药,MedicalHealth
江苏舜天,Financial
大恒科技,InformationTechnology
*ST信通,Telecom
华仪电气,Utilities
西水股份,Financial
远达环保,Utilities
三峡新材,Telecom
鄂尔多斯,Materials
广汇汽车,Industry
安琪酵母,MedicalHealth
安迪苏,Materials
维维股份,Consumer
ST南化,Materials
标准股份,Industry
曙光股份,Industry
恒顺醋业,Consumer
商业城,Financial
酒钢宏兴,Materials
华泰股份,Consumer
万华化学,Materials
桂东电力,Utilities
荣华实业,Materials
平高电气,Utilities
农发种业,MedicalHealth
上海家化,Materials
洪都航空,Industry
营口港,Industry
新力金融,Financial
亚星化学,Materials
振华重工,Industry
*ST正源,Industry
天房发展,RealEstate
瀚蓝环境,Utilities
华发股份,RealEstate
西藏天路,Industry
大东方,Industry
兰太实业,Materials
中新药业,MedicalHealth
天通股份,Materials
宏达股份,Materials
白云山,MedicalHealth
长春燃气,Utilities
国机汽车,Industry
澳柯玛,Consumer
美克家居,Consumer
西藏珠峰,Materials
中油工程,Materials
华夏幸福,RealEstate
航天动力,Industry
长江通信,Telecom
恒力股份,Materials
阳泉煤业,Materials
山东高速,Industry
亚宝药业,MedicalHealth
浙江龙盛,Materials
旭光股份,InformationTechnology
敦煌种业,MedicalHealth
精伦电子,Telecom
恒丰纸业,Consumer
国旅联合,Consumer
新农开发,MedicalHealth
华微电子,InformationTechnology
华联综超,Financial
江西铜业,Materials
联创光电,InformationTechnology
通葡股份,Consumer
宁波韵升,Materials
红星发展,Materials
五洲交通,Industry
西南证券,Financial
三房巷,Consumer
万向德农,MedicalHealth
中航电子,Industry
中文传媒,InformationTechnology
华菱星马,Industry
首开股份,RealEstate
宁沪高速,Industry
天科股份,Materials
宝光股份,Utilities
健康元,MedicalHealth
青海春天,Consumer
广东明珠,Utilities
金地集团,RealEstate
山东金泰,Materials
北巴传媒,InformationTechnology
海越能源,Materials
龙净环保,Industry
江山股份,Materials
五矿资本,Financial
航发科技,Industry
盛和资源,Materials
粤泰股份,RealEstate
盘江股份,Materials
金山股份,Utilities
*ST安煤,Materials
海澜之家,Consumer
*ST抚钢,Materials
红豆股份,Consumer
*ST海润,Utilities
大有能源,Materials
动力源,Utilities
国电南瑞,Utilities
*ST安泰,Materials
三友化工,Materials
华胜天成,InformationTechnology
小商品城,Financial
湘电股份,Utilities
江淮汽车,Industry
天润乳业,Consumer
现代制药,MedicalHealth
ST仰帆,Industry
昆药集团,MedicalHealth
*ST柳化,Materials
青松建化,Industry
华鲁恒升,Materials
中远海特,Industry
三元股份,Consumer
冠豪高新,Consumer
北方导航,Industry
片仔癀,MedicalHealth
通威股份,MedicalHealth
瑞贝卡,Consumer
国机通用,Industry
金证股份,InformationTechnology
华纺股份,Consumer
宁夏建材,Industry
涪陵电力,Utilities
博通股份,InformationTechnology
宝钛股份,Materials
时代新材,Materials
贵研铂业,Materials
士兰微,InformationTechnology
洪城水业,Utilities
九有股份,Telecom
空港股份,RealEstate
蓝光发展,RealEstate
好当家,MedicalHealth
百利电气,Utilities
风神股份,Materials
六国化工,Materials
华光股份,Utilities
湘邮科技,InformationTechnology
杭萧钢构,Industry
科力远,InformationTechnology
千金药业,MedicalHealth
凌云股份,Industry
双良节能,Industry
中国动力,Utilities
福能股份,Utilities
信威集团,Telecom
扬农化工,Materials
亨通光电,Telecom
天药股份,MedicalHealth
中金黄金,Materials
鹏欣资源,Materials
龙元建设,Industry
凤竹纺织,Consumer
晋西车轴,Industry
精工钢构,Industry
驰宏锌锗,Materials
烽火通信,Telecom
科达洁能,Industry
中化国际,Materials
航天晨光,Industry
安徽水利,Industry
华丽家族,RealEstate
西昌电力,Utilities
香梨股份,MedicalHealth
方大特钢,Materials
上海能源,Materials
天富能源,Utilities
黑牡丹,Consumer
国药股份,MedicalHealth
腾达建设,Industry
联环药业,MedicalHealth
海航基础,RealEstate
方大炭素,Materials
置信电气,Utilities
康美药业,MedicalHealth
贵州茅台,Consumer
文一科技,Industry
华海药业,MedicalHealth
中天科技,Telecom
贵航股份,Industry
长园集团,Utilities
菲达环保,Industry
江南高纤,Materials
中铁工业,Industry
山东药玻,MedicalHealth
交大昂立,MedicalHealth
豫光金铅,Materials
宏达矿业,Materials
栖霞建设,RealEstate
天士力,MedicalHealth
中国软件,InformationTechnology
亿晶光电,Utilities
国发股份,MedicalHealth
*ST狮头,Consumer
新赛股份,MedicalHealth
莫高股份,Consumer
卓郎智能,Industry
山煤国际,Materials
山东黄金,Materials
深高速,Industry
厦门钨业,Materials
保变电气,Utilities
时代出版,InformationTechnology
凯盛科技,InformationTechnology
海航创新,Consumer
ST慧球,Utilities
康缘药业,MedicalHealth
大西洋,Industry
老白干酒,Consumer
金自天正,Industry
江西长运,Industry
国睿科技,Industry
法拉电子,InformationTechnology
迪马股份,RealEstate
济川药业,MedicalHealth
山鹰纸业,Consumer
中珠医疗,MedicalHealth
安阳钢铁,Materials
恒生电子,InformationTechnology
信雅达,InformationTechnology
康恩贝,MedicalHealth
惠泉啤酒,Consumer
皖江物流,Industry
祥源文化,InformationTechnology
精达股份,Industry
京能电力,Utilities
天华院,Industry
卧龙电气,Utilities
八一钢铁,Materials
天地科技,Industry
海油工程,Materials
长电科技,InformationTechnology
海螺水泥,Industry
金晶科技,Industry
新华医疗,MedicalHealth
用友网络,InformationTechnology
广东榕泰,Materials
泰豪科技,Utilities
龙溪股份,Industry
大连圣亚,Consumer
益佰制药,MedicalHealth
中孚实业,Materials
新安股份,Materials
光明乳业,Consumer
北大荒,MedicalHealth
熊猫金控,Financial
青岛啤酒,Consumer
方正科技,InformationTechnology
云赛智联,InformationTechnology
广汇物流,Utilities
市北高新,RealEstate
汇通能源,Financial
绿地控股,RealEstate
ST沪科,Financial
金杯汽车,Industry
*ST毅达,Industry
大众交通,Industry
老凤祥,Consumer
神奇制药,MedicalHealth
鹏起科技,Materials
丰华股份,Materials
金枫酒业,Consumer
国新能源,Utilities
氯碱化工,Materials
海立股份,Consumer
天宸股份,Utilities
华鑫股份,RealEstate
光大嘉宝,RealEstate
华谊集团,Materials
复旦复华,Utilities
申达股份,Financial
新世界,Financial
华建集团,Industry
龙头股份,Consumer
浙数文化,InformationTechnology
*ST富控,InformationTechnology
大众公用,Utilities
三爱富,Materials
东方明珠,InformationTechnology
新黄浦,RealEstate
浦东金桥,RealEstate
号百控股,InformationTechnology
万业企业,RealEstate
申能股份,Utilities
爱建集团,Financial
乐山电力,Utilities
中源协和,MedicalHealth
同达创业,RealEstate
外高桥,RealEstate
城投控股,RealEstate
锦江投资,Industry
飞乐音响,InformationTechnology
游久游戏,InformationTechnology
申华控股,Industry
ST中安,InformationTechnology
豫园股份,Financial
信达地产,RealEstate
电子城,RealEstate
福耀玻璃,Industry
新南洋,InformationTechnology
强生控股,Industry
陆家嘴,RealEstate
哈药股份,MedicalHealth
天地源,RealEstate
奥瑞德,InformationTechnology
太极实业,InformationTechnology
尖峰集团,Industry
天目药业,MedicalHealth
东阳光科,Materials
川投能源,Utilities
中华企业,RealEstate
交运股份,Industry
航天通信,Industry
四川金顶,Industry
上海凤凰,Industry
*ST上普,Telecom
百川能源,Utilities
南京新百,Financial
京投发展,RealEstate
珠江实业,RealEstate
中船防务,Industry
金龙汽车,Industry
刚泰控股,Materials
上海石化,Materials
上海三毛,Consumer
青岛海尔,Consumer
阳煤化工,Materials
亚通股份,RealEstate
东百集团,Financial
大商股份,Financial
绿庭投资,Financial
ST岩石,RealEstate
欧亚集团,Financial
湖南天雁,Industry
均胜电子,Industry
*ST工新,InformationTechnology
舍得酒业,Consumer
三安光电,InformationTechnology
物产中大,Utilities
中航资本,Financial
曲江文旅,Consumer
彩虹股份,InformationTechnology
光明地产,RealEstate
苏美达,Financial
盛屯矿业,Materials
南宁百货,Financial
南京医药,MedicalHealth
金瑞矿业,Materials
文投控股,InformationTechnology
凤凰股份,RealEstate
天津港,Industry
东软集团,InformationTechnology
大连热电,Utilities
祁连山,Industry
百花村,MedicalHealth
金牛化工,Materials
首商股份,Financial
宁波富达,RealEstate
ST云维,Materials
华电能源,Utilities
鲁北化工,Materials
佳都科技,InformationTechnology
重庆百货,Financial
中国高科,Utilities
湖南海利,Materials
ST新梅,RealEstate
SST前锋,Industry
实达集团,Telecom
新华锦,Financial
苏州高新,RealEstate
中粮糖业,MedicalHealth
兰州民百,Financial
辽宁成大,Financial
山西焦化,Materials
华域汽车,Industry
一汽富维,Industry
华远地产,RealEstate
华银电力,Utilities
闻泰科技,InformationTechnology
江苏索普,Materials
ST大控,Utilities
上实发展,RealEstate
*ST藏旅,Consumer
江中药业,MedicalHealth
海航科技,InformationTechnology
东方银星,Financial
锦江股份,Consumer
厦门国贸,Financial
浪潮软件,InformationTechnology
长江传媒,InformationTechnology
红阳能源,Materials
洲际油气,Materials
中航沈飞,Industry
安徽合力,Industry
通策医疗,MedicalHealth
中国海防,Industry
中航重机,Industry
园城黄金,Materials
ST运盛,MedicalHealth
宁波富邦,Materials
祥龙电业,Industry
综艺股份,Utilities
广誉远,MedicalHealth
西藏城投,RealEstate
汉商集团,Financial
南京熊猫,Telecom
东方通信,Telecom
新潮能源,Materials
*ST友好,Financial
水井坊,Consumer
通宝能源,Utilities
辅仁药业,MedicalHealth
新钢股份,Materials
鲁信创投,Financial
鲁银投资,Utilities
新华百货,Financial
中储股份,Industry
鲁抗医药,MedicalHealth
轻纺城,Financial
京能置业,RealEstate
云煤能源,Materials
宜宾纸业,Consumer
保税科技,Industry
国电电力,Utilities
钱江生化,MedicalHealth
浙大网新,InformationTechnology
宁波海运,Industry
天津磁卡,InformationTechnology
华新水泥,Industry
福建水泥,Industry
新奥股份,Utilities
鹏博士,Telecom
悦达投资,Utilities
*ST天业,RealEstate
XD马钢股,Materials
山西汾酒,Consumer
神马股份,Materials
东方集团,Utilities
华北制药,MedicalHealth
杭州解百,Financial
厦工股份,Industry
安信信托,Financial
ST宏盛,Utilities
中路股份,Utilities
耀皮玻璃,Industry
隧道股份,Industry
津劝业,Financial
上海物贸,Financial
世茂股份,RealEstate
益民集团,Financial
新华传媒,InformationTechnology
兰生股份,Financial
百联股份,Financial
茂业商业,Financial
人民同泰,MedicalHealth
香溢融通,Financial
广电网络,InformationTechnology
第一医药,MedicalHealth
申通地铁,Industry
上海机电,Industry
界龙实业,Consumer
海通证券,Financial
上海九百,Financial
四川长虹,Consumer
上柴股份,Industry
上工申贝,Industry
丹化科技,Materials
宝信软件,InformationTechnology
同济科技,Industry
万里股份,Utilities
上海临港,RealEstate
华东电脑,InformationTechnology
海欣股份,MedicalHealth
龙建股份,Industry
春兰股份,Consumer
航天长峰,InformationTechnology
中天能源,Utilities
宁波中百,Financial
银座股份,Financial
王府井,Financial
京城股份,Industry
北京城乡,Financial
中航高科,Industry
内蒙华电,Utilities
哈投股份,Financial
百大集团,Financial
星湖科技,Consumer
通化东宝,MedicalHealth
梅雁吉祥,Utilities
智慧能源,Utilities
*ST厦华,Consumer
*ST油服,Materials
中炬高新,Consumer
梅花生物,MedicalHealth
创业环保,Utilities
东方电气,Utilities
洛阳玻璃,Industry
ST嘉陵,Industry
航天电子,Industry
博瑞传播,InformationTechnology
亚泰集团,Industry
广泽股份,Consumer
博闻科技,InformationTechnology
杉杉股份,InformationTechnology
宏发股份,Utilities
国投电力,Utilities
伊利股份,Consumer
新疆众和,Materials
南京化纤,Materials
中房股份,RealEstate
秋林集团,Consumer
大晟文化,InformationTechnology
航发动力,Industry
广日股份,Industry
张江高科,RealEstate
*ST海投,MedicalHealth
厦门空港,Industry
国美通讯,Financial
长江电力,Utilities
江苏租赁,Financial
贵州燃气,Utilities
无锡银行,Financial
华安证券,Financial
重庆燃气,Utilities
江苏银行,Financial
杭州银行,Financial
湖南盐业,Materials
爱柯迪,Industry
广西广电,InformationTechnology
重庆建工,Industry
东方证券,Financial
江苏有线,InformationTechnology
渤海汽车,Industry
株冶集团,Materials
国投中鲁,MedicalHealth
岳阳林纸,Consumer
福成股份,MedicalHealth
博汇纸业,Consumer
内蒙一机,Industry
郴电国际,Utilities
中材国际,Industry
恒源煤电,Materials
宝胜股份,Utilities
新五丰,MedicalHealth
健民集团,MedicalHealth
中国电影,InformationTechnology
宜华生活,Consumer
广安爱众,Utilities
北矿科技,Materials
汇鸿集团,Financial
宁波热电,Utilities
惠而浦,Consumer
建设机械,Industry
雷鸣科化,Materials
科达股份,InformationTechnology
航民股份,Consumer
赤峰黄金,Materials
四创电子,Industry
贵绳股份,Industry
马应龙,MedicalHealth
文山电力,Utilities
贵广网络,InformationTechnology
开滦股份,Materials
九州通,MedicalHealth
招商证券,Financial
唐山港,Industry
大同煤业,Materials
晋亿实业,Industry
柳钢股份,Materials
重庆钢铁,Materials
大秦铁路,Industry
金陵饭店,Consumer
连云港,Industry
南京银行,Financial
文峰股份,Financial
宝泰隆,Materials
隆基股份,Utilities
陕西黑猫,Materials
节能风电,Utilities
宁波港,Industry
山东出版,InformationTechnology
华钰矿业,Materials
春秋航空,Industry
玉龙股份,Industry
一拖股份,Industry
赛轮金宇,Materials
中信建投,Financial
西部黄金,Materials
国芳集团,Financial
中国神华,Materials
中南传媒,InformationTechnology
太平洋,Financial
恒立液压,Industry
昊华能源,Materials
中国一重,Industry
四川成渝,Industry
财通证券,Financial
中国国航,Industry
华鼎股份,Materials
三江购物,Financial
中国化学,Industry
海南橡胶,MedicalHealth
四方股份,Utilities
小康股份,Industry
常熟银行,Financial
博威合金,Materials
工业富联,InformationTechnology
深圳燃气,Utilities
新城控股,RealEstate
重庆水务,Utilities
三角轮胎,Materials
兴业银行,Financial
西部矿业,Materials
北京银行,Financial
杭齿前进,Industry
中国西电,Utilities
中国铁建,Industry
龙江交通,Industry
东兴证券,Financial
江南水务,Utilities
上海环境,Utilities
东材科技,Materials
国泰君安,Financial
白银有色,Materials
君正集团,Materials
吉鑫科技,Utilities
林洋能源,Utilities
陕西煤业,Materials
华电重工,Industry
广州港,Industry
上海银行,Financial
环旭电子,InformationTechnology
桐昆股份,Materials
广汽集团,Industry
庞大集团,Industry
农业银行,Financial
骆驼股份,Industry
中国平安,Financial
秦港股份,Industry
交通银行,Financial
绿色动力,Utilities
广深铁路,Industry
新华保险,Financial
百隆东方,Consumer
三六零,InformationTechnology
利群股份,Financial
绿城水务,Utilities
陕鼓动力,Industry
中原证券,Financial
兴业证券,Financial
怡球资源,Materials
中国中铁,Industry
工商银行,Financial
通用股份,Materials
东风股份,Consumer
吉林高速,Industry
大智慧,InformationTechnology
东吴证券,Financial
ST锐电,Utilities
九牧王,Consumer
三星医疗,Utilities
会稽山,Consumer
北辰实业,RealEstate
上海电影,InformationTechnology
鹿港文化,Consumer
中国铝业,Materials
中国太保,Financial
长城军工,Industry
上海医药,MedicalHealth
中信重工,Industry
中国核建,Industry
广电电气,Utilities
中国中冶,Industry
嘉泽新能,Utilities
中国人寿,Financial
长城汽车,Industry
旗滨集团,Industry
平煤股份,Materials
中国建筑,Industry
中国电建,Industry
明泰铝业,Materials
滨化股份,Materials
华泰证券,Financial
拓普集团,Industry
潞安环能,Materials
风范股份,Utilities
郑煤机,Industry
XD际华集,Consumer
上海电气,Utilities
中国中车,Industry
力帆股份,Industry
光大证券,Financial
宁波建工,Industry
*ST蓝科,Industry
星宇股份,Industry
中国交建,Industry
皖新传媒,InformationTechnology
中海油服,Materials
新华文轩,InformationTechnology
光大银行,Financial
美凯龙,Financial
成都银行,Financial
中国石油,Materials
中国科传,InformationTechnology
中远海发,Industry
长飞光纤,Telecom
招商轮船,Industry
正泰电器,Utilities
XD浙商证,Financial
大连港,Industry
中国银河,Financial
海天精工,Industry
江河集团,Industry
中国国旅,Consumer
亚星锚链,Industry
中煤能源,Materials
紫金矿业,Materials
南方传媒,InformationTechnology
方正证券,Financial
京运通,Utilities
新集能源,Materials
中远海控,Industry
凤凰传媒,InformationTechnology
吉视传媒,InformationTechnology
永辉超市,Financial
建设银行,Financial
中国出版,InformationTechnology
苏垦农发,MedicalHealth
金钼股份,Materials
中国汽研,Industry
玲珑轮胎,Materials
宝钢包装,Consumer
海南矿业,Materials
中国核电,Utilities
中国银行,Financial
中国重工,Industry
南京证券,Financial
大唐发电,Utilities
金隅集团,Utilities
丰林集团,Consumer
贵阳银行,Financial
中信银行,Financial
出版传媒,InformationTechnology
人民网,InformationTechnology
奥康国际,Consumer
宏昌电子,Materials
龙宇燃油,Materials
晶方科技,InformationTechnology
联明股份,Industry
花王股份,Industry
喜临门,Consumer
北特科技,Industry
万盛股份,Materials
合锻智能,Industry
创力集团,Industry
亚普股份,Industry
弘讯科技,Utilities
新宏泰,Utilities
中衡设计,Industry
中设集团,Industry
中科曙光,InformationTechnology
爱普股份,Consumer
山东华鹏,Consumer
新通联,Consumer
威帝股份,Industry
大豪科技,Utilities
石大胜华,Materials
千禾味业,Consumer
赛福天,Industry
天鹅股份,Industry
全筑股份,Industry
安德利,Consumer
德新交运,Industry
三维股份,Materials
常熟汽饰,Industry
如通股份,Industry
凯众股份,Industry
华立股份,Industry
泛微网络,InformationTechnology
新坐标,Industry
美思德,Materials
华脉科技,Telecom
广州酒家,Consumer
福达合金,Materials
科林电气,Utilities
台华新材,Materials
德邦股份,Industry
永吉股份,Consumer
倍加洁,Consumer
国检集团,Utilities
禾望电气,Utilities
音飞储存,Industry
振华股份,Materials
海汽集团,Industry
乐惠国际,Industry
和邦生物,Materials
江化微,Materials
圣达生物,MedicalHealth
新疆火炬,Utilities
大丰实业,Industry
剑桥科技,Telecom
天成自控,Industry
先达股份,Materials
宁波精达,Industry
正裕工业,Industry
宏盛股份,Industry
新经典,InformationTechnology
森特股份,Industry
长白山,Consumer
川仪股份,Utilities
汇嘉时代,Financial
横店影视,InformationTechnology
芯能科技,Utilities
恒银金融,InformationTechnology
润达医疗,MedicalHealth
东方材料,Materials
康尼机电,Industry
金能科技,Materials
红蜻蜓,Consumer
万林股份,Industry
共进股份,Telecom
翠微股份,Financial
中材节能,Utilities
昭衍新药,MedicalHealth
华贸物流,Industry
春风动力,Industry
上海沪工,Industry
碳元科技,Materials
天目湖,Consumer
海量数据,InformationTechnology
康惠制药,MedicalHealth
养元饮品,Consumer
拉夏贝尔,Consumer
腾龙股份,Industry
上海亚虹,Industry
汇顶科技,InformationTechnology
科华控股,Industry
荣晟环保,Consumer
福达股份,Industry
渤海轮渡,Industry
莎普爱思,MedicalHealth
兰石重装,Industry
德创环保,Utilities
圣龙股份,Industry
新泉股份,Industry
金牌厨柜,Consumer
皇马科技,Materials
建研院,Utilities
华正新材,InformationTechnology
ST亚邦,Materials
网达软件,InformationTechnology
日播时尚,Consumer
保隆科技,Industry
迎驾贡酒,Consumer
九华旅游,Consumer
上海洗霸,Utilities
快克股份,Industry
江山欧派,Consumer
爱婴室,Financial
日月股份,Utilities
济民制药,MedicalHealth
恒通股份,Industry
新凤鸣,Materials
菲林格尔,Consumer
雪峰科技,Materials
景旺电子,InformationTechnology
奥翔药业,MedicalHealth
格尔软件,InformationTechnology
大参林,MedicalHealth
诺邦股份,Consumer
浙江仙通,Industry
电魂网络,InformationTechnology
药明康德,MedicalHealth
合盛硅业,Materials
天龙股份,Materials
松发股份,Consumer
海鸥股份,Industry
银都股份,Industry
大业股份,Industry
赛腾股份,Industry
日盈电子,Industry
海天味业,Consumer
泰瑞机器,Industry
杭叉集团,Industry
井神股份,Materials
华铁科技,Financial
振德医疗,MedicalHealth
得邦照明,InformationTechnology
旭升股份,Industry
华懋科技,Industry
应流股份,Industry
维力医疗,MedicalHealth
金海环境,Industry
梦百合,Consumer
福鞍股份,Industry
诚邦股份,Industry
派思股份,Industry
湘油泵,Industry
迪贝电气,Utilities
梅轮电梯,Industry
超讯通信,Telecom
吴江银行,Financial
我乐家居,Consumer
依顿电子,InformationTechnology
上海雅仕,Industry
上海天洋,Materials
百达精工,Industry
明星电缆,Utilities
迪生力,Industry
宏辉果蔬,MedicalHealth
杰克股份,Industry
浙江鼎力,Industry
四方科技,Industry
安井食品,Consumer
文灿股份,Industry
莱克电气,Consumer
华菱精工,Industry
设计总院,Industry
华达科技,Industry
东珠生态,Industry
百傲化学,Materials
傲农生物,MedicalHealth
水星家纺,Consumer
日出东方,Consumer
辰欣药业,MedicalHealth
柳药股份,MedicalHealth
今世缘,Consumer
东方时尚,Industry
亚士创能,Materials
易德龙,InformationTechnology
顶点软件,InformationTechnology
惠达卫浴,Consumer
广东骏亚,InformationTechnology
基蛋生物,MedicalHealth
元成股份,Industry
亚振家居,Consumer
新天然气,Utilities
金辰股份,Utilities
邦宝益智,Consumer
吉翔股份,Materials
信捷电气,Utilities
鼎信通讯,Telecom
集友股份,Consumer
吉比特,InformationTechnology
九洲药业,MedicalHealth
勘设股份,Industry
风语筑,Industry
振静股份,Consumer
科沃斯,Industry
展鹏科技,Utilities
恒为科技,InformationTechnology
翔港科技,Consumer
祥和实业,Industry
韦尔股份,InformationTechnology
金石资源,Materials
南都物业,RealEstate
振江股份,Utilities
思维列控,InformationTechnology
欧普照明,InformationTechnology
淳中科技,InformationTechnology
绝味食品,Consumer
维格娜丝,Consumer
立霸股份,Consumer
司太立,MedicalHealth
众源新材,Materials
多伦科技,Industry
掌阅科技,InformationTechnology
嘉诚国际,Industry
惠发股份,Consumer
美诺华,MedicalHealth
贵人鸟,Consumer
海兴电力,Industry
起步股份,Consumer
健盛集团,Consumer
中通国脉,Telecom
普莱柯,MedicalHealth
珍宝岛,MedicalHealth
伟明环保,Utilities
长久物流,Industry
汇金通,Utilities
三星新材,Consumer
荣泰健康,Consumer
艾艾精工,Materials
苏利股份,Materials
金麒麟,Industry
地素时尚,Consumer
高能环境,Utilities
口子窖,Consumer
东尼电子,InformationTechnology
伯特利,Industry
引力传媒,InformationTechnology
广信股份,Materials
永艺股份,Consumer
再升科技,Materials
纵横通信,Telecom
博天环境,Utilities
珀莱雅,Materials
东方电缆,Utilities
京华激光,Consumer
天创时尚,Consumer
禾丰牧业,MedicalHealth
诺力股份,Industry
索通发展,Materials
茶花股份,Materials
韩建河山,Industry
君禾股份,Industry
杭电股份,Utilities
中曼石油,Materials
科森科技,Industry
清源股份,Utilities
拉芳家化,Materials
徕木股份,InformationTechnology
南威软件,InformationTechnology
镇海股份,Industry
艾迪精密,Industry
海利尔,Materials
畅联股份,Industry
彤程新材,Materials
朗博科技,Industry
泰禾光电,Industry
春光科技,Consumer
安图生物,MedicalHealth
璞泰来,InformationTechnology
苏州科达,InformationTechnology
恒林股份,Consumer
三祥新材,Materials
康隆达,Consumer
亿嘉和,Industry
五洲新春,Industry
天马科技,MedicalHealth
灵康药业,MedicalHealth
卫信康,MedicalHealth
奇精机械,Consumer
火炬电子,InformationTechnology
华体科技,InformationTechnology
今创集团,Industry
晶华新材,Materials
晨丰科技,InformationTechnology
龙马环卫,Industry
石英股份,Materials
皖天然气,Utilities
至纯科技,Industry
江苏新能,Utilities
安记食品,Consumer
航天工程,Industry
纽威股份,Industry
德宏股份,Industry
盛洋科技,Telecom
东方环宇,Utilities
健友股份,MedicalHealth
家家悦,Financial
中源家居,Consumer
香飘飘,Consumer
七一二,Telecom
密尔克卫,Industry
塞力斯,MedicalHealth
天域生态,Industry
海利生物,MedicalHealth
中广天择,InformationTechnology
阿科力,Materials
天安新材,Industry
朗迪集团,Consumer
博迈科,Materials
鸣志电器,Utilities
龙韵股份,InformationTechnology
岱美股份,Industry
仙鹤股份,Consumer
三棵树,Materials
泰晶科技,InformationTechnology
大元泵业,Industry
秦安股份,Industry
隆鑫通用,Industry
中马传动,Industry
常青股份,Industry
沃格光电,InformationTechnology
永安行,Industry
来伊份,Consumer
乾景园林,Industry
威龙股份,Consumer
新日股份,Industry
宁波高发,Industry
星光农机,Industry
联泰环保,Utilities
康普顿,Materials
华友钴业,Materials
道森股份,Industry
志邦股份,Consumer
瑞斯康达,Telecom
福斯特,Utilities
歌力思,Consumer
豪能股份,Industry
诚意药业,MedicalHealth
原尚股份,Industry
顾家家居,Consumer
海峡环保,Utilities
曲美家居,Consumer
神力股份,Utilities
嘉澳环保,Materials
百合花,Materials
华扬联众,InformationTechnology
坤彩科技,Materials
柯利达,Industry
洛凯股份,Utilities
欧派家居,Consumer
四通股份,Consumer
安正时尚,Consumer
正平股份,Industry
好太太,Consumer
华荣股份,Industry
东宏股份,Industry
步长制药,MedicalHealth
能科股份,Utilities
中公高科,Industry
白云电器,Utilities
桃李面包,Consumer
飞科电器,Consumer
新智认知,Consumer
嘉友国际,Industry
鼎胜新材,Materials
太平鸟,Consumer
武进不锈,Materials
永悦科技,Materials
南卫股份,MedicalHealth
数据港,InformationTechnology
金域医学,MedicalHealth
老百姓,MedicalHealth
吉祥航空,Industry
元祖股份,Consumer
城地股份,Industry
新华网,InformationTechnology
新澳股份,Consumer
春秋电子,InformationTechnology
天永智能,Industry
寿仙谷,MedicalHealth
长城科技,Utilities
好莱客,Consumer
晨光文具,Consumer
莱绅通灵,Financial
永创智能,Industry
中持股份,Utilities
龙蟠科技,Materials
牧高笛,Consumer
合诚股份,Industry
佳力图,Industry
苏博特,Materials
合力科技,Industry
金桥信息,InformationTechnology
金徽酒,Consumer
世运电路,InformationTechnology
金鸿顺,Industry
铁流股份,Industry
兴业股份,Materials
亚翔集成,Industry
睿能科技,InformationTechnology
博敏电子,InformationTechnology
丽岛新材,Industry
三孚股份,Materials
益丰药房,MedicalHealth
大千生态,Industry
哈森股份,Consumer
百利科技,Industry
克来机电,Industry
大理药业,MedicalHealth
法兰泰克,Industry
醋化股份,Materials
银龙股份,Industry
中农立华,Materials
正川股份,MedicalHealth
国泰集团,Materials
深圳新星,Materials
金诚信,Materials
吉华集团,Materials
恒润股份,Industry
兆易创新,InformationTechnology
康德莱,MedicalHealth
中电电机,Utilities
艾华集团,InformationTechnology
麦迪科技,InformationTechnology
至正股份,Materials
洛阳钼业,Materials
中新科技,InformationTechnology
继峰股份,Industry
方盛制药,MedicalHealth
读者传媒,InformationTechnology
